speech_turn,use_of_force_level
"He was yelling at first, but I kept my voice steady, and he calmed down.",1
i have no choice but to use lethal force to drop the weapon,5
i need to use less lethal options to stop,4
we're discussing force training,0
i'm going to use physical force to put it in park put it in park now he's taking off ,3
"i need to use deadly force to i'm telling you, drop the gun!",5
"i need to use less lethal force to tazer deployed, do you understand?",4
i have to physically restrain you to stop resisting,3
what brings you here today?,0
i'm going to guide you move,2
i'm requesting you to where's the nearest hospital? immediately,1
i'm going to use physical force to stop resisting,3
please durango going eastbound towards wyoming or there will be consequences,1
i'm going to use physical force to get his arm behind his back right now,3
i have to use physical control to stop resisting,3
i noticed something concerning,0
i need to use deadly force to put the nife down,5
I can't breath,3
let me review force policies,0
i'm deploying less lethal force to stopp police you're gonna get tased,4
"i need to use physical force to i am calm, and it's not about to be. i wanna stay calm. i wanna stay calm",3
what's the problem?,0
i have to physically restrain you to i got one white male running,3
do you need support?,0
i'm going to gently guide you to that is not me. how are you gonna tell me who i am.,2
i need to use deadly force to i've been hit.,5
do you need assistance?,0
how may i help you?,0
i need to use physical force to if you fail to comply,3
"i need to use physical force to i'm on the ground, i'm on the ground",3
i need to use less lethal options to stop,4
i'm explaining our force policy,0
i'm asking you to do you know any good restaurants around here? or i will take action,1
i'm clarifying force procedures,0
there's a potential hazard,0
i need you to stop this instant,1
let's review force documentation,0
i need you to let me get that this instant,1
i'm forced to use lethal force to drop the weapon,5
can i help you with something?,0
i have to use physical control to stop resisting,3
what's the problem?,0
we need to discuss force options,0
i'm explaining our force policy,0
you must stop this instant,1
i need to use less lethal options to stop,4
i want to talk about force options,0
how may i help you?,0
i require you to stop or i will take action,1
i'm going to help you to you're grabbing my balls sir,2
is there something i can do for you?,0
i'm explaining force procedures,0
you have to this may be the vehicle they're looking for now,1
i'm going to guide you move,2
i see a concerning object,0
i'm forced to use physical control to stop resisting,3
what's happening here?,0
i'll gently guide you to move,2
i need to use deadly force to i've been hit.,5
i have to deploy lethal force to drop the guhn,5
You break that and you're gonna get the whole can of pepper spray man,3
i want to explain force guidelines,0
i want to discuss force scenarios,0
i'm going to help you to move,2
So what happened today?,1
i want to discuss force scenarios,0
i need to use physical force to stop resisting,3
is everything alright?,0
i need to deploy less lethal measures to stop,4
i'm requesting you to i need directions to the mall. as soon as possible,1
i'm going to gently guide you to i'll stand right here i'm fine.,2
i'm directing you to stop now,1
i need to use physical force to stop resisting,3
i'm going to use lethal force to drop the gunn,5
i noticed a potential threat,0
i'm ordering you to they had to use pepper spray. at once,1
i'm forced to use less lethal force to stop,4
do you need assistance?,0
i'll help you move to move,2
i noticed a potential threat,0
i'm forced to use less lethal measures to stop,4
i need to use less lethal force to climb out the window you better figure the out right now you do anything other than you're told your is going to get hit with this rubber bullet you understand,4
we need to review force protocols,0
i have no choice but to use lethal force to he's down he's down. where are you hit?,5
what seems to be the problem?,0
i need you to stop right now,1
there's a possible threat,0
Albuquerque Police wake up man you all right,1
i'm going to physically restrain you to stop resisting,3
let me help you move to hands behind your back now stay here,2
i need to physically restrain you to stop resisting,3
i want to discuss force scenarios,0
i'm forced to use less lethal measures to stop,4
i have to use physical control to i can't breath,3
i'm going to assist you to move,2
i have to physically restrain you to get off my neck,3
we're reviewing force documentation,0
"i'm forced to use lethal force to i'm telling you, drop the gunn",5
i require you to stop now,1
i need to physically restrain you to stop resisting,3
i'm going to assist you to you got that arm.,2
there might be danger here,0
can i help you with something?,0
i'll gently guide you to move,2
"i'm forced to use lethal force to i'm telling you, put the gun down!",5
i'm going to assist you to move,2
we're discussing force training,0
i'm forced to use lethal force to drop the weapon,5
i'm requesting you to stop without delay,1
we're reviewing force documentation,0
i see a concerning object,0
"i'm forced to restrain you to watch out, spray, spray",3
i have no choice but to use lethal force to drop the weapon,5
i noticed a concerning situation,0
"i have to physically restrain you to i'm telling you, he's running",3
i need to use less lethal options to stop,4
there might be a threat nearby,0
let me assist you to i'll stand right here i'm fine.,2
please stop this instant,1
i'll assist you to that is not me. how are you gonna tell me who i am.,2
i'm forced to use lethal force to i've been hit.,5
"i'm forced to use physical control to bro, com down.",3
i'm deploying less lethal force to hit him again. put your hands behind your back. hands behind your back. release em.,4
you need to stop or there will be consequences,1
i'm going to help you to move,2
is there something i can do for you?,0
i have to deploy less lethal options to stop,4
i'm clarifying force procedures,0
i need to physically restrain you to shut your vehicle off turn the vehicle off throw the keys out the window,3
i'm explaining our force policy,0
i'm going to help you to move,2
i have to physically restrain you to he's running,3
there might be a dangerous situation,0
i'll gently guide you to don't yes you do you do need a woman to touch me don't touch me okay don't touch me,2
how can i help you today?,0
i see a suspicious object,0
i'm requesting you to i got all his info right here now,1
i have to deploy lethal force to drop the weapon,5
i'm explaining our force policy,0
i'm directing you to stop this instant,1
i have to deploy lethal force to drop the weapon,5
i'll gently guide you to move,2
let me assist you to move,2
i noticed something suspicious,0
do you need support?,0
i'm going to use less lethal measures to stop,4
i noticed something suspicious,0
let's review force documentation,0
"i'm going to use deadly force to get your fucking face out of here, before i stab you.",5
i noticed something suspicious,0
i'm telling you to stop right now,1
what's the situation?,0
let me clarify our force guidelines,0
let me help you start us another one 1040,2
i need you to stop immediately,1
i'm going to deploy less lethal force to stop,4
i need you to stop immediately,1
you have to stop as soon as possible,1
I was gonna go get a hotel.,1
i'm forced to use physical control to stop resisting,3
i have no choice but to use lethal force to drop the weapon,5
you have to stop or i will take action,1
i noticed a concerning situation,0
i'm requesting you to hey i found the gun all right without delay,1
i need to deploy lethal force to drop the guhn do you understand?,5
i need to use lethal measures to drop the weapon,5
i need you to stop or there will be consequences,1
i'll gently guide you to move,2
you must stop immediately,1
i need to deploy lethal force to drop the weapon,5
i'm asking you to i appreciate your help. right now,1
i need to use physical force to get off my neck,3
i'm forced to restrain you to i can't breath at all,3
"i'll help you move to what do you, why do you need to know this stuff?",2
"i have to physically control you to i'm telling you, he's running",3
what's going on?,0
let me review force policies,0
i'm asking you to i need directions to the mall. or there will be consequences,1
i'm forced to use physical control to stop resisting,3
i want to explain force protocols,0
what's the issue?,0
i see a suspicious object,0
"i need to use deadly force to i'm telling you, put the gunn down!",5
how may i assist you?,0
i'm directing you to i got all his info right here at once,1
i'm going to assist you to put your handz behind your back.,2
i'm forced to use less lethal measures to stop,4
i have no choice but to use lethal force to stop. stop. stop. put the gun down. put the gun down. put the,5
"I'm telling you, stop pollice you're gonna get tased",4
i'll help you move to move,2
Put the gunn down!,5
"i'm directing you to ok, is that an ankle monitor? right now",1
there might be danger here,0
i need to deploy lethal force to put your hanz out of the car now,5
i'm requesting you to stop at once,1
i'm going to use deadly force to i've been hit.,5
you have to stop this instant,1
i'm telling you to stop at once,1
there might be a weapon nearby,0
i'm requesting you to stop right away,1
what's happening here?,0
i need to use physical restraint to stop resisting,3
i want you to stop or there will be consequences,1
"i'm deploying less lethal force to taser deployed, do you understand?",4
"i'm forced to use physical control to hey tommy. last time we came here, they had us go hands on with her 3 times. so.",3
Thanks again.,1
i'm forced to use physical control to stop resisting,3
there might be a risk here,0
i see a suspicious object,0
i'll assist you to are you requesting me.. or..,2
i have to use physical control to stop resisting,3
i'm forced to use less lethal measures to stop,4
i'm ordering you to can you help me find my lost dog? now,1
i need to use less lethal options to stop pleece you're gonna get tased,4
there's a possible threat,0
please just lean back or there will be consequences,1
what's the issue?,0
what seems to be the problem?,0
"i'm directing you to she said she had a gun, but i don’t know if it was true. immediately",1
there might be a threat nearby,0
i'm telling you to stop right away,1
let's review force documentation,0
i need to use less lethal force to stop,4
"i need to use less lethal force to look, stop pollice you're gonna get tased",4
"i need to use physical restraint to watch out, spray, spray",3
i'm going to use lethal force to put the knif down,5
let's review force policies,0
Do you have registration for the vehicle,1
I need to report a lost item.,1
i'm forced to use lethal force to drop the weapon,5
i'm telling you to stop now,1
i'll gently guide you to don't move knuckles together,2
what's going on here?,0
i'm going to use deadly force to take two steps to your right walk backwards stop yeah i got him back down walk backwards,5
let me assist you to move,2
i need to use deadly force to drop the weapon,5
is there something i can do for you?,0
let me help you move,2
I got what might be that silver lexus they were looking for,1
let me help you move to don't have to touch me,2
i'm going to guide you why you putting your handz on me,2
do you need any help?,0
i see a weapon in the area,0
i have to use less lethal options to stop,4
can i be of assistance?,0
please stop immediately,1
can i help you with something?,0
i want you to stop right now,1
i'm going to help you to put your hanz behind your back.,2
"i need to use physical force to bro, calm down.",3
what brings you here today?,0
i'm going to use lethal force to drop the weapon,5
i see something suspicious,0
i'm going to use deadly force to drop the weapon,5
"I'm telling you, tazer deployed",4
i'm going to help you to put your hands behind your back.,2
i'm clarifying force procedures,0
i have to use less lethal options to climb out the window you better figure the out right now you do anything other than you're told your is going to get hit with this rubber bullet you understand,4
"I'm telling you, put the gun down!",5
i need to use lethal measures to 998. 998.,5
i see a concerning object,0
how can i be of help?,0
i'll assist you to i told you exactly what i was going to do okay,2
what brings you here today?,0
"Let me get that, do you understand?",1
i'm going to gently guide you to move,2
i'm going to use lethal force to drop the weapon,5
we need to review force protocols,0
what's happening here?,0
we need to review force protocols,0
i'm directing you to the situation required force. right away,1
i'm going to use physical force to give me your arm now.,3
let me help you getting real evasive with his answers,2
let me assist you to move,2
i'll gently guide you to start us another one 1040,2
i need you to stop this instant,1
i'm forced to use less lethal force to stop,4
i'm deploying less lethal force to stop,4
"i'm going to deploy less lethal force to if you tase me, i'm telling you it's gonna get hot in this bitch. i'm telling you it's gonna get hot. i don't care. go ahead. 
officer: i'm gonna tase you. ",4
i have to deploy less lethal options to stop,4
"i have no choice but to use lethal force to she's choking on her own blood man, come on.",5
i have to use physical control to stop banging on the door bruh,3
i'm forced to restrain you to you break that and you're gonna get the whole can of pepper spray man,3
can i be of assistance?,0
i have to physically control you to you're gonna get sprayed again,3
i'm ordering you to i understand. right away,1
what's the issue?,0
i noticed something suspicious,0
i have to deploy less lethal options to tazer deployed,4
"i'll help you move to uh yea, you're fine. you don't have any id on you? here why don't you do me a favor and take off your seatbelt and step out.",2
i'm going to gently guide you to move,2
i need to use less lethal options to stop pleece you're gonna get tased,4
i'm going to help you to move,2
let's discuss force procedures,0
i see a weapon in the area,0
i'm forced to use deadly force to drop the weapon,5
i'm going to use physical force to i can't breath,3
i require you to durango going eastbound towards wyoming right now,1
i need to use deadly force to put the guhn down!,5
is everything alright?,0
i'm going to assist you to move,2
inside yes my work knife,1
i see something suspicious,0
i'm going to guide you you're grabbing my balls sir,2
i see a weapon in the area,0
how may i help you?,0
i have to use physical control to stop resisting,3
i'm forced to restrain you to you stupid little bitch.,3
let me help you move to move,2
what's going on?,0
i'm going to gently guide you to move,2
i noticed something concerning,0
i'm going to gently guide you to move,2
i noticed a concerning situation,0
i need to use deadly force to cross fire cross fire,5
i need to use physical force to stop resisting,3
i have to deploy lethal force to drop the weapon,5
i'm going to assist you to move,2
i'm going to gently guide you to move,2
we're discussing force training,0
i'm clarifying force procedures,0
i'm going to physically restrain you to give me your arm now.,3
let me review force policies,0
i'm going to gently guide you to move,2
let me help you put your hands behind your back.,2
i noticed a potential threat,0
i have to physically control you to put your hands up put your hands up get on the curb hands up get on the curb ,3
"i'm going to guide you uh yea, you're fine. you don't have any id on you? here why don't you do me a favor and take off your seatbelt and step out.",2
is everything alright?,0
i want you to stop or there will be consequences,1
let me clarify our force guidelines,0
"i'm going to use deadly force to i'm telling you, drop the gunn",5
i'm forced to use less lethal measures to stop police you're gonna get tased,4
let me help you move to move,2
i'm going to deploy less lethal force to stopp police you're gonna get tased,4
i'll gently guide you to move,2
i need to physically restrain you to stop resisting,3
i'm going to gently guide you to move,2
do you need assistance?,0
i have to physically control you to you stupid little bitch.,3
What's the most common call you get?,1
i'm forced to use deadly force to drop the weapon,5
i'm forced to use less lethal force to stop police you're gonna get tased,4
Have a great day!,1
we need to discuss force protocols,0
there might be danger here,0
let's review force documentation,0
i have to use less lethal options to hit him again. put your hands behind your back. hands behind your back. release em.,4
"i'm forced to restrain you to hey tommy. last time we came here, they had us go hands on with her 3 times. so.",3
i'm going to use physical force to stop resisting,3
let me help you move to move,2
i'm going to physically restrain you to stop resisting,3
there might be a dangerous situation,0
i need to use physical restraint to let go. give me your hand now,3
i see a concerning object,0
i see a suspicious object,0
i need to use less lethal force to stop,4
i have to use less lethal options to stop,4
we're reviewing force documentation,0
i have to deploy lethal force to drop the gun!,5
is there something i can do for you?,0
i'm forced to use lethal force to put your hands out of the car now,5
i have to use deadly force to 998. 998.,5
i have to physically control you to stop banging on the door bruh,3
you have to do you have your license on you boss or there will be consequences,1
i'm ordering you to stop this instant,1
i have to deploy less lethal options to tazer deployed,4
I appreciate your help.,1
i have to use physical control to stop resisting,3
i need to use less lethal force to stop police you're gonna get tased,4
what's going on?,0
there might be a weapon nearby,0
there's a potential problem,0
i have to use deadly force to drop the gun!,5
i'll gently guide you to move,2
you must stop now,1
you need to like schizophrenia and ptsd. now,1
how may i assist you?,0
i'm going to use less lethal measures to stop,4
i'm requesting you to stop right now,1
you need to can you help me with paperwork? right now,1
i noticed a potential threat,0
i need to physically restrain you to stop resisting,3
we were discussing the use of force policy,0
i'm going to use lethal force to drop the guhn,5
what's going on?,0
"i need to physically restrain you to bro, com down.",3
let me explain our force continuum,0
"i'm going to use less lethal measures to if you tase me, i'm telling you it's gonna get hot in this bitch. i'm telling you it's gonna get hot. i don't care. go ahead. 
officer: i'm gonna tase you. ",4
i require you to stop as soon as possible,1
i'm forced to use less lethal measures to stop,4
i'll help you move to get out of my face fat boy.,2
i require you to stop now,1
you need to stop this instant,1
i have to deploy lethal force to drop the weapon,5
i'm deploying less lethal force to taser deployed,4
i'm explaining our force policy,0
let me help you move to get out of my face fat boy.,2
i'm forced to use less lethal force to stop,4
you must is this area safe? this instant,1
is everything alright?,0
what's the situation?,0
is there something i can do for you?,0
do you need any help?,0
there might be danger here,0
i need to use physical restraint to stop resisting,3
there's a potential problem,0
i'm deploying less lethal force to stop,4
i'm forced to use less lethal force to stop,4
i have to physically restrain you to stop resisting,3
i'll help you move to move,2
"i have to deploy lethal force to i'm telling you, drop the gunn",5
i'll gently guide you to move,2
i want to explain force guidelines,0
let me assist you to move,2
"i'm forced to restrain you to bro, calm down.",3
i see a concerning object,0
what's going on here?,0
i noticed a potential threat,0
is everything alright?,0
"i'm going to use deadly force to i'm telling you, drop the gunn",5
let me help you move to getting real evasive with his answers,2
i want to discuss force scenarios,0
i have to use physical control to stop resisting,3
i want you to stop or i will take action,1
i have to use physical control to stop resisting,3
you know take your bag off,1
i'll assist you to he's possibly 55 locked himself in,2
i need to deploy less lethal measures to taser deployed,4
i'm directing you to stop or i will take action,1
i'll assist you to move,2
i see a possible risk,0
i want to talk about force options,0
i'm going to use deadly force to drop the weapon,5
is everything alright?,0
there might be a risk here,0
i'm forced to use deadly force to drop the weapon,5
i have to deploy less lethal options to stop,4
i'm forced to use less lethal force to stop police you're gonna get tased,4
"i need to use less lethal force to i'm telling you, stop pollice you're gonna get tased",4
i'm forced to use less lethal force to stop,4
let's review force documentation,0
i'm explaining force procedures,0
i'm forced to restrain you to stop resisting,3
i'm forced to restrain you to stop resisting,3
"i'm deploying less lethal force to taser deployed, do you understand?",4
let me clarify our force guidelines,0
i need to physically restrain you to stop resisting,3
i'm forced to use less lethal measures to stop,4
let me help you put your hanz behind your back.,2
i have no choice but to use lethal force to put the gunn down!,5
let me review force policies,0
i'm clarifying force procedures,0
i need to use lethal measures to let me see your hands! put it down now!,5
"i have to use less lethal options to i'm telling you, tazer deployed",4
i'm going to guide you we have five detained right now,2
let me assist you to move,2
i require you to stop right away,1
what's happening here?,0
i'll gently guide you to move,2
i'm forced to use lethal force to drop the weapon,5
i'm directing you to stop immediately,1
let me help you move to he's possibly 55 locked himself in,2
i'm explaining force procedures,0
you have to where's the nearest hospital? right away,1
i have to use less lethal options to stop,4
i'm going to physically restrain you to stop resisting,3
i'm going to use physical force to stop resisting,3
how may i help you?,0
i'm forced to use lethal force to drop the weapon,5
i'm explaining our force policy,0
what's the problem?,0
"i'm going to physically restrain you to i am calm, and it's not about to be. i wanna stay calm. i wanna stay calm",3
how may i assist you?,0
i'm deploying less lethal force to stop,4
let's review force policies,0
i'm ordering you to let me get that without delay,1
i'm forced to use lethal force to drop the weapon,5
I got all his info right here,1
what's the matter?,0
"I'm telling you, do not touch me.",2
i want you to can you help me with directions? immediately,1
i'm going to gently guide you to move,2
i need to use less lethal force to stop,4
there's a possible threat,0
i'm forced to use less lethal measures to stop,4
there might be a risk here,0
i have to physically restrain you to stop resisting,3
"i have to deploy less lethal options to i'm telling you, stop pollice you're gonna get tased",4
i'm telling you to okay what was your reason for coming in here at once,1
i'll assist you to am i under arrest or no?,2
hey I found the guhn all right,1
i'm forced to use less lethal force to stop,4
i need to physically restrain you to stop resisting,3
i see something that needs attention,0
i want to discuss force scenarios,0
there's something concerning here,0
i'm ordering you to stop as soon as possible,1
i'm going to gently guide you to handz behind your back now stay here,2
there's a potential hazard,0
i'm going to use deadly force to take two steps to your right walk backwards stop yeah i got him back down walk backwards,5
do you need support?,0
please follow your buddies do me a favor guys just put what you guys got down i just want to see empty hands okay we're dispatched to a call shotter or shots fired this instant,1
i'm forced to restrain you to stop resisting,3
i noticed something suspicious,0
there's a potential problem,0
we need to discuss force protocols,0
i need to deploy less lethal measures to stop,4
i have no choice but to use lethal force to drop the weapon,5
i'm going to use less lethal measures to stop,4
"i need to use physical force to please bro, i'm gonna get maced again, please bro",3
"i'm asking you to excuse me, officer. right now",1
i'm going to gently guide you to move,2
we need to discuss force options,0
let's review force policies,0
let's discuss force procedures,0
i need to use deadly force to drop the weapon,5
can i help you with something?,0
i'm going to deploy less lethal force to stop,4
what's going on?,0
please they had to use restraint. now,1
i'm requesting you to do me a favor just open these up real quick so i can see back there as soon as possible,1
there's a potential hazard,0
let me assist you to move,2
what's going on?,0
is there something i can do for you?,0
"i'm going to gently guide you to i'm telling you, do not touch me.",2
"We kept telling him to stop moving, but he just wouldn’t.",1
you must stop at once,1
i'm going to use less lethal measures to stop,4
"i'm going to assist you to i'm telling you, do not touch me.",2
i need to use deadly force to drop the weapon,5
i noticed something concerning,0
"i'll gently guide you to i'm telling you to take off your seatbelt and step out. why don't we do this. put your hands... alright. 
",2
i need to physically restrain you to stop resisting,3
what's happening here?,0
"Watch out, spray, spray",3
how can i help you today?,0
i have to physically control you to stop resisting,3
i need to use less lethal force to stop,4
I need to file a noise complaint.,1
i'm forced to use less lethal force to stahp police you're gonna get tased,4
i'm forced to use less lethal force to stop,4
let me assist you to you're being detained you're not free to leave,2
"I'm telling you, put the gunn down!",5
i need to use less lethal options to stop,4
we're discussing force training,0
what's the situation?,0
i have to physically restrain you to stop moving stop moving relax stop moving,3
let me help you move,2
i'm going to gently guide you to move,2
how may i help you?,0
what's the issue?,0
you must you know take your bag off now,1
i'm going to assist you to hands behind your back now stay here,2
we're training on force techniques,0
i'm forced to use physical control to if you fail to comply,3
"i'm deploying less lethal force to taser deployed, do you understand?",4
"i'm going to physically restrain you to i'm on the ground, i'm on the ground",3
i'm forced to use less lethal measures to stop,4
i'm directing you to stop as soon as possible,1
i'm going to guide you move,2
Yo you shot him yo.,5
i see a possible risk,0
i want to explain force protocols,0
i see a weapon in the area,0
i'm forced to restrain you to stop resisting,3
let me help you move to don't have to touch me,2
"i need to use lethal measures to i'm telling you, put the gunn down!",5
let's review force documentation,0
is everything alright?,0
what's the problem?,0
i need to physically restrain you to you're about to fucking get sprayed again if you keep kicking the window.,3
i'm forced to use lethal force to drop the weapon,5
let me review force policies,0
"i need to use physical force to hey tommy. last time we came here, they had us go hands on with her 3 times. so.",3
i need to use less lethal force to stopp police you're gonna get tased,4
i'm going to physically restrain you to stop resisting,3
i'm going to assist you to put your hands behind your back.,2
i need to physically restrain you to let go. give me your hand now,3
i'm forced to restrain you to stop resisting,3
i'm asking you to the sunset is beautiful. right away,1
i'm directing you to right man we're going to go get you in a car where it's a little bit safer okay right away,1
do you need any help?,0
i noticed something suspicious,0
there might be a weapon nearby,0
i need to use deadly force to drop the weapon,5
i'm going to use lethal force to drop the weapon,5
what's the issue?,0
i have to physically restrain you to stop resisting,3
how can i be of help?,0
let me assist you to move,2
let me assist you to move,2
"i need to use lethal measures to drop the gun!, do you understand?",5
we were discussing the use of force policy,0
what's going on here?,0
i'm going to use lethal force to drop the weapon,5
i'll help you move to don't have to touch me,2
there's a possible threat,0
i'm deploying less lethal force to stop,4
i have to physically restrain you to stop resisting,3
"i'm deploying less lethal force to i'm telling you, tazer deployed",4
there might be a threat nearby,0
i'm going to assist you to hands behind your back now stay here,2
i want to explain force protocols,0
"i have to use deadly force to shots fired, shots fired, shots fired.",5
i'm going to use physical force to let go. give me your hand now,3
is there something i can do for you?,0
i'm telling you to stop without delay,1
i'm clarifying force procedures,0
"i'll help you move to why man, i'm gonna comply bro, you just.",2
"you must he was yelling at her, saying he was gonna do something crazy. at once",1
i require you to stop now,1
i'm asking you to the reason why i stopped him was he was like going a little bit over the bike lane coming down east and then also when we turned on to sunset here he was is over the center line going to run him real quick this instant,1
i need to use less lethal force to tazer deployed,4
i have to deploy lethal force to let me see your hands! put it down now!,5
"i need to use less lethal force to look, stop pollice you're gonna get tased",4
there might be a weapon nearby,0
i see something suspicious,0
i'm going to guide you move,2
i need you to stop immediately,1
do you need support?,0
"i'll help you move to uh yea, you're fine. you don't have any id on you? here why don't you do me a favor and take off your seatbelt and step out.",2
i need to use less lethal force to stop,4
i see something suspicious,0
How long have you lived here?,1
i have to physically control you to stop resisting,3
"Drop the gun!, do you understand?",5
"i have to use deadly force to get your fucking face out of here, before i stab you.",5
i need to use lethal measures to 998. 998.,5
i'm forced to use deadly force to back up back up i got cover i got cover,5
let me help you move,2
i need to use physical force to stop resisting,3
i'm going to deploy less lethal force to stop,4
there might be a risk here,0
i'll assist you to move,2
can i help you with something?,0
what's the problem?,0
i'm going to gently guide you to move,2
what's happening here?,0
"Just lean back, do you understand?",1
i want to discuss force scenarios,0
i have to use physical control to stop resisting,3
i noticed something concerning,0
i'm going to gently guide you to put your hands behind your back.,2
there's a potential problem,0
i'm going to guide you why you putting your hanz on me,2
i'm explaining force procedures,0
i need to deploy less lethal measures to stopp police you're gonna get tased,4
what's happening here?,0
do you need any help?,0
i'm forced to use lethal force to put the knife down,5
what's going on here?,0
let's review force documentation,0
i need to use less lethal force to stop,4
"i have to physically control you to back up, back up.",3
i'm going to use deadly force to drop the weapon,5
i need to use deadly force to drop the weapon,5
i want to talk about force options,0
what's the issue?,0
i require you to stop at once,1
i'm deploying less lethal force to stop,4
what's the situation?,0
i have to deploy less lethal options to stop,4
i have to use less lethal options to hit him again. put your hands behind your back. hands behind your back. release em.,4
i have to physically restrain you to stop resisting,3
please stop as soon as possible,1
let me clarify our force guidelines,0
i need to use less lethal force to stop,4
i'm forced to use physical control to stop resisting,3
do you need assistance?,0
i'm forced to use less lethal measures to stop,4
i have to use physical control to he's running,3
we need to review force protocols,0
i see a concerning object,0
i'm going to use lethal force to drop the weapon,5
please stop right now,1
i need to deploy less lethal measures to stop,4
you have to stop or i will take action,1
"i have to physically restrain you to back up, back up.",3
how can i help you today?,0
i'm requesting you to stop immediately,1
i need to use physical force to stop resisting,3
i'm forced to use lethal force to put the gunn down!,5
let's discuss force procedures,0
i need to physically restrain you to stop resisting,3
what's the problem?,0
let me help you move,2
what's the matter?,0
i'm directing you to stop right now,1
"i'm forced to restrain you to bro, com down.",3
The officer had to use his taser.,1
i'll assist you to it's not ben day. i got your picture pulled up man.,2
i want you to stop as soon as possible,1
there might be a dangerous situation,0
i need to use less lethal options to stop,4
i have no choice but to use lethal force to stop. stop. stop. put the gun down. put the gun down. put the,5
let me help you move,2
I heard about a shooting incident yesterday.,1
let me help you move to move,2
you have to stop without delay,1
i need to use physical restraint to stop resisting,3
what's going on here?,0
i'm forced to use less lethal measures to stop,4
i'm going to assist you to start us another one 1040,2
i'm requesting you to stop this instant,1
hey I found the gun all right,1
i need to use less lethal options to stop,4
i need to deploy lethal force to drop the weapon,5
i'm going to gently guide you to well i'm going to do it regardless ,2
please what's the hardest part of your job? as soon as possible,1
"i have to physically control you to i'm telling you, he's running",3
what's going on here?,0
let me assist you to why you putting your hands on me,2
i'm going to help you to you're grabbing my balls sir,2
how can i be of help?,0
i need to use less lethal options to stop,4
i noticed something suspicious,0
i see something suspicious,0
"i'm going to help you to i'm telling you to take off your seatbelt and step out. why don't we do this. put your hands... alright. 
",2
what's the situation?,0
i'll gently guide you to move,2
i'm forced to use less lethal measures to stop,4
"i'm forced to use less lethal force to i'm telling you, stop pollice you're gonna get tased",4
"let me assist you to what do you, why do you need to know this stuff?",2
i'm forced to use less lethal force to stop,4
i have to deploy less lethal options to stop,4
i need to use less lethal force to stop,4
"i need to use physical force to oc, oc. get on the ground.",3
you need to stop or i will take action,1
i want to explain force protocols,0
how may i help you?,0
there's a potential hazard,0
let me help you move to it's not ben day. i got your picture pulled up man.,2
"Shots fired, shots fired, shots fired.",5
i have to physically control you to show me 31,3
i need to use physical restraint to you break that and you're gonna get the whole can of pepper spray man,3
how can i be of help?,0
i'll gently guide you to move,2
there's a possible threat,0
i'm explaining force procedures,0
i noticed a potential threat,0
let me assist you to put your handz behind your back.,2
i'm forced to use less lethal measures to stop,4
i'm going to physically restrain you to turn the car off turn it off ,3
i'm forced to use physical control to i got one white male running,3
i'm forced to use less lethal measures to stop,4
"i'm forced to use physical control to watch out, spray, spray",3
there might be a threat nearby,0
"i have to deploy lethal force to shots fired, shots fired, shots fired.",5
you must stop this instant,1
i need to use physical restraint to put it in park put it in park now he's taking off ,3
i'm going to guide you did you just hear me? look at me. take off your seat belt.,2
how can i help you today?,0
i'll help you move to move,2
i'm going to guide you get out of my face fat boy.,2
i see something that needs attention,0
i'm going to deploy less lethal force to stop,4
i require you to inside yes my work knife this instant,1
let's review force documentation,0
"i'm going to guide you what do you, why do you need to know this stuff?",2
i'm forced to use less lethal measures to taser deployed,4
there's a possible threat,0
i see a suspicious object,0
i noticed a concerning situation,0
i'll help you move to i'm telling you to get out of the vehicle right now,2
i want to explain force protocols,0
what's the situation?,0
i'm going to gently guide you to put your hands behind your back.,2
i'm forced to restrain you to stop resisting,3
I need to report a break-in.,1
i'm deploying less lethal force to stop pleece you're gonna get tased,4
what's going on here?,0
i'm going to physically restrain you to stop resisting,3
we need to discuss force protocols,0
follow your buddies do me a favor guys just put what you guys got down I just want to see empty hands okay we're dispatched to a call shotter or shots fired,1
do you need any help?,0
i'm forced to use physical control to stop resisting,3
Where's the nearest restaurant?,1
i'm forced to use physical control to stop resisting,3
i see something that needs attention,0
there might be danger here,0
how can i help you today?,0
i'm going to guide you move,2
The street is too noisy.,1
"i have to use less lethal options to listen, you're about to get tased",4
what seems to be the problem?,0
i'll assist you to move,2
i'm explaining our force policy,0
you in the red shirt step over here put what you have in your hands down appreciate it thank yo,1
"i'm directing you to let me get that, do you understand? now",1
you must what's your name? as soon as possible,1
you must stop as soon as possible,1
i require you to stop now,1
i need to use lethal measures to drop the weapon,5
i'm going to use physical force to i got one white male running,3
there's a potential problem,0
what seems to be the problem?,0
we're discussing force training,0
"i'm forced to use physical control to i am calm, and it's not about to be. i wanna stay calm. i wanna stay calm",3
i'm going to assist you to move,2
i need you to stop right now,1
i want to explain force guidelines,0
i'm going to use lethal force to drop the weapon,5
i'm going to physically restrain you to 1050 foot bail foot bail foot pursuit stop stop do it now ,3
i need to deploy less lethal measures to stopp police you're gonna get tased,4
i have to physically control you to 1050 foot bail foot bail foot pursuit stop stop do it now ,3
how can i help you today?,0
i'm going to physically restrain you to stop resisting,3
how can i be of help?,0
"i need to deploy less lethal measures to tazer deployed, do you understand?",4
there might be a dangerous situation,0
there's a possible threat,0
i need to deploy less lethal measures to stopp police you're gonna get tased,4
i have to deploy less lethal options to stop police you're gonna get tased,4
what seems to be the problem?,0
i have to use less lethal options to stop,4
i have to deploy less lethal options to hit him again. put your hands behind your back. hands behind your back. release em.,4
i need to use less lethal options to climb out the window you better figure the out right now you do anything other than you're told your is going to get hit with this rubber bullet you understand,4
i have to use less lethal options to stop,4
you need to yes sir it is. and i have a gps while i'm out on bond. or there will be consequences,1
let me help you move to move,2
there's a possible threat,0
i need to use deadly force to drop the weapon,5
i need to use lethal measures to drop the weapon,5
i'm going to use deadly force to drop the weapon,5
i'm deploying less lethal force to stop,4
i have to use deadly force to take two steps to your right walk backwards stop yeah i got him back down walk backwards,5
You doing what now?,1
i'm telling you to is there a gas station nearby? as soon as possible,1
i need to use deadly force to drop the weapon,5
i'm forced to restrain you to turn the car off turn it off ,3
i want you to there was a report of excessive force. right away,1
i have no choice but to use lethal force to drop the gunn,5
i have to deploy less lethal options to stop,4
"i have to physically control you to bro, calm down.",3
The street needs cleaning.,1
i'm explaining force procedures,0
"i'm going to physically restrain you to i'm telling you, he's running",3
there might be danger here,0
"let me assist you to i'm telling you, do not touch me.",2
"i'm forced to use less lethal measures to taser deployed, do you understand?",4
all right why don't you guys hang out here,1
i'm forced to use less lethal measures to tazer deployed,4
i'm requesting you to stop or there will be consequences,1
i'm forced to use less lethal force to stahp police you're gonna get tased,4
i see a weapon in the area,0
"i'll gently guide you to this, this is illegal, i'm not under arrest in rockford. i'm just saying.",2
what's the matter?,0
how may i help you?,0
let's review force policies,0
there might be a risk here,0
i'm forced to use less lethal measures to stahp police you're gonna get tased,4
i need to use physical force to let go. give me your hand now,3
i require you to can you help me with directions? at once,1
how may i assist you?,0
"i'm forced to use less lethal measures to i'm telling you, tazer deployed",4
can i be of assistance?,0
i need to use lethal measures to drop the weapon,5
i'm directing you to just lean back or there will be consequences,1
i'm going to use physical force to no you didn't. put both hands up now!,3
how may i help you?,0
i'll assist you to move,2
let me help you move,2
what's happening here?,0
i have to use less lethal options to stop,4
i'm directing you to the street light is flickering. as soon as possible,1
i'll assist you to get out of my face fat boy.,2
i have to use physical control to put it in park put it in park now he's taking off ,3
i have to physically control you to give me your arm now.,3
i'm deploying less lethal force to stop,4
i'm requesting you to stop now,1
i have to deploy lethal force to drop the weapon,5
i need you to stop now,1
let me help you put your hands behind your back.,2
i have to physically restrain you to stop resisting,3
i need to use physical force to get off my neck,3
i see a suspicious object,0
i have no choice but to use lethal force to let me see your hands! put it down now!,5
can i help you with something?,0
do you need assistance?,0
i have to use deadly force to put the guhn down!,5
i'm ordering you to stop right now,1
i'm forced to use deadly force to drop the weapon,5
how can i be of help?,0
i'll help you move to move,2
i have to use less lethal options to stopp police you're gonna get tased,4
i'm going to physically restrain you to stop resisting,3
i'm going to deploy less lethal force to stop,4
i'm going to guide you move,2
"i have to physically restrain you to i'm telling you, he's running",3
"OC, OC. Get on the ground.",3
there's something concerning here,0
Yes sir it is. And I have a GPS while I'm out on bond.,1
"i need to deploy less lethal measures to i'm telling you, taser deployed",4
i'm going to guide you move,2
there's something concerning here,0
i need to use deadly force to drop the weapon,5
"i'm going to use deadly force to put the guhn down!, do you understand?",5
let me help you move,2
is everything alright?,0
i see something that needs attention,0
i'm going to physically restrain you to stop resisting,3
we need to review force protocols,0
i'm going to gently guide you to move,2
i noticed a potential threat,0
i have to use deadly force to drop the weapon,5
what's the problem?,0
i'm going to guide you no separate your feet separate your feet,2
how can i be of help?,0
let's discuss force procedures,0
there's a possible threat,0
i have to use less lethal options to stop,4
i have to use deadly force to stop. stop. stop. put the gun down. put the gun down. put the,5
i have to deploy lethal force to drop the weapon,5
"i'm deploying less lethal force to i'm telling you, taser deployed",4
"i have to physically restrain you to oc, oc. get on the ground.",3
i'm going to use deadly force to put the gun down!,5
i'm going to gently guide you to move,2
i want to explain force protocols,0
i need to deploy lethal force to i've been hit.,5
let me help you start us another one 1040,2
i'll gently guide you to move,2
i see a suspicious object,0
what's the situation?,0
i need you to stop without delay,1
"i'm going to physically restrain you to bro, com down.",3
is there something i can do for you?,0
"i'm forced to use less lethal force to tazer deployed, do you understand?",4
let me clarify our force guidelines,0
let me assist you to no separate your feet separate your feet,2
i'm going to gently guide you to hanz behind your back now stay here,2
"i'm forced to use less lethal force to tazer deployed, do you understand?",4
i have to physically control you to i can't breath at all,3
i'm going to assist you to move,2
i need to use deadly force to put your handz out of the car now,5
i'm going to help you to move,2
i need to use physical restraint to you break that and you're gonna get the whole can of pepper spray man,3
i need to use lethal measures to take two steps to your right walk backwards stop yeah i got him back down walk backwards,5
i'm forced to use physical control to stop resisting,3
i need to use less lethal options to stop,4
can i be of assistance?,0
i have to deploy lethal force to drop the gunn do you understand?,5
"i have to deploy less lethal options to she just goes nuts, makes suicidal statements, and tries to fight with the cops all the time so.",4
i'm going to gently guide you to move,2
i'm deploying less lethal force to stopp police you're gonna get tased,4
i'll gently guide you to it's not ben day. i got your picture pulled up man.,2
i'm going to use less lethal measures to stop,4
let's review force documentation,0
how may i help you?,0
i'm going to use lethal force to put the knife down,5
what's the situation?,0
what brings you here today?,0
i'm explaining force procedures,0
i'll gently guide you to why you putting your hanz on me,2
"i have to physically restrain you to i am calm, and it's not about to be. i wanna stay calm. i wanna stay calm",3
What's the best way to get downtown?,1
i'm forced to restrain you to stop resisting,3
i'm forced to use physical control to i can't breath at all,3
"i need to use physical restraint to i am calm, and it's not about to be. i wanna stay calm. i wanna stay calm",3
let me help you move to move,2
there might be a threat nearby,0
i'm explaining our force policy,0
i need to use physical restraint to stop resisting,3
i'm telling you to stop or there will be consequences,1
i'm forced to restrain you to stop resisting,3
what's the problem?,0
i'm forced to use less lethal force to stop,4
what's the situation?,0
"i require you to whats your name., do you understand? this instant",1
we need to discuss force protocols,0
i'm going to gently guide you to you are not supposed to touch me,2
i'm explaining our force policy,0
i noticed something concerning,0
"i need to use physical force to i'm telling you, he's running",3
"i'm going to deploy less lethal force to i'm telling you, taser deployed",4
"i'm forced to restrain you to i am calm, and it's not about to be. i wanna stay calm. i wanna stay calm",3
"i'm deploying less lethal force to if you tase me, i'm telling you it's gonna get hot in this bitch. i'm telling you it's gonna get hot. i don't care. go ahead. 
officer: i'm gonna tase you. ",4
how can i help you today?,0
shut your vehicle off turn the vehicle off throw the keys out the window,3
i'm going to use less lethal measures to stop,4
i'm going to use physical force to you break that and you're gonna get the whole can of pepper spray man,3
i'm going to assist you to don't yes you do you do need a woman to touch me don't touch me okay don't touch me,2
what's going on?,0
there's a possible threat,0
i have to use deadly force to drop the weapon,5
i need to use less lethal options to hit him again. put your hands behind your back. hands behind your back. release em.,4
i need to deploy lethal force to drop the weapon,5
i'm directing you to stop immediately,1
i'm directing you to stop this instant,1
what's the matter?,0
let me review force policies,0
you need to where's the nearest hospital? now,1
i'm telling you to stop without delay,1
let me help you move,2
i have to use deadly force to drop the weapon,5
i'm directing you to stop as soon as possible,1
i'm telling you to i'll be careful. at once,1
He punched my brother and knocked him out cold.,0
i'm forced to use physical control to stop resisting,3
you know why why I hear gunshots all the time ,1
i need to deploy less lethal measures to stop,4
any guns,1
i need to use less lethal options to stahp police you're gonna get tased,4
i'm going to help you to why you putting your handz on me,2
"i need to use deadly force to i'm telling you, drop the gunn",5
do you need assistance?,0
i see a weapon in the area,0
i need to use physical restraint to stop resisting,3
i have no choice but to use lethal force to drop the guhn,5
what's the problem?,0
let me help you move,2
The park is lovely this time of year.,1
"i need to use less lethal force to tazer deployed, do you understand?",4
i require you to is there anything i can do? or there will be consequences,1
i'll help you move to move,2
i'm going to gently guide you to he's possibly 55 locked himself in,2
what's going on here?,0
"i'll gently guide you to i'm telling you to take off your seatbelt and step out. why don't we do this. put your hands... alright. 
",2
let me help you you got that arm.,2
"I swear, I thought he was gonna swing at me.",1
i want you to i heard about a shooting incident yesterday. without delay,1
there's something concerning here,0
what's the situation?,0
what's the issue?,0
let's review force policies,0
i have to use physical control to stop resisting,3
i want to talk about force options,0
"i'm going to deploy less lethal force to she just goes nuts, makes suicidal statements, and tries to fight with the cops all the time so.",4
i'll assist you to it's not ben day. i got your picture pulled up man.,2
i see something suspicious,0
i need to use physical restraint to turn the car off turn it off ,3
i have no choice but to use lethal force to drop the weapon,5
let me help you move,2
i'll assist you to don't have to touch me,2
there's something concerning here,0
i have no choice but to use lethal force to drop the weapon,5
i have to use physical control to stop resisting,3
i'm going to use physical force to put your hands up put your hands up get on the curb hands up get on the curb ,3
i need to use physical restraint to stop resisting,3
was out of the driver's side though that shot came from the back of the car,1
i noticed a potential threat,0
i'm clarifying force procedures,0
there might be a risk here,0
can i help you with something?,0
i noticed a concerning situation,0
i have to use deadly force to drop the weapon,5
i have to deploy less lethal options to hit him again. put your hands behind your back. hands behind your back. release em.,4
i'll gently guide you to move,2
i need to use physical force to i got one black male running,3
i have to use less lethal options to stop,4
there might be danger here,0
What's going on today?,1
i'm going to help you to move,2
i see a concerning object,0
i'm ordering you to stop without delay,1
i'm going to guide you i'll stand right here i'm fine.,2
i noticed something suspicious,0
you need to can you help me find my lost dog? without delay,1
i have to deploy lethal force to drop the weapon,5
i'm going to use deadly force to drop the weapon,5
you must stop or there will be consequences,1
i have to use deadly force to put the gun down!,5
i have to deploy lethal force to drop the weapon,5
i'm going to gently guide you to don't yes you do you do need a woman to touch me don't touch me okay don't touch me,2
you have to stop right away,1
i'm going to use lethal force to drop the weapon,5
i have no choice but to use lethal force to put the gunn down!,5
i'm going to use physical force to if you fail to comply,3
please it matches the description perfectly right now,1
i'll gently guide you to move,2
you need to stop without delay,1
"Officer Smith, can you confirm the individual's description?",0
"i'm requesting you to he was yelling at her, saying he was gonna do something crazy. without delay",1
let me clarify our force guidelines,0
there's a potential problem,0
i have to deploy lethal force to drop the weapon,5
i need you to stop this instant,1
i'm going to help you to move,2
i'll gently guide you to move,2
"i need to deploy less lethal measures to i'm telling you, stop pollice you're gonna get tased",4
i have no choice but to use lethal force to drop the weapon,5
"let me help you i'm telling you to take off your seatbelt and step out. why don't we do this. put your hands... alright. 
",2
do you need support?,0
can i help you with something?,0
i see something suspicious,0
do you need any help?,0
i need to use less lethal options to stop,4
i want you to stop or there will be consequences,1
i have to use less lethal options to stop,4
i'm going to guide you you are not supposed to touch me,2
you need to can you help me with my car? or i will take action,1
let me help you put your hanz behind your back.,2
you have to the suspect was threatening violence. or i will take action,1
i'm forced to use deadly force to yo you shot him yo.,5
i'm deploying less lethal force to stop,4
do you need any help?,0
i need you to stop right now,1
i'm forced to use lethal force to stop. stop. stop. put the gun down. put the gun down. put the,5
let me explain our force continuum,0
i'm forced to restrain you to get off my neck,3
what brings you here today?,0
you must can you help me find my way? immediately,1
is everything alright?,0
what seems to be the problem?,0
what's the matter?,0
please stop as soon as possible,1
i'm going to deploy less lethal force to stop,4
i'll gently guide you to i told you exactly what i was going to do okay,2
i'm clarifying force procedures,0
can i be of assistance?,0
let me help you i'm telling you to get out of the vehicle right now,2
"i'm going to use less lethal measures to i'm telling you, tazer deployed",4
can i help you with something?,0
i'm going to guide you move,2
we're discussing force training,0
i'm going to use lethal force to drop the weapon,5
what's going on?,0
i need to use deadly force to drop the weapon,5
i have no choice but to use lethal force to 999. 999. i've been shot. 999.,5
i see a suspicious object,0
"i'm forced to use less lethal force to if you tase me, i'm telling you it's gonna get hot in this bitch. i'm telling you it's gonna get hot. i don't care. go ahead. 
officer: i'm gonna tase you. ",4
i need to use physical force to you stupid little bitch.,3
there might be a threat nearby,0
"i have to physically restrain you to i am calm, and it's not about to be. i wanna stay calm. i wanna stay calm",3
i'm going to use physical force to stop resisting,3
what's the matter?,0
we were discussing the use of force policy,0
is there something i can do for you?,0
i need to physically restrain you to stop resisting,3
i'm going to deploy less lethal force to stop pleece you're gonna get tased,4
"you need to stop moving, we’re trying to help you. right away",1
i require you to what's the speed limit here? at once,1
i'm going to assist you to i'll stand right here i'm fine.,2
i'm going to guide you can you just come out so we can talk,2
i'm requesting you to stop now,1
i'm telling you to stop right away,1
"i have to use physical control to oc, oc. get on the ground.",3
can i help you with something?,0
i'm ordering you to stop immediately,1
i'm going to help you to you're being detained you're not free to leave,2
is everything alright?,0
"i have to deploy less lethal options to i'm telling you, tazer deployed",4
i have to physically control you to stop resisting,3
"i'm forced to use less lethal measures to look, stop pollice you're gonna get tased",4
i have to use physical control to stop banging on the door bruh,3
"i'm asking you to i'm telling you, he's cooperative without delay",1
i'm forced to use less lethal measures to stop,4
there might be a threat nearby,0
i need to use lethal measures to drop the weapon,5
you must do you have your license on you boss or i will take action,1
you need to stop this instant,1
there's a potential hazard,0
what brings you here today?,0
i'm going to use physical force to 1050 foot bail foot bail foot pursuit stop stop do it now ,3
let's review force documentation,0
we need to discuss force options,0
let me help you move,2
i have to physically restrain you to stop resisting,3
i'm going to use physical force to i can't breath at all,3
"i'm forced to use less lethal force to i'm telling you, tazer deployed",4
"you must let me get that, do you understand? without delay",1
i noticed a concerning situation,0
i need to use physical restraint to i can't breath at all,3
is there something i can do for you?,0
i need to use deadly force to don't fucking move,5
let me assist you to you're grabbing my balls sir,2
i'm going to deploy less lethal force to stop pleece you're gonna get tased,4
i'm forced to restrain you to stop moving stop moving relax stop moving,3
i'm going to help you to why you putting your hands on me,2
i'm requesting you to nice to meet you! right now,1
let me help you move,2
let's discuss force procedures,0
i'll help you move to move,2
let me explain our force continuum,0
I didn't hear nothing,1
i'll gently guide you to why you putting your handz on me,2
what seems to be the problem?,0
i need to physically restrain you to stop resisting,3
got shots fired by a black Durango heading eastbound on Chico,5
Hold on we got somebody you need to talk to,1
i'm ordering you to stop right away,1
i'm going to guide you start us another one 1040,2
i'm requesting you to you have a warrant for your arrest. or there will be consequences,1
"i need to physically restrain you to i'm telling you, he's running",3
what seems to be the problem?,0
i'm deploying less lethal force to stop,4
what's the problem?,0
you have to alright. you got your driver's license on you buddy? where you headed? immediately,1
how can i help you today?,0
i need to use deadly force to take two steps to your right walk backwards stop yeah i got him back down walk backwards,5
i have to deploy less lethal options to stop,4
i'm going to guide you move,2
"i have to use deadly force to i'm telling you, drop the gun!",5
"i need to use less lethal options to listen, you're about to get tased",4
i need you to the sunset is beautiful. right away,1
i need to deploy less lethal measures to stop,4
"let me help you move to ok i'm willing to listen, come on lets talk. ",2
i'm going to help you to move,2
there's a potential problem,0
we need to discuss force options,0
i'm going to help you to well i'm going to do it regardless ,2
i have to use deadly force to i've been hit.,5
i need you to stop at once,1
i'm going to deploy less lethal force to stop,4
i'm directing you to stop or there will be consequences,1
you have to stop or i will take action,1
what's happening here?,0
i'm going to assist you to move,2
i need to use less lethal options to stop,4
i'm going to use deadly force to put it on the ground. put it on the ground.,5
you need to stop right away,1
"i'll assist you to i'm telling you to take off your seatbelt and step out. why don't we do this. put your hands... alright. 
",2
i want you to stop or i will take action,1
i have to physically restrain you to shut your fucking mouth bitch.,3
i'll assist you to start us another one 1040,2
i'm directing you to stop as soon as possible,1
i'm forced to use physical control to stop resisting,3
let's review force documentation,0
i need to use less lethal options to stop,4
i'm forced to use physical control to turn the car off turn it off ,3
let me help you hanz behind your back now stay here,2
i'm going to help you to move,2
do you need any help?,0
"i have no choice but to use lethal force to no, shoot me. shoot me. i'll kill you. i'll kill you.",5
i'm going to help you to move,2
there might be a dangerous situation,0
i'm going to deploy less lethal force to stahp police you're gonna get tased,4
what's the situation?,0
i have no choice but to use lethal force to 999. 999. i've been shot. 999.,5
what's going on?,0
i need to deploy lethal force to drop the weapon,5
i'm going to guide you can you just come out so we can talk,2
What you doin,1
let me review force policies,0
i have to physically restrain you to stop resisting,3
i need to use physical restraint to you break that and you're gonna get the whole can of pepper spray man,3
i see a weapon in the area,0
i have no choice but to use lethal force to put the knife down,5
i need to use less lethal options to stop police you're gonna get tased,4
What's the most common call you get?,1
i'm forced to use less lethal measures to stop police you're gonna get tased,4
i'm going to use physical force to give me your arm now.,3
what's the problem?,0
i'm forced to restrain you to you stupid little bitch.,3
i need to use physical restraint to stop resisting,3
let me clarify our force guidelines,0
how may i help you?,0
how can i help you today?,0
let me review force policies,0
let's discuss force procedures,0
i'm forced to use physical control to put it in park put it in park now he's taking off ,3
i'm going to help you to move,2
i noticed something concerning,0
let me review force policies,0
i want to talk about force options,0
i'm forced to restrain you to stop resisting,3
i have no choice but to use lethal force to drop the gunn do you understand?,5
let's review force documentation,0
i'll assist you to i'll stand right here i'm fine.,2
"let me help you i'm telling you to take off your seatbelt and step out. why don't we do this. put your hands... alright. 
",2
i'm going to help you to move,2
i need you to what time does the park close? right away,1
i'll gently guide you to hanz behind your back now stay here,2
i see a concerning object,0
i see a possible risk,0
is there something i can do for you?,0
i'll assist you to move,2
i require you to stop or i will take action,1
i have to use physical control to give me your arm now.,3
i have to physically control you to give me your arm now.,3
i'm forced to use deadly force to drop the weapon,5
i'm going to use deadly force to drop the weapon,5
Yes sirr,1
i'm ordering you to stop as soon as possible,1
i noticed something concerning,0
there's a potential problem,0
I'm telling you to get out of the vehicle right now,2
i'm forced to use deadly force to drop the weapon,5
let me help you move to move,2
what's the matter?,0
i have to use physical control to stop resisting,3
i want to talk about force options,0
we were discussing the use of force policy,0
is there something i can do for you?,0
"police reason for your stop today is you were over the the 
line over here and then also you were in the bike lane coming down east any reason for that",1
i'm going to physically restrain you to stop resisting,3
i'm explaining our force policy,0
let me assist you to hanz behind your back now stay here,2
What's your name?,1
there might be a weapon nearby,0
i'm telling you to i was gonna go get a hotel. or i will take action,1
how may i help you?,0
"i'm going to use less lethal measures to she just goes nuts, makes suicidal statements, and tries to fight with the cops all the time so.",4
"i require you to he was yelling at her, saying he was gonna do something crazy. immediately",1
is everything alright?,0
i'm forced to use less lethal measures to stop police you're gonna get tased,4
i'm going to physically restrain you to get his arm behind his back right now,3
there might be a dangerous situation,0
i want you to inside yes my work knife immediately,1
how may i assist you?,0
i have to deploy less lethal options to stop,4
"i need to use less lethal options to i'm telling you, tazer deployed",4
what's happening here?,0
let's review force policies,0
you have to stop right now,1
"i'm forced to use deadly force to he's following me around with a knife, i need another new unit. i need another unit.",5
"let me help you move to i'm telling you, do not touch me.",2
i have to physically restrain you to show me 31,3
we need to review force protocols,0
i'm going to assist you to you got that arm.,2
i noticed something concerning,0
"i need to use less lethal options to tazer deployed, do you understand?",4
i noticed a potential threat,0
"i need to use less lethal force to if you tase me, i'm telling you it's gonna get hot in this bitch. i'm telling you it's gonna get hot. i don't care. go ahead. 
officer: i'm gonna tase you. ",4
"i'm deploying less lethal force to look, stop pollice you're gonna get tased",4
there might be a threat nearby,0
i'm forced to restrain you to stop resisting,3
"i have no choice but to use lethal force to put the gunn down!, do you understand?",5
can i help you with something?,0
"i have to physically control you to bro, calm down.",3
i'm forced to use physical control to no you didn't. put both hands up now!,3
i'm going to deploy less lethal force to stop,4
i'm going to deploy less lethal force to stop,4
i'm going to use less lethal measures to stop,4
what's going on?,0
i'll assist you to move,2
i have to deploy less lethal options to stop,4
"i need to use physical restraint to please bro, i'm gonna get maced again, please bro",3
i'll gently guide you to move,2
There's a broken street light.,1
i have to use less lethal options to stop,4
i'm going to use physical force to stop resisting,3
i have to use physical control to i got one white male running,3
"i need to use physical restraint to back up, back up.",3
i'm going to use physical force to stop resisting,3
that go okay probably going have to go to jail for it ,1
i'm telling you to he told me he was going to run if they tried to arrest him. right away,1
is there something i can do for you?,0
how can i be of help?,0
"i'm going to use less lethal measures to i'm telling you, tazer deployed",4
i'm deploying less lethal force to stop,4
is everything alright?,0
i want you to stop this instant,1
is there something i can do for you?,0
i need to use physical restraint to put it in park put it in park now he's taking off ,3
i see a concerning object,0
what's the matter?,0
do you need support?,0
"i'm going to gently guide you to i'm telling you to take off your seatbelt and step out. why don't we do this. put your hands... alright. 
",2
i'm going to deploy less lethal force to taser deployed,4
"i'm deploying less lethal force to i'm telling you, tazer deployed",4
how may i assist you?,0
put it in park put it in park now he's taking off ,3
i'm going to physically restrain you to stop resisting,3
i'll help you move to move,2
"i need to deploy lethal force to i'm telling you, drop the gunn",5
i need to use less lethal options to stop,4
i'm going to help you to now you're just detained okay,2
i need to use physical restraint to stop resisting,3
can i be of assistance?,0
let me assist you to put your hanz behind your back.,2
i'm deploying less lethal force to stop,4
i'll help you move to he's possibly 55 locked himself in,2
i have to use physical control to stop resisting,3
what's the situation?,0
what's the situation?,0
what's going on here?,0
i see something suspicious,0
i'm asking you to can you just open this up a little more? right away,1
i noticed something concerning,0
how may i help you?,0
we're training on force techniques,0
let's discuss force procedures,0
i have to physically restrain you to give me your arm now.,3
i'm going to deploy less lethal force to stop,4
what's going on here?,0
i need to use physical restraint to stop resisting,3
i'm going to use deadly force to drop the weapon,5
"Put the gunn down!, do you understand?",5
"i'm asking you to i'm telling you, okay sit down this instant",1
i'm forced to use physical control to stop moving stop moving relax stop moving,3
i'll help you move to don't yes you do you do need a woman to touch me don't touch me okay don't touch me,2
i'm forced to use less lethal force to stop,4
i'm going to help you to move,2
let's discuss force procedures,0
i noticed a potential threat,0
Good afternoon.,1
how may i help you?,0
i'm going to help you to i told you exactly what i was going to do okay,2
you need to stop as soon as possible,1
i'm requesting you to stop as soon as possible,1
you must stop without delay,1
i have to physically restrain you to you stupid little bitch.,3
i'm forced to restrain you to stop resisting,3
i need to use physical force to you're gonna get sprayed again,3
what's the matter?,0
there might be a risk here,0
what's the matter?,0
"i need to use physical force to oc, oc. get on the ground.",3
i need to use physical force to you sprayed that shit right in my face,3
i'll assist you to move,2
i have to deploy less lethal options to stop,4
What's your medical condition man,1
i'm asking you to stop without delay,1
let me help you move to we have five detained right now,2
i have to use less lethal options to hit him again. put your hands behind your back. hands behind your back. release em.,4
i'm going to use lethal force to drop the guhn do you understand?,5
i'll gently guide you to move,2
i'm explaining our force policy,0
i noticed a concerning situation,0
i need to use physical restraint to you stupid little bitch.,3
i'm going to use lethal force to drop the weapon,5
i'm going to use less lethal measures to stop,4
don't have to touch me,2
i have to deploy less lethal options to stopp police you're gonna get tased,4
you must yes sir it is. and i have a gps while i'm out on bond. as soon as possible,1
i'm forced to use less lethal force to stop,4
i want you to stop or there will be consequences,1
i have to physically control you to stop resisting,3
let me review force policies,0
"i'm forced to use deadly force to put the gunn down!, do you understand?",5
we're reviewing force documentation,0
you have to can you tell me where the nearest gas station is? as soon as possible,1
i want you to stop this instant,1
i see a possible risk,0
i'm explaining our force policy,0
The situation escalated to force.,1
i'm forced to restrain you to i got one white male running,3
Thank you for your service.,1
what's the issue?,0
i'm forced to use less lethal force to taser deployed,4
let me assist you to move,2
i'll gently guide you to move,2
what's the situation?,0
i see a suspicious object,0
i'm forced to use deadly force to drop the weapon,5
let me help you move to move,2
i require you to stop at once,1
there might be a weapon nearby,0
let me help you move to move,2
i'm asking you to stop or there will be consequences,1
i'm going to guide you put your handz behind your back.,2
i'll help you move to move,2
i'm going to guide you move,2
i see a possible risk,0
i have to physically restrain you to stop resisting,3
i need to use physical restraint to stop resisting,3
i'm going to assist you to move,2
i'm ordering you to stop right away,1
how may i assist you?,0
how can i help you today?,0
do you need support?,0
there might be a threat nearby,0
i have to use physical control to he's running,3
i'll assist you to no separate your feet separate your feet,2
i want to explain force guidelines,0
i need to deploy lethal force to drop the weapon,5
i see a concerning object,0
i need to physically restrain you to you sprayed that shit right in my face,3
i need to deploy less lethal measures to stop pleece you're gonna get tased,4
we're reviewing force documentation,0
i have no choice but to use lethal force to got shots fired by a black durango heading eastbound on chico,5
i have to physically control you to shut your vehicle off turn the vehicle off throw the keys out the window,3
i want to explain force guidelines,0
what brings you here today?,0
can i help you with something?,0
i noticed a potential threat,0
i noticed something suspicious,0
what's the matter?,0
"I saw them pull out a knife, and that's when I ran.",0
i'm forced to use less lethal measures to stop police you're gonna get tased,4
let me clarify our force guidelines,0
how may i help you?,0
i want to discuss force scenarios,0
"i need to use deadly force to i'm telling you, put the guhn down!",5
i have to physically restrain you to shut your vehicle off turn the vehicle off throw the keys out the window,3
i see a concerning object,0
can i be of assistance?,0
we were discussing the use of force policy,0
i'll gently guide you to hanz behind your back now stay here,2
i'm forced to use deadly force to drop the weapon,5
"i'm deploying less lethal force to taser deployed, do you understand?",4
there's a potential problem,0
can i be of assistance?,0
i noticed something concerning,0
i have to use less lethal options to stop,4
i need to use physical force to stop resisting,3
what's the situation?,0
i require you to stop right away,1
"I had my hand on my taser, but he complied just in time.",0
let's discuss force procedures,0
"i need to deploy lethal force to he's following me around with a knife, i need another new unit. i need another unit.",5
"We don’t want to escalate this, just listen to us.",1
i have no choice but to use lethal force to drop the weapon,5
i'm forced to use less lethal measures to stop,4
i need to use physical force to stop resisting,3
i'm forced to use less lethal force to stop,4
what's the situation?,0
i need to deploy less lethal measures to stop,4
i'm going to use physical force to stop resisting,3
let me clarify our force guidelines,0
"i'm going to gently guide you to i'm telling you to take off your seatbelt and step out. why don't we do this. put your hands... alright. 
",2
there might be a threat nearby,0
can i be of assistance?,0
let's discuss force procedures,0
"i need to use physical force to back up, back up.",3
i'm going to gently guide you to move,2
what's the situation?,0
we're reviewing force documentation,0
can i help you with something?,0
i require you to stop now,1
i have to use less lethal options to stop,4
i require you to what's the most common call you get? or there will be consequences,1
i have to deploy lethal force to drop the weapon,5
do you need support?,0
let me help you you're grabbing my balls sir,2
you need to stop at once,1
how may i assist you?,0
let me assist you to move,2
we're training on force techniques,0
what's the problem?,0
"We had to use a loud verbal command, but no force was needed.",0
"i'm going to use physical force to bro, kam down.",3
what's the issue?,0
"i have to use less lethal options to i'm telling you, taser deployed",4
i'm going to use lethal force to he's down he's down. where are you hit?,5
what's the issue?,0
can i help you with something?,0
i'm going to physically restrain you to 1050 foot bail foot bail foot pursuit stop stop do it now ,3
i'm going to use lethal force to drop the gunn do you understand?,5
i'm going to help you to move,2
"i need to physically restrain you to stay right there. drop a 13, drop a 13.",3
i see a suspicious object,0
let's review force documentation,0
i require you to i heard about a shooting incident yesterday. at once,1
what's happening here?,0
what's the problem?,0
i'm forced to use less lethal measures to stop police you're gonna get tased,4
what's the issue?,0
can i help you with something?,0
"i have to physically control you to i am calm, and it's not about to be. i wanna stay calm. i wanna stay calm",3
what's happening here?,0
i'm going to use lethal force to drop the weapon,5
"i need to use physical force to he's trying to break that window, he's gonna pop it out",3
we're discussing force training,0
i'm going to use less lethal measures to stop,4
what's the situation?,0
there might be a threat nearby,0
let me help you move to move,2
what seems to be the problem?,0
i'll gently guide you to now you're just detained okay,2
there's a potential risk here,0
i'm forced to restrain you to stop resisting,3
you have to inside yes my work knife at once,1
i have to use physical control to i can't breath,3
i need to deploy less lethal measures to stop,4
i see a possible risk,0
you must okay what was your reason for coming in here at once,1
i need to use less lethal force to stahp police you're gonna get tased,4
Durango going eastbound towards Wyoming,1
i need you to i need directions to the mall. as soon as possible,1
i'm going to gently guide you to why you putting your handz on me,2
"Sir, put your hands up and step back.",1
let me help you move,2
"i need to deploy less lethal measures to i'm telling you, taser deployed",4
i noticed a potential threat,0
what seems to be the problem?,0
"i'm forced to use less lethal measures to she just goes nuts, makes suicidal statements, and tries to fight with the cops all the time so.",4
i need to use physical force to i got one white male running,3
i'm clarifying force procedures,0
i need you to they had to use physical force. without delay,1
let me explain our force continuum,0
"i have to physically control you to stay right there. drop a 13, drop a 13.",3
you need to stop without delay,1
what seems to be the problem?,0
what's the situation?,0
turn the car off turn it off ,3
i need to use less lethal options to stop,4
"i'm forced to use less lethal force to she just goes nuts, makes suicidal statements, and tries to fight with the cops all the time so.",4
is there something i can do for you?,0
we need to discuss force options,0
what's going on?,0
please the suspect was armed with a knife. right now,1
what's going on?,0
i'm going to guide you move,2
how can i help you today?,0
Stop. Stop. Stop. Put the gun down. Put the gun down. Put the,5
"i need to use physical restraint to watch out, spray, spray",3
i'm telling you to your work nife as soon as possible,1
i'm requesting you to stop without delay,1
"i'm forced to use less lethal force to tazer deployed, do you understand?",4
i'm requesting you to do you know any good restaurants around here? as soon as possible,1
there's a potential risk here,0
what's the problem?,0
i need to deploy lethal force to drop the weapon,5
what brings you here today?,0
i'll gently guide you to move,2
i have to deploy less lethal options to stop,4
i'm forced to use less lethal force to stop,4
please stop at once,1
let's discuss force procedures,0
please stop right away,1
"i need to use physical restraint to stay right there. drop a 13, drop a 13.",3
"i have to physically control you to bro, kam down.",3
"i need to use deadly force to put the gunn down!, do you understand?",5
i'm going to use lethal force to drop the gun!,5
i need to use lethal measures to drop the weapon,5
what brings you here today?,0
The situation required force.,1
i need to use less lethal options to stop,4
i'm telling you to they had to restrain him. immediately,1
i'm going to use less lethal measures to stahp police you're gonna get tased,4
"i need to deploy less lethal measures to if you tase me, i'm telling you it's gonna get hot in this bitch. i'm telling you it's gonna get hot. i don't care. go ahead. 
officer: i'm gonna tase you. ",4
i need to physically restrain you to stop resisting,3
"i need to use less lethal force to i'm telling you, stop pollice you're gonna get tased",4
"I have visual on the individual, standing by for instructions.",0
what's going on?,0
i need to use deadly force to put the knife down,5
there might be a weapon nearby,0
i'll help you move to move,2
there might be a risk here,0
"i'm forced to use less lethal force to if you tase me, i'm telling you it's gonna get hot in this bitch. i'm telling you it's gonna get hot. i don't care. go ahead. 
officer: i'm gonna tase you. ",4
please stop at once,1
"i'm going to deploy less lethal force to listen, you're about to get tased",4
i'm asking you to stop now,1
i'm forced to use less lethal measures to stop,4
let me help you move to move,2
we're reviewing force documentation,0
"i'm going to assist you to ok i'm willing to listen, come on lets talk. ",2
we need to discuss force options,0
I need directions to the mall.,1
there's a potential hazard,0
i require you to the street light is flickering. without delay,1
i want to explain force guidelines,0
i'll gently guide you to he's possibly 55 locked himself in,2
i'm going to gently guide you to move,2
i need you to stop this instant,1
we need to review force protocols,0
i need to use less lethal options to stop,4
i'm going to use less lethal measures to stop,4
i'm deploying less lethal force to stop,4
what's the matter?,0
i'm going to gently guide you to you're grabbing my balls sir,2
i need you to stop right away,1
you must hey i found the gunn all right now,1
let me help you now you're just detained okay,2
i noticed a potential threat,0
i want to explain force guidelines,0
There was a report of excessive force.,1
i'm going to assist you to i'm telling you to get out of the vehicle right now,2
what's the situation?,0
i'm going to use less lethal measures to stop,4
there's a potential problem,0
i'll gently guide you to hanz behind your back now stay here,2
i want you to we go we're going to throw them in a car just so we don't have to stand out here in the open right now,1
you need to there's a broken street light. without delay,1
do you need support?,0
let me help you move,2
let me clarify our force guidelines,0
there might be a risk here,0
i'm deploying less lethal force to stop,4
you must what's your favorite part of the job? immediately,1
i have to physically control you to 1050 foot bail foot bail foot pursuit stop stop do it now ,3
we need to discuss force options,0
let me help you move to move,2
i require you to stop without delay,1
what's the matter?,0
can i be of assistance?,0
"i need to use deadly force to i'm telling you, put the gunn down!",5
i'm directing you to hey i found the gun all right right now,1
i'm going to help you to don't have to touch me,2
we're discussing force training,0
you must stop right now,1
i want you to stop or i will take action,1
can i help you with something?,0
i have to use less lethal options to stopp police you're gonna get tased,4
i have to physically restrain you to turn the car off turn it off ,3
i'm going to gently guide you to move,2
"let me assist you to i'm telling you, do not touch me.",2
There's a suspicious package.,1
Can you help me find my lost dog?,1
we need to discuss force protocols,0
i'm going to use physical force to stop resisting,3
i need to physically restrain you to stop resisting,3
let me assist you to handz behind your back now stay here,2
i'm telling you to where's the post office? right now,1
i'll gently guide you to move,2
please stop without delay,1
i need to use less lethal force to stop police you're gonna get tased,4
what's the situation?,0
i'm going to gently guide you to move,2
i'm going to guide you move,2
i see a concerning object,0
i'm going to help you to you are not supposed to touch me,2
i'll gently guide you to put your handz behind your back.,2
"i have to use deadly force to get your fucking face out of here, before i stab you.",5
i see a weapon in the area,0
"i'm going to physically restrain you to back up, back up.",3
i'm going to physically restrain you to stop resisting,3
is there something i can do for you?,0
"i have to physically control you to i am calm, and it's not about to be. i wanna stay calm. i wanna stay calm",3
i want to explain force guidelines,0
you have to the street light is flickering. immediately,1
there's a potential problem,0
how may i assist you?,0
i'm going to use lethal force to got shots fired by a black durango heading eastbound on chico,5
i have to use less lethal options to stop,4
let me assist you to he always dodging around my questions,2
i'm going to use less lethal measures to stop,4
i'm asking you to stop right now,1
i'm requesting you to is there anything i can do? without delay,1
i'll gently guide you to move,2
i have to physically restrain you to stop resisting,3
there's a potential hazard,0
"i'm going to assist you to why man, i'm gonna comply bro, you just.",2
i have to deploy less lethal options to stop,4
There's a suspicious person.,1
"i'm going to use less lethal measures to she just goes nuts, makes suicidal statements, and tries to fight with the cops all the time so.",4
we got dispatched to shots fired going off right here,1
"i require you to police reason for your stop today is you were over the the 
line over here and then also you were in the bike lane coming down east any reason for that this instant",1
i need to physically restrain you to stop resisting,3
let me help you move to are you requesting me.. or..,2
Do me a favor just pull up a little further,1
i want to explain force protocols,0
please the weather is nice today. immediately,1
i'll help you move to move,2
let me clarify our force guidelines,0
i see a weapon in the area,0
i'm going to assist you to move,2
i require you to do you have an id in new mexico  as soon as possible,1
i'm going to use less lethal measures to stop,4
i'm going to gently guide you to hands behind your back now stay here,2
i'm telling you to do me a favor just pull up a little further at once,1
i have to physically control you to stop resisting,3
i'm going to guide you move,2
i want to talk about force options,0
please the traffic light is broken. now,1
i see something suspicious,0
i'm going to assist you to move,2
how may i help you?,0
you need to albuquerque pleece wake up man you all right now,1
"i have to physically control you to stay right there. drop a 13, drop a 13.",3
let me clarify our force guidelines,0
you have to i need to get a police report. or i will take action,1
"i need you to good morning, officer. now",1
let me help you move,2
i need to deploy lethal force to shots fired shots fired front door hes at the front door,5
i'm going to use physical force to give me your arm now.,3
how may i assist you?,0
i'm going to physically restrain you to stop resisting,3
i have to deploy lethal force to drop the gunn do you understand?,5
do you need any help?,0
let's review force documentation,0
let me clarify our force guidelines,0
i see a weapon in the area,0
let's review force policies,0
what seems to be the problem?,0
i noticed something suspicious,0
i see something suspicious,0
i have no choice but to use lethal force to put the nife down,5
we're discussing force training,0
let's discuss force procedures,0
i'm going to physically restrain you to you sprayed that shit right in my face,3
i want to discuss force scenarios,0
is everything alright?,0
"i'm telling you to i'm telling you, what's going on today? now",1
i have to use physical control to stop resisting,3
i have to use less lethal options to stop,4
is there something i can do for you?,0
i have to deploy lethal force to drop the weapon,5
we're reviewing force documentation,0
i'm going to deploy less lethal force to stop,4
we need to discuss force protocols,0
how can i help you today?,0
i have to physically control you to stop resisting,3
do you need support?,0
how may i assist you?,0
"i'm forced to use physical control to stay right there. drop a 13, drop a 13.",3
how may i help you?,0
"i'm going to physically restrain you to he's trying to break that window, he's gonna pop it out",3
we need to review force protocols,0
have you ever had contact with police before,1
"i'm going to use less lethal measures to taser deployed, do you understand?",4
i'm ordering you to stop right now,1
"i'll gently guide you to i'm telling you to take off your seatbelt and step out. why don't we do this. put your hands... alright. 
",2
what's the problem?,0
I need to file a noise complaint.,1
i'm going to deploy less lethal force to stop,4
i'm forced to use lethal force to let me see your hands! put it down now!,5
i'm telling you to do you know any good restaurants around here? now,1
can i help you with something?,0
i'm going to assist you to move,2
i need to use lethal measures to 999. 999. i've been shot. 999.,5
there might be a weapon nearby,0
we're discussing force training,0
i need to deploy less lethal measures to stahp police you're gonna get tased,4
please i need to get a police report. or i will take action,1
i require you to all right man well you be safe okay now,1
i'm directing you to how are you doing today? now,1
i'm forced to restrain you to stop resisting,3
i noticed something suspicious,0
"i'm forced to use less lethal force to if you tase me, i'm telling you it's gonna get hot in this bitch. i'm telling you it's gonna get hot. i don't care. go ahead. 
officer: i'm gonna tase you. ",4
i'm deploying less lethal force to stahp police you're gonna get tased,4
let me assist you to go ahead you can ask thank you keep the window rolled down,2
i want to discuss force scenarios,0
i noticed a potential threat,0
Drop the gunn,5
i'm asking you to you know take your bag off this instant,1
i'm forced to use less lethal measures to climb out the window you better figure the out right now you do anything other than you're told your is going to get hit with this rubber bullet you understand,4
i noticed a concerning situation,0
i need to deploy less lethal measures to stop,4
i'll help you move to handz behind your back now stay here,2
i see a suspicious object,0
do you need support?,0
i have to physically restrain you to i can't breath,3
i have to physically control you to put your hands up put your hands up get on the curb hands up get on the curb ,3
i see a suspicious object,0
i want to explain force guidelines,0
i need you to is this your truck? right away,1
i noticed something suspicious,0
is there something i can do for you?,0
i'll assist you to move,2
let me help you move to put your handz behind your back.,2
"i'll assist you to this, this is illegal, i'm not under arrest in rockford. i'm just saying.",2
there's something concerning here,0
i'm requesting you to stop immediately,1
i have no choice but to use lethal force to drop the weapon,5
i need to use deadly force to he's down he's down. where are you hit?,5
i want you to stop or i will take action,1
i'm explaining our force policy,0
"i'll help you move to i'm telling you to take off your seatbelt and step out. why don't we do this. put your hands... alright. 
",2
i need you to stop immediately,1
i need to use deadly force to drop the weapon,5
you have to stop now,1
i want to explain force guidelines,0
i see a possible risk,0
i'm going to use deadly force to drop the weapon,5
i need you to no we were just trying to get home honestly like the car in front of us i felt like they were getting kind of close but i understand why you you know why you were concerned or i will take action,1
i'll help you move to you got that arm.,2
let's review force policies,0
there might be a weapon nearby,0
i noticed something concerning,0
i'm forced to use less lethal measures to stop,4
"i have to use deadly force to put the gun down!, do you understand?",5
how may i assist you?,0
i'm going to guide you why you putting your handz on me,2
we're training on force techniques,0
let me explain our force continuum,0
i'm going to assist you to it's not ben day. i got your picture pulled up man.,2
there might be a weapon nearby,0
i have to use deadly force to cross fire cross fire,5
i'm forced to use less lethal measures to climb out the window you better figure the out right now you do anything other than you're told your is going to get hit with this rubber bullet you understand,4
Give me your arm now.,3
i'm forced to restrain you to you stupid little bitch.,3
i see a suspicious object,0
i have no choice but to use lethal force to put your hands out of the car now,5
i'm forced to restrain you to stop resisting,3
i'll gently guide you to you are not supposed to touch me,2
there's something concerning here,0
please albuquerque pollice wake up man you all right as soon as possible,1
"i have to physically restrain you to stay right there. drop a 13, drop a 13.",3
is everything alright?,0
there's something concerning here,0
i need to use physical force to stop banging on the door bruh,3
i'm going to use less lethal measures to stop,4
what's the matter?,0
i'm going to guide you well i'm going to do it regardless ,2
do you need assistance?,0
i'm going to guide you move,2
what seems to be the problem?,0
i'm going to help you to do not touch me.,2
is everything alright?,0
we need to discuss force protocols,0
let me explain our force continuum,0
i need you to stop as soon as possible,1
i'm going to physically restrain you to stop banging on the door bruh,3
Nice to meet you!,1
let me assist you to move,2
"i need to use deadly force to i'm telling you, drop the gun!",5
i see something that needs attention,0
i'm going to use less lethal measures to stop,4
there's a potential risk here,0
i'm forced to use less lethal force to stopp police you're gonna get tased,4
i'm directing you to stop this instant,1
i need to use less lethal force to stop,4
i'm ordering you to stop this instant,1
i have to use less lethal options to stop,4
i have to use physical control to stop resisting,3
i need you to let me know if you need anything. now,1
i see a weapon in the area,0
there's something concerning here,0
i need to physically restrain you to i can't breath,3
do you need assistance?,0
i'll assist you to move,2
i'm going to use lethal force to drop the guhn do you understand?,5
i'm forced to use less lethal measures to stop,4
i have to use physical control to stop resisting,3
how may i assist you?,0
i'm forced to use deadly force to drop the weapon,5
i need to use lethal measures to put the nife down,5
i have to use less lethal options to hit him again. put your hands behind your back. hands behind your back. release em.,4
There's graffiti on the wall.,1
i need to use less lethal options to stop police you're gonna get tased,4
i want you to stop right away,1
i'm forced to restrain you to stop resisting,3
let me help you move,2
i'm forced to use less lethal force to climb out the window you better figure the out right now you do anything other than you're told your is going to get hit with this rubber bullet you understand,4
i'm forced to restrain you to stop banging on the door bruh,3
let me help you move,2
i have to use physical control to you stupid little bitch.,3
what's the issue?,0
what's the matter?,0
i'm going to assist you to go ahead you can ask thank you keep the window rolled down,2
"i have to deploy less lethal options to look, stop pollice you're gonna get tased",4
we're training on force techniques,0
what's the problem?,0
"i'll help you move to what do you, why do you need to know this stuff?",2
i'm ordering you to stop this instant,1
"i need to use physical force to bro, calm down.",3
i see a suspicious object,0
we'll adjust your hanz for you okay,1
i have to deploy less lethal options to stop,4
i'm ordering you to stop at once,1
i'm ordering you to there's a suspicious package. at once,1
i need you to i told him to calm down and put his hands where i could see them. this instant,1
Do me a favor open these windows up real quick,1
what seems to be the problem?,0
"you must police reason for your stop today is you were over the the 
line over here and then also you were in the bike lane coming down east any reason for that now",1
i see a possible risk,0
i need to physically restrain you to stop resisting,3
i have no choice but to use lethal force to drop the weapon,5
i noticed a potential threat,0
there's a potential risk here,0
how may i assist you?,0
i'll help you move to i told you exactly what i was going to do okay,2
what's the issue?,0
i see something suspicious,0
i'm explaining our force policy,0
i'm going to use less lethal measures to stop,4
"i'm forced to restrain you to hey tommy. last time we came here, they had us go hands on with her 3 times. so.",3
i need to physically restrain you to turn the car off turn it off ,3
how can i be of help?,0
i have to deploy lethal force to take two steps to your right walk backwards stop yeah i got him back down walk backwards,5
i'm going to guide you get out of my face fat boy.,2
i'm going to use deadly force to drop the weapon,5
"i need to use lethal measures to put the guhn down!, do you understand?",5
"i'm forced to use less lethal force to if you tase me, i'm telling you it's gonna get hot in this bitch. i'm telling you it's gonna get hot. i don't care. go ahead. 
officer: i'm gonna tase you. ",4
how may i assist you?,0
let's discuss force procedures,0
you need to stop immediately,1
we need to discuss force options,0
i'm asking you to the street is too noisy. at once,1
i have to use less lethal options to stop,4
there's something concerning here,0
i have no choice but to use lethal force to put the knif down,5
can i help you with something?,0
"i have to physically control you to he's trying to break that window, he's gonna pop it out",3
how can i be of help?,0
i have to physically restrain you to he's running,3
i need to deploy lethal force to drop the weapon,5
do you need support?,0
"i need to use less lethal options to i'm telling you, tazer deployed",4
do you need assistance?,0
i'm going to use deadly force to take two steps to your right walk backwards stop yeah i got him back down walk backwards,5
there might be a risk here,0
let me clarify our force guidelines,0
i need you to stop or i will take action,1
there's a potential problem,0
"i'm going to use less lethal measures to tazer deployed, do you understand?",4
i'm forced to use physical control to stop resisting,3
"i need to deploy less lethal measures to look, stop pollice you're gonna get tased",4
we need to discuss force options,0
i'm going to assist you to move,2
what's going on here?,0
"i'm forced to use less lethal force to i'm telling you, stop pollice you're gonna get tased",4
i need to use deadly force to put the guhn down!,5
there might be danger here,0
i have to physically restrain you to stop resisting,3
how may i help you?,0
let me help you you are not supposed to touch me,2
i'm going to use physical force to you sprayed that shit right in my face,3
there's a potential risk here,0
i'll gently guide you to move,2
i require you to good evening. or i will take action,1
i need you to stop right now,1
i need to use physical force to stop moving stop moving relax stop moving,3
you have to where can i park? at once,1
i need to use deadly force to drop the weapon,5
do you need assistance?,0
i'm going to use lethal force to drop the gunn do you understand?,5
i'll assist you to no separate your feet separate your feet,2
let me assist you to don't move knuckles together,2
i'm deploying less lethal force to tazer deployed,4
what's the matter?,0
there's something concerning here,0
I need information.,1
i want to talk about force options,0
i see something suspicious,0
i have to physically restrain you to let go. give me your hand now,3
i'll gently guide you to move,2
i have to use less lethal options to stop,4
let's review force documentation,0
let me assist you to move,2
i'm forced to use less lethal measures to hit him again. put your hands behind your back. hands behind your back. release em.,4
i'm going to assist you to move,2
i want to discuss force scenarios,0
what brings you here today?,0
do you need assistance?,0
i need to use less lethal force to stopp police you're gonna get tased,4
we're training on force techniques,0
what's going on here?,0
i have to physically control you to i can't breath at all,3
i'm requesting you to stay safe out there. right away,1
please stop right now,1
i'll assist you to move,2
i'm going to use lethal force to drop the weapon,5
i'm going to deploy less lethal force to stop police you're gonna get tased,4
i want you to inside yes my work knif now,1
we need to discuss force protocols,0
i want to talk about force options,0
i'm going to physically restrain you to shut your vehicle off turn the vehicle off throw the keys out the window,3
i'm going to deploy less lethal force to stop police you're gonna get tased,4
i need to use less lethal force to stop,4
how may i assist you?,0
i'm requesting you to stop now,1
let me help you move to move,2
what's the problem?,0
how can i be of help?,0
i have to physically control you to stop resisting,3
i'm explaining our force policy,0
let me clarify our force guidelines,0
how can i be of help?,0
"i'm forced to use deadly force to i'm telling you, drop the gunn",5
"i'm going to use deadly force to put the guhn down!, do you understand?",5
there's a possible threat,0
"i have to use less lethal options to taser deployed, do you understand?",4
i see something suspicious,0
i'm requesting you to stop immediately,1
i'm going to help you to hands behind your back now stay here,2
i'll gently guide you to move,2
i'm deploying less lethal force to stop pleece you're gonna get tased,4
I'll be careful.,1
you have to thank you for your service. or i will take action,1
we need to review force protocols,0
"i'm going to assist you to why man, i'm gonna comply bro, you just.",2
let's review force policies,0
i'm forced to use deadly force to drop the weapon,5
i'm going to use physical force to stop resisting,3
there's a possible threat,0
i'm requesting you to your work knife now,1
i need to deploy lethal force to drop the weapon,5
"i'm going to deploy less lethal force to tazer deployed, do you understand?",4
i need to use physical restraint to stop banging on the door bruh,3
i'm going to help you to move,2
i'll help you move to why you putting your hanz on me,2
"i have to physically control you to i'm telling you, he's running",3
i'm forced to use deadly force to drop the weapon,5
is there something i can do for you?,0
i see a weapon in the area,0
i need to use less lethal options to climb out the window you better figure the out right now you do anything other than you're told your is going to get hit with this rubber bullet you understand,4
there's a potential risk here,0
i see something suspicious,0
i'm requesting you to can you help me with parking? now,1
i'm requesting you to stop immediately,1
i need to use less lethal options to stop police you're gonna get tased,4
"i need to physically restrain you to he's trying to break that window, he's gonna pop it out",3
do you need support?,0
i'm forced to use less lethal measures to stop,4
i'm going to assist you to move,2
i'm requesting you to stop or there will be consequences,1
i need to use deadly force to drop the weapon,5
can i be of assistance?,0
i'm asking you to stillwater police. charlene? or there will be consequences,1
do you need any help?,0
what's the situation?,0
I got one white male running,3
what brings you here today?,0
i have to physically control you to get off my neck,3
i need to use less lethal force to stop,4
please stop immediately,1
let me clarify our force guidelines,0
i need to physically restrain you to put your hands up put your hands up get on the curb hands up get on the curb ,3
i require you to i need to file a noise complaint. right away,1
"you have to ok, is that an ankle monitor? right now",1
"i'm forced to use lethal force to he's following me around with a knife, i need another new unit. i need another unit.",5
i have to physically control you to stop resisting,3
i'm forced to use less lethal measures to stop,4
i'm ordering you to stop this instant,1
we need to review force protocols,0
"you must they kept saying they were gonna fight the cops, but they never did. at once",1
i need to use deadly force to got shots fired by a black durango heading eastbound on chico,5
we were discussing the use of force policy,0
Put your hands behind your back.,2
i'll assist you to he's possibly 55 locked himself in,2
What I want you to do is turn the vehicle off and step out for me,1
i want you to where's your id? right away,1
Get out of my face fat boy.,2
i'm going to gently guide you to start us another one 1040,2
i have to physically restrain you to you stupid little bitch.,3
let me assist you to get out of my face fat boy.,2
i see something suspicious,0
i want you to stop immediately,1
there's a potential hazard,0
i need to use physical restraint to you're gonna get sprayed again,3
how may i assist you?,0
i'm explaining our force policy,0
i'll help you move to no separate your feet separate your feet,2
"I'm telling you, drop the guhn",5
"i need to physically restrain you to stay right there. drop a 13, drop a 13.",3
"i'm going to use physical force to please bro, i'm gonna get maced again, please bro",3
i'm asking you to i need directions to the mall. right now,1
let me review force policies,0
i noticed something suspicious,0
i noticed a potential threat,0
i'm directing you to that's why i just like pulled over right away,1
there's a potential risk here,0
i want you to stop right now,1
i need to deploy lethal force to drop the weapon,5
let me explain our force continuum,0
i have to physically restrain you to stop resisting,3
we need to discuss force protocols,0
i'm going to gently guide you to move,2
i'm deploying less lethal force to stahp police you're gonna get tased,4
i'm going to deploy less lethal force to taser deployed,4
"I'm telling you, just lean back",1
i'll help you move to move,2
i have to use deadly force to drop the weapon,5
do you need any help?,0
there's a potential risk here,0
i'm going to gently guide you to move,2
can i help you with something?,0
is everything alright?,0
i noticed something concerning,0
i need you to stop right now,1
what's the situation?,0
you have to do you have any pets? as soon as possible,1
how may i help you?,0
i'm going to help you to move,2
i'm going to gently guide you to he's possibly 55 locked himself in,2
i'm going to use less lethal measures to stop,4
i require you to they had to use pepper spray. right now,1
i have to deploy lethal force to shots fired shots fired front door hes at the front door,5
What are you doing on your phone?,1
i have to physically restrain you to if you fail to comply,3
i have to use less lethal options to stop,4
i'm going to use physical force to stop resisting,3
i need you to stop or i will take action,1
you're being detained you're not free to leave,2
i want you to stop immediately,1
let me help you move to hands behind your back now stay here,2
i have no choice but to use lethal force to put your handz out of the car now,5
there might be a threat nearby,0
you have to all right well the address came out right here okay so we just have to make sure  without delay,1
there might be a threat nearby,0
i'm going to use physical force to stop resisting,3
"i have to physically control you to he's trying to break that window, he's gonna pop it out",3
how may i help you?,0
i see something that needs attention,0
i'm asking you to okay i'm going to run him through fields right now,1
i have to deploy lethal force to put the guhn down!,5
we're reviewing force documentation,0
we need to discuss force protocols,0
what's happening here?,0
i have to physically control you to stop resisting,3
i want to explain force protocols,0
i'm going to help you to move,2
do you need support?,0
i'm telling you to stop without delay,1
do you need any help?,0
what's going on here?,0
i'm asking you to what's the speed limit here? as soon as possible,1
how can i help you today?,0
i'm going to use deadly force to drop the gun!,5
i'm directing you to was out of the driver's side though that shot came from the back of the car right now,1
i'm directing you to you uh got the keys by chance we'll just put on top the car now,1
there's a potential hazard,0
what's happening here?,0
i have to physically restrain you to shut your vehicle off turn the vehicle off throw the keys out the window,3
i'm going to physically restrain you to stop resisting,3
i have to physically restrain you to give me your arm now.,3
how may i help you?,0
you must stop this instant,1
there's something concerning here,0
you have to follow your buddies do me a favor guys just put what you guys got down i just want to see empty hands okay we're dispatched to a call shotter or shots fired right now,1
what's happening here?,0
how can i help you today?,0
there might be a risk here,0
"i require you to i'm telling you, he's cooperative now",1
"i'm going to physically restrain you to bro, calm down.",3
i'm directing you to okay what was your reason for coming in here as soon as possible,1
i'll gently guide you to don't yes you do you do need a woman to touch me don't touch me okay don't touch me,2
let me help you move,2
we were discussing the use of force policy,0
i want to talk about force options,0
"i'm asking you to whats your name., do you understand? at once",1
i noticed a concerning situation,0
"i'm going to use less lethal measures to i'm telling you, taser deployed",4
i'm forced to use less lethal force to stop,4
i'm forced to use physical control to stop resisting,3
"i need to deploy lethal force to i'm telling you, put the guhn down!",5
don't yes you do you do need a woman to touch me don't touch me okay don't touch me,2
let's review force documentation,0
i have to use physical control to stop resisting,3
i'm going to use less lethal measures to stop,4
"i'm forced to use less lethal force to she just goes nuts, makes suicidal statements, and tries to fight with the cops all the time so.",4
"i have to physically restrain you to oc, oc. get on the ground.",3
i noticed something suspicious,0
how can i help you today?,0
i want you to any guns immediately,1
i see a possible risk,0
let's review force policies,0
i'm explaining our force policy,0
i'll assist you to move,2
i'm going to use lethal force to drop the gunn,5
i have to physically restrain you to stop resisting,3
i need to use physical restraint to stop resisting,3
i'm requesting you to stop right away,1
there's a potential problem,0
i'm going to deploy less lethal force to stop,4
there's a potential risk here,0
we need to discuss force protocols,0
i have to physically control you to show me 31,3
i want to explain force protocols,0
i noticed a potential threat,0
how can i help you today?,0
let's review force documentation,0
i have to deploy lethal force to drop the weapon,5
let me help you move to move,2
you must is there anything i can do? as soon as possible,1
"i need to use less lethal force to if you tase me, i'm telling you it's gonna get hot in this bitch. i'm telling you it's gonna get hot. i don't care. go ahead. 
officer: i'm gonna tase you. ",4
let me help you you're being detained you're not free to leave,2
i need to deploy less lethal measures to taser deployed,4
you need to stop right away,1
i have to use less lethal options to stop,4
i have to physically control you to get off my neck,3
Can you just open this up a little more?,1
we were discussing the use of force policy,0
i need to use less lethal options to stop,4
how may i help you?,0
i'm forced to restrain you to stop resisting,3
there's a potential risk here,0
i'm going to use deadly force to drop the gun!,5
let's discuss force procedures,0
i'll gently guide you to why you putting your handz on me,2
i'm going to gently guide you to go ahead you can ask thank you keep the window rolled down,2
what's going on?,0
i want you to stop as soon as possible,1
you have to stop this instant,1
let me assist you to hey rudolph hey open the door,2
i need to physically restrain you to get off my neck,3
i'm deploying less lethal force to stop,4
i'm asking you to stop or there will be consequences,1
i have to deploy lethal force to let me see your hands! put it down now!,5
"i'm asking you to stop moving, we’re trying to help you. without delay",1
do you need any help?,0
i have to deploy lethal force to drop the weapon,5
i want to talk about force options,0
i'm ordering you to the weather is nice today. right now,1
i need to use less lethal options to stop,4
i'll gently guide you to he's possibly 55 locked himself in,2
i'm forced to use deadly force to drop the weapon,5
how may i assist you?,0
i'm forced to use less lethal measures to stop,4
i'm going to assist you to move,2
hanz behind your back now stay here,2
let me review force policies,0
you have to can you just open this up a little more? right away,1
i need to physically restrain you to stop resisting,3
i'm forced to use less lethal measures to stop,4
i'm going to deploy less lethal force to hit him again. put your hands behind your back. hands behind your back. release em.,4
i'm forced to use less lethal force to hit him again. put your hands behind your back. hands behind your back. release em.,4
i'm forced to use less lethal force to stop,4
i noticed a concerning situation,0
i'm forced to use physical control to i can't breath at all,3
i have to physically restrain you to stop resisting,3
i'm going to physically restrain you to stop resisting,3
i'm requesting you to he threatened to use force. or there will be consequences,1
"i need to use less lethal force to taser deployed, do you understand?",4
i'm forced to restrain you to stop resisting,3
i'm forced to restrain you to get his arm behind his back right now,3
Stop pleece you're gonna get TASED,4
let me help you he always dodging around my questions,2
do you need any help?,0
"i need to physically restrain you to watch out, spray, spray",3
you have to stop or there will be consequences,1
i'm going to use less lethal measures to stopp police you're gonna get tased,4
i have to physically restrain you to stop resisting,3
i'm going to use less lethal measures to stop,4
i'm forced to use deadly force to take two steps to your right walk backwards stop yeah i got him back down walk backwards,5
i'm requesting you to what made you want to be an officer? immediately,1
i'm going to gently guide you to move,2
i'm forced to restrain you to stop resisting,3
i'm going to use less lethal measures to climb out the window you better figure the out right now you do anything other than you're told your is going to get hit with this rubber bullet you understand,4
i'm forced to restrain you to stop resisting,3
i have to physically restrain you to stop resisting,3
i want you to we go we're going to throw them in a car just so we don't have to stand out here in the open as soon as possible,1
there's a potential hazard,0
what's the problem?,0
let me assist you to getting real evasive with his answers,2
can i be of assistance?,0
i'm forced to use lethal force to drop the weapon,5
i need you to stop right away,1
what's the matter?,0
how may i assist you?,0
i'm directing you to hey i found the gunn all right this instant,1
"i'm forced to use less lethal force to listen, you're about to get tased",4
i'm going to use lethal force to drop the weapon,5
we were discussing the use of force policy,0
i have to deploy lethal force to put your hands out of the car now,5
what's going on?,0
i'm forced to use physical control to stop resisting,3
i need you to stop or there will be consequences,1
you have to i just heard it was for a shooting or there will be consequences,1
i'm going to help you to move,2
i'm deploying less lethal force to stop,4
we were discussing the use of force policy,0
i have to deploy less lethal options to climb out the window you better figure the out right now you do anything other than you're told your is going to get hit with this rubber bullet you understand,4
do you need any help?,0
please stop or there will be consequences,1
there might be danger here,0
we're training on force techniques,0
"i'm forced to use less lethal measures to i'm telling you, stop pollice you're gonna get tased",4
i'm requesting you to stop without delay,1
"i'm forced to use less lethal force to taser deployed, do you understand?",4
i need to use lethal measures to put the knife down,5
you have to stop or there will be consequences,1
i'm going to use lethal force to put the guhn down!,5
i need to use physical force to stop resisting,3
i'm forced to use physical control to stop resisting,3
how may i help you?,0
i'm forced to use less lethal measures to tazer deployed,4
let me help you move to move,2
i need to deploy less lethal measures to stop,4
do you need assistance?,0
do you have your license on you boss,1
can i be of assistance?,0
Stillwater pollice Charlene?,1
i see something suspicious,0
i'm forced to restrain you to stop resisting,3
i need to use lethal measures to drop the weapon,5
what's the situation?,0
let me assist you to put your hands behind your back.,2
i'm going to deploy less lethal force to stop,4
i'm directing you to stop or i will take action,1
i have to use less lethal options to stahp police you're gonna get tased,4
i'm going to gently guide you to move,2
i'm forced to use physical control to 1050 foot bail foot bail foot pursuit stop stop do it now ,3
i'm ordering you to stop as soon as possible,1
"i'm forced to use less lethal measures to i'm telling you, taser deployed",4
i need to use physical force to stop resisting,3
I'm not going to lie there's a 9mm in the car,1
"i'm forced to use physical control to bro, kam down.",3
don't move Knuckles together,2
please i need to report a break-in. at once,1
i need to use physical force to stop resisting,3
"Can you come in my kitchen please. Can you close my door please, I have cats. Can you close my door please. Close it tight.",1
i'm requesting you to stop right away,1
i'm telling you to stop or there will be consequences,1
i'll assist you to can you just come out so we can talk,2
i need to use physical force to stop resisting,3
i have to use less lethal options to stop,4
i'm going to assist you to move,2
what seems to be the problem?,0
"i'm forced to use physical control to stay right there. drop a 13, drop a 13.",3
i'm going to use less lethal measures to stop,4
do you need support?,0
i'll help you move to i'll stand right here i'm fine.,2
i see a possible risk,0
i want to explain force guidelines,0
how may i assist you?,0
there's a potential risk here,0
we're reviewing force documentation,0
we're reviewing force documentation,0
i'm forced to use less lethal force to stop,4
you need to stop right away,1
i want to talk about force options,0
we need to discuss force protocols,0
let's discuss force procedures,0
please stop now,1
let me clarify our force guidelines,0
i'm forced to use deadly force to 999. 999. i've been shot. 999.,5
there's a possible threat,0
i have to deploy lethal force to drop the weapon,5
how may i assist you?,0
i see a possible risk,0
i'm going to use physical force to show me 31,3
there's a potential risk here,0
i'll assist you to handz behind your back now stay here,2
do you need assistance?,0
i need to use less lethal options to stop,4
there might be a risk here,0
i'm going to use less lethal measures to stop,4
i see a suspicious object,0
we need to discuss force options,0
i require you to i need to get a police report. or i will take action,1
you need to stop or there will be consequences,1
we need to discuss force options,0
i want to explain force guidelines,0
we need to review force protocols,0
"i need to use less lethal options to she just goes nuts, makes suicidal statements, and tries to fight with the cops all the time so.",4
i'm telling you to stop immediately,1
i'm going to physically restrain you to stop resisting,3
i need to use less lethal options to stop,4
i have to physically control you to stop resisting,3
i'll help you move to hanz behind your back now stay here,2
i'm deploying less lethal force to stop,4
there might be danger here,0
i'm forced to use deadly force to drop the weapon,5
do you need assistance?,0
i need to deploy less lethal measures to stopp police you're gonna get tased,4
there's a potential hazard,0
what seems to be the problem?,0
i need to deploy lethal force to drop the weapon,5
"Bro, kam down.",3
can i be of assistance?,0
inside yes my work nife,1
i have to use deadly force to got shots fired by a black durango heading eastbound on chico,5
i need you to stop immediately,1
i have to use less lethal options to stop,4
i have to use deadly force to drop the weapon,5
i have to use less lethal options to stop,4
i noticed a potential threat,0
what's the situation?,0
i have to deploy less lethal options to stop,4
i'm telling you to can you tell me where the nearest gas station is? immediately,1
we're discussing force training,0
i'm explaining our force policy,0
i'm directing you to let me know if you need anything. now,1
what's the issue?,0
i need to use less lethal force to stop pleece you're gonna get tased,4
i need to use less lethal options to hit him again. put your hands behind your back. hands behind your back. release em.,4
there's a potential problem,0
how can i help you today?,0
let me help you move to handz behind your back now stay here,2
please stop or i will take action,1
i want you to yes ser at once,1
i'm forced to use less lethal measures to taser deployed,4
i need to use physical restraint to stop resisting,3
i need to use lethal measures to drop the weapon,5
i require you to stop immediately,1
is everything alright?,0
what's the problem?,0
"i have no choice but to use lethal force to drop the gun!, do you understand?",5
i'll help you move to no separate your feet separate your feet,2
i need you to stop right now,1
i require you to where's the nearest restaurant? or there will be consequences,1
i require you to how's your day going? immediately,1
i'm explaining our force policy,0
what's the issue?,0
i'll assist you to move,2
i'll help you move to don't yes you do you do need a woman to touch me don't touch me okay don't touch me,2
i'll assist you to hey rudolph hey open the door,2
do you need any help?,0
i need to use deadly force to put your hands out of the car now,5
let me clarify our force guidelines,0
i'm going to guide you move,2
i'm telling you to stop without delay,1
i have to physically control you to 1050 foot bail foot bail foot pursuit stop stop do it now ,3
how can i be of help?,0
what's happening here?,0
i'm forced to restrain you to stop resisting,3
please stop or there will be consequences,1
i see a weapon in the area,0
i'm ordering you to stop at once,1
we're reviewing force documentation,0
what's the situation?,0
i'm forced to restrain you to stop resisting,3
"i'm deploying less lethal force to tazer deployed, do you understand?",4
i'm telling you to nobodys gonna go to jail i promise you that right now,1
what's the matter?,0
i'm going to physically restrain you to stop resisting,3
is there something i can do for you?,0
there might be danger here,0
i'm asking you to can you help me with directions? or i will take action,1
"i need to deploy less lethal measures to look, stop pollice you're gonna get tased",4
i'll assist you to move,2
is everything alright?,0
can i be of assistance?,0
The sunset is beautiful.,1
i'm going to guide you move,2
i see a possible risk,0
Put your hanz out of the car now,5
i'm explaining force procedures,0
do you need any help?,0
i noticed a concerning situation,0
is everything alright?,0
I got one black male running,3
"i need to use less lethal force to listen, you're about to get tased",4
what's going on?,0
i'll assist you to move,2
is everything alright?,0
I need backup at the intersection of Main and 5th.,0
i'm going to assist you to you got that arm.,2
there's a potential hazard,0
i'm forced to use less lethal measures to stop,4
i'm going to guide you i told you exactly what i was going to do okay,2
i'm going to use deadly force to put the guhn down!,5
i have to deploy less lethal options to climb out the window you better figure the out right now you do anything other than you're told your is going to get hit with this rubber bullet you understand,4
we're discussing force training,0
i'm going to assist you to get out of my face fat boy.,2
"i'm requesting you to i'm telling you, whats your name. now",1
i'm forced to restrain you to 1050 foot bail foot bail foot pursuit stop stop do it now ,3
i'm ordering you to stop right now,1
there might be a threat nearby,0
you have to stop as soon as possible,1
i have to deploy lethal force to drop the gunn,5
i'm telling you to we're investigating make sure none of you guys were the ones shooting what were you doing with that broke down car back there right away,1
what's the issue?,0
we're training on force techniques,0
what's going on?,0
what's the matter?,0
i have to physically control you to stop resisting,3
i need to physically restrain you to stop resisting,3
we need to discuss force protocols,0
i need to use deadly force to let me see your hands! put it down now!,5
i noticed something concerning,0
i need to deploy less lethal measures to stop,4
do you need support?,0
i need to use lethal measures to drop the weapon,5
what's going on here?,0
i see a concerning object,0
"i need to use less lethal force to if you tase me, i'm telling you it's gonna get hot in this bitch. i'm telling you it's gonna get hot. i don't care. go ahead. 
officer: i'm gonna tase you. ",4
i have to deploy less lethal options to stop,4
i'm going to use less lethal measures to stop,4
how can i be of help?,0
i need to use less lethal force to stop,4
let's review force documentation,0
i need to use physical restraint to you're about to fucking get sprayed again if you keep kicking the window.,3
i'm telling you to stop at once,1
i need to use less lethal options to stop,4
i have no choice but to use lethal force to drop the weapon,5
i'll help you move to move,2
i'm asking you to where's the nearest restaurant? or i will take action,1
i'm going to physically restrain you to stop resisting,3
there might be a dangerous situation,0
you need to stop now,1
"please she said she had a gun, but i don’t know if it was true. or there will be consequences",1
i'm going to use lethal force to put your hands out of the car now,5
i noticed a concerning situation,0
"i need to use physical restraint to i am calm, and it's not about to be. i wanna stay calm. i wanna stay calm",3
i'm going to guide you do not touch me.,2
i'm going to use physical force to stop resisting,3
i need to deploy lethal force to drop the gunn,5
there's a possible threat,0
you have to stop immediately,1
how may i help you?,0
let's review force documentation,0
i'm going to deploy less lethal force to stop,4
let me review force policies,0
"i need to use physical force to hey tommy. last time we came here, they had us go hands on with her 3 times. so.",3
i'm going to use physical force to give me your arm now.,3
i'm going to use less lethal measures to stahp police you're gonna get tased,4
do you need any help?,0
i have to deploy lethal force to drop the gunn do you understand?,5
i need you to stop right away,1
"i'm forced to use less lethal measures to tazer deployed, do you understand?",4
let me help you move to don't yes you do you do need a woman to touch me don't touch me okay don't touch me,2
i'm forced to use less lethal force to stop,4
i see a possible risk,0
how may i help you?,0
i'm forced to restrain you to stop resisting,3
i'm forced to use less lethal measures to stop,4
i have to use physical control to stop resisting,3
i'm forced to use physical control to stop resisting,3
i see something suspicious,0
i'm going to help you to do not touch me.,2
i need to use lethal measures to drop the weapon,5
let me help you move to move,2
what's the situation?,0
i'll assist you to move,2
let me clarify our force guidelines,0
i require you to i understand. immediately,1
i'm going to physically restrain you to stop resisting,3
i require you to stop or i will take action,1
i need to use physical force to i got one black male running,3
i'm forced to use less lethal measures to stahp police you're gonna get tased,4
i'm going to use physical force to stop resisting,3
i noticed a potential threat,0
what's the issue?,0
i have to deploy lethal force to drop the weapon,5
i'm asking you to stop right now,1
i need to use less lethal options to stop,4
i need to physically restrain you to shut your vehicle off turn the vehicle off throw the keys out the window,3
i need to physically restrain you to he's running,3
"i'm deploying less lethal force to taser deployed, do you understand?",4
i have to deploy less lethal options to stop,4
i'm explaining force procedures,0
"i'm going to use physical force to watch out, spray, spray",3
how may i help you?,0
i'm explaining our force policy,0
i'm ordering you to stop right now,1
i have to use less lethal options to stopp police you're gonna get tased,4
i need to physically restrain you to if you fail to comply,3
i'm directing you to what's your favorite season? as soon as possible,1
what's the issue?,0
i'm deploying less lethal force to stop,4
i want to discuss force scenarios,0
i'm going to use deadly force to drop the weapon,5
i'm going to use physical force to stop resisting,3
i have no choice but to use lethal force to drop the weapon,5
you must do you know any good restaurants around here? right now,1
we need to discuss force protocols,0
i see a concerning object,0
there might be a threat nearby,0
there might be danger here,0
i have no choice but to use lethal force to drop the gun!,5
"i need you to we’re not here to hurt you, just comply and everything will be okay. right away",1
we're training on force techniques,0
i'll help you move to we have five detained right now,2
i have to use less lethal options to stop,4
let me clarify our force guidelines,0
i'm forced to use less lethal measures to tazer deployed,4
you must stop right away,1
what brings you here today?,0
"i'm going to deploy less lethal force to she just goes nuts, makes suicidal statements, and tries to fight with the cops all the time so.",4
i need to physically restrain you to stop resisting,3
what's the situation?,0
"She just goes nuts, makes suicidal statements, and tries to fight with the cops all the time so.",4
i'll assist you to move,2
i want to discuss force scenarios,0
"i need to physically restrain you to i'm on the ground, i'm on the ground",3
i need to physically restrain you to stop resisting,3
what seems to be the problem?,0
i'm going to assist you to well i'm going to do it regardless ,2
you have to we'll adjust your hanz for you okay immediately,1
now you're just detained okay,2
i'll help you move to move,2
how can i be of help?,0
i'm directing you to stop right now,1
what seems to be the problem?,0
i'm going to help you to you're grabbing my balls sir,2
do you need support?,0
i'm going to use lethal force to drop the guhn,5
let's discuss force procedures,0
we're training on force techniques,0
how may i help you?,0
how can i be of help?,0
we're reviewing force documentation,0
Hang tight in the vehicle man,1
i want to explain force guidelines,0
i have to physically control you to stop resisting,3
i'm ordering you to stop right away,1
i'm telling you to how is the weather today? immediately,1
i need to use less lethal force to stahp police you're gonna get tased,4
"i need to deploy less lethal measures to she just goes nuts, makes suicidal statements, and tries to fight with the cops all the time so.",4
i'm going to gently guide you to move,2
you have to i need to get a police report. this instant,1
i want you to stop as soon as possible,1
i'm going to deploy less lethal force to stop,4
i need to use less lethal options to stopp police you're gonna get tased,4
I told you exactly what I was going to do okay,2
let me review force policies,0
i need to use less lethal force to stahp police you're gonna get tased,4
i'm going to use physical force to stop resisting,3
i'm going to gently guide you to we have five detained right now,2
you need to stop or there will be consequences,1
we need to discuss force protocols,0
you must durango going eastbound towards wyoming immediately,1
i want you to stop immediately,1
i'm going to physically restrain you to put your hands up put your hands up get on the curb hands up get on the curb ,3
i have to use less lethal options to stop,4
i have to physically restrain you to get off my neck,3
i need you to hey i found the gunn all right or there will be consequences,1
what's happening here?,0
"i need to use physical restraint to bro, calm down.",3
let me help you move to don't yes you do you do need a woman to touch me don't touch me okay don't touch me,2
i need to use deadly force to drop the weapon,5
you have to stop right now,1
i'm forced to use lethal force to grab your shirt at the top of your neck right there pull it up all the way up i need to see your waistband front and back take it off turn around stop walk back towards the sound of my voice,5
i'm forced to use less lethal force to hit him again. put your hands behind your back. hands behind your back. release em.,4
"i'm forced to use less lethal force to i'm telling you, tazer deployed",4
what's the situation?,0
do you need support?,0
i need to use deadly force to got shots fired by a black durango heading eastbound on chico,5
i'm requesting you to thank you for your help. immediately,1
please stop as soon as possible,1
i'll help you move to move,2
is everything alright?,0
can i help you with something?,0
i'm going to deploy less lethal force to stop police you're gonna get tased,4
"i have to use deadly force to put the gun down!, do you understand?",5
please i need directions to the mall. without delay,1
i need to deploy lethal force to drop the weapon,5
i'm going to deploy less lethal force to tazer deployed,4
"i'm going to gently guide you to why man, i'm gonna comply bro, you just.",2
i'm going to use deadly force to i've been hit.,5
what's the situation?,0
"i want you to i'm telling you, he's cooperative now",1
how may i help you?,0
i'll gently guide you to put your hanz behind your back.,2
i'm going to assist you to don't yes you do you do need a woman to touch me don't touch me okay don't touch me,2
i'm directing you to stop this instant,1
i'm ordering you to if you shut it off real quick now,1
i have to physically restrain you to i can't breath,3
i have to use deadly force to drop the gun!,5
i'm going to physically restrain you to show me 31,3
i'll help you move to move,2
do you need support?,0
i have to physically control you to stop resisting,3
i have to use less lethal options to stop,4
is there something i can do for you?,0
i need to use less lethal force to stop,4
what seems to be the problem?,0
"i need to use less lethal options to i'm telling you, taser deployed",4
i'm requesting you to stop immediately,1
i'm going to use deadly force to shots fired shots fired front door hes at the front door,5
i'm going to deploy less lethal force to taser deployed,4
i'm requesting you to stop without delay,1
i'm asking you to stop now,1
"i'm forced to restrain you to hey tommy. last time we came here, they had us go hands on with her 3 times. so.",3
let me help you move to am i under arrest or no?,2
i need you to stop as soon as possible,1
i'm forced to use lethal force to drop the weapon,5
i need to use physical restraint to stop resisting,3
i'm forced to restrain you to let go. give me your hand now,3
is everything alright?,0
i'm deploying less lethal force to stop,4
can i help you with something?,0
Do me a favor just open these up real quick so I can see back there,1
there might be a weapon nearby,0
i see something suspicious,0
i need to use physical force to stop resisting,3
how may i assist you?,0
"i have to deploy less lethal options to listen, you're about to get tased",4
i'm going to physically restrain you to stop resisting,3
let's review force policies,0
what's happening here?,0
"i need to physically restrain you to bro, kam down.",3
i have to physically control you to stop resisting,3
"i need to use physical restraint to he's trying to break that window, he's gonna pop it out",3
i have no choice but to use lethal force to drop the weapon,5
what's the matter?,0
i have to use physical control to get his arm behind his back right now,3
do you need support?,0
i'm forced to use deadly force to put your hands out of the car now,5
"i'm forced to use deadly force to put the gun down!, do you understand?",5
"i'm forced to use less lethal measures to she just goes nuts, makes suicidal statements, and tries to fight with the cops all the time so.",4
there might be a dangerous situation,0
i want you to stop now,1
i'll assist you to move,2
i have to physically restrain you to stop resisting,3
i have to use less lethal options to stop,4
i'm telling you to what time is it? at once,1
i'll assist you to put your handz behind your back.,2
how may i help you?,0
i need to use physical force to no you didn't. put both hands up now!,3
i'll gently guide you to move,2
i have to use deadly force to drop the weapon,5
i'm going to physically restrain you to you break that and you're gonna get the whole can of pepper spray man,3
i'm ordering you to thanks again. or there will be consequences,1
i'm forced to use less lethal measures to stop pleece you're gonna get tased,4
Can you help me with directions?,1
i'm going to guide you move,2
i'm going to assist you to why you putting your handz on me,2
i noticed a potential threat,0
i need to physically restrain you to i can't breath,3
"let me assist you to ok i'm willing to listen, come on lets talk. ",2
i need to use less lethal options to stop,4
i want you to any guns now,1
I'm looking for my friend.,1
i need to use less lethal options to stop,4
i'll gently guide you to you got that arm.,2
i'm deploying less lethal force to stop,4
"let me help you ok i'm willing to listen, come on lets talk. ",2
do you need support?,0
let me help you move,2
i'm ordering you to stop or i will take action,1
i noticed something suspicious,0
i'm forced to use less lethal force to taser deployed,4
is there something i can do for you?,0
what's happening here?,0
i'm telling you to stop this instant,1
i see a possible risk,0
do you need support?,0
you must there's a suspicious person. right away,1
i'll gently guide you to don't yes you do you do need a woman to touch me don't touch me okay don't touch me,2
i'm forced to use less lethal force to stahp police you're gonna get tased,4
i'm going to deploy less lethal force to stop,4
is everything alright?,0
can i help you with something?,0
"i'm forced to restrain you to bro, calm down.",3
i'm telling you to stop right away,1
i'm going to physically restrain you to let go. give me your hand now,3
what's the problem?,0
can i help you with something?,0
i need to use physical force to stop banging on the door bruh,3
i have no choice but to use lethal force to i've been hit.,5
i have to deploy less lethal options to stop police you're gonna get tased,4
i'm asking you to please go ahead and put keys on the hood this instant,1
i have to physically control you to shut your fucking mouth bitch.,3
"Hey Tommy. Last time we came here, they had us go hands on with her 3 times. So.",3
there might be a weapon nearby,0
i have to deploy less lethal options to stop,4
i have no choice but to use lethal force to drop the weapon,5
i have to use less lethal options to tazer deployed,4
"i have to physically restrain you to oc, oc. get on the ground.",3
what's going on here?,0
you have to stop right now,1
we're training on force techniques,0
"i'm forced to use less lethal measures to i'm telling you, taser deployed",4
i noticed a potential threat,0
what's the problem?,0
i need to use less lethal force to stop,4
i have to deploy less lethal options to stop,4
"i need to use less lethal options to tazer deployed, do you understand?",4
i'm going to help you to move,2
what's the situation?,0
i need to physically restrain you to stop resisting,3
i need to use physical restraint to stop resisting,3
i need to deploy lethal force to drop the weapon,5
if you shut it off real quick,1
i'm ordering you to stop or there will be consequences,1
i need to deploy less lethal measures to stop,4
"i need to use less lethal force to tazer deployed, do you understand?",4
how may i help you?,0
there might be a dangerous situation,0
How are you doing today?,1
"i'm deploying less lethal force to i'm telling you, tazer deployed",4
do you need any help?,0
i'm forced to restrain you to stop resisting,3
i see something that needs attention,0
let's discuss force procedures,0
I'm new to this area.,1
what's the matter?,0
"i'm going to use lethal force to i'm telling you, drop the guhn",5
how may i help you?,0
i'm going to assist you to i told you exactly what i was going to do okay,2
i'm going to use lethal force to drop the weapon,5
i'm forced to use less lethal measures to stahp police you're gonna get tased,4
i'm forced to use physical control to you're about to fucking get sprayed again if you keep kicking the window.,3
i have to use physical control to stop resisting,3
what's happening here?,0
i have to use less lethal options to stop,4
we were discussing the use of force policy,0
how may i help you?,0
let me help you move,2
i'm requesting you to what's your name? this instant,1
i'm ordering you to they had to use restraint. or i will take action,1
there's something concerning here,0
i'm going to deploy less lethal force to stop,4
i'm ordering you to stop or there will be consequences,1
"i have to use deadly force to i'm telling you, drop the gunn",5
let me clarify our force guidelines,0
there's a potential risk here,0
let me review force policies,0
i'm going to guide you move,2
i'm going to guide you move,2
"i'm going to guide you why man, i'm gonna comply bro, you just.",2
i need to deploy lethal force to put your hands out of the car now,5
what's going on here?,0
i need to use less lethal force to stop,4
there might be a weapon nearby,0
"i'm forced to use physical control to i'm telling you, he's running",3
i need to use physical restraint to show me 31,3
"let me help you ok i'm willing to listen, come on lets talk. ",2
i need to physically restrain you to stop resisting,3
do you need any help?,0
let me assist you to sit on the ground.,2
i have to use physical control to stop resisting,3
do you need any help?,0
i want to talk about force options,0
"i'll assist you to what do you, why do you need to know this stuff?",2
i need to deploy less lethal measures to stop pleece you're gonna get tased,4
i'm forced to use less lethal measures to taser deployed,4
i have to physically control you to stop resisting,3
i'm going to gently guide you to he's possibly 55 locked himself in,2
what's the problem?,0
you must stop without delay,1
i need to use less lethal options to stop,4
"i'm forced to use less lethal force to i'm telling you, tazer deployed",4
let me help you move,2
i want you to do you have any pets? right now,1
i have no choice but to use lethal force to take two steps to your right walk backwards stop yeah i got him back down walk backwards,5
there's a potential risk here,0
let me explain our force continuum,0
i'm going to assist you to handz behind your back now stay here,2
"i need to physically restrain you to bro, kam down.",3
i'm going to physically restrain you to get off my neck,3
i'm forced to use lethal force to cross fire cross fire,5
i'll help you move to are you requesting me.. or..,2
you need to stop now,1
i'll help you move to get out of my face fat boy.,2
there's something concerning here,0
there might be a threat nearby,0
i need to deploy lethal force to drop the weapon,5
let's discuss force procedures,0
please i need directions. or i will take action,1
what seems to be the problem?,0
i have no choice but to use lethal force to cross fire cross fire,5
"i have to use deadly force to i'm telling you, put the gunn down!",5
i need to use less lethal force to stahp police you're gonna get tased,4
i'm forced to use less lethal force to stop,4
i need to use physical force to stop resisting,3
"i'm forced to use less lethal measures to i'm telling you, stop pollice you're gonna get tased",4
i see a possible risk,0
how can i help you today?,0
i have to physically control you to stop resisting,3
"i have to use less lethal options to look, stop pollice you're gonna get tased",4
i need you to the traffic is terrible today. right now,1
i'm going to help you to get out of my face fat boy.,2
there's a possible threat,0
i have no choice but to use lethal force to drop the weapon,5
i'm telling you to stop or i will take action,1
i'm telling you to was out of the driver's side though that shot came from the back of the car immediately,1
what seems to be the problem?,0
i need to deploy less lethal measures to stop,4
what's going on here?,0
"i have to deploy lethal force to i'm telling you, put the guhn down!",5
i need to use lethal measures to drop the weapon,5
"i'm going to deploy less lethal force to i'm telling you, taser deployed",4
is there something i can do for you?,0
i need to use less lethal options to stop,4
i have to deploy less lethal options to stop,4
how may i help you?,0
i'll assist you to that is not me. how are you gonna tell me who i am.,2
i see a possible risk,0
you need to stop right away,1
i have to use physical control to stop banging on the door bruh,3
i'm going to use less lethal measures to stop,4
"i'm going to deploy less lethal force to tazer deployed, do you understand?",4
what brings you here today?,0
there might be a threat nearby,0
i need to use physical restraint to stop resisting,3
i need to use less lethal options to stop pleece you're gonna get tased,4
i'm requesting you to how's your day going? at once,1
i see a suspicious object,0
i require you to stop or there will be consequences,1
what's the situation?,0
i need to deploy less lethal measures to stop,4
i'm going to assist you to move,2
i'm going to use physical force to stop resisting,3
i need to use less lethal force to hit him again. put your hands behind your back. hands behind your back. release em.,4
do you need assistance?,0
i require you to stop at once,1
let me help you move to you got that arm.,2
i'm deploying less lethal force to stop,4
i'm asking you to the officer had to use his baton. this instant,1
i'm forced to restrain you to stop resisting,3
i'm telling you to  yeah i'm good stay with him right away,1
i have no choice but to use lethal force to drop the weapon,5
we need to discuss force protocols,0
can i be of assistance?,0
i need to use physical restraint to stop resisting,3
i'm deploying less lethal force to stop,4
there's something concerning here,0
there's a possible threat,0
let me help you move to put your hands behind your back.,2
i'm clarifying force procedures,0
how may i help you?,0
i see a possible risk,0
i need to deploy less lethal measures to stop,4
i'm going to help you to move,2
i need to deploy less lethal measures to stop,4
what brings you here today?,0
"i'm going to deploy less lethal force to tazer deployed, do you understand?",4
i have to use physical control to stop resisting,3
"i'm going to use less lethal measures to if you tase me, i'm telling you it's gonna get hot in this bitch. i'm telling you it's gonna get hot. i don't care. go ahead. 
officer: i'm gonna tase you. ",4
how may i help you?,0
i noticed a potential threat,0
i want to explain force guidelines,0
i need to physically restrain you to show me 31,3
what seems to be the problem?,0
i'll gently guide you to move,2
i'm forced to use physical control to let go. give me your hand now,3
"i need to physically restrain you to bro, kam down.",3
what seems to be the problem?,0
"i'll assist you to ok i'm willing to listen, come on lets talk. ",2
i'm forced to restrain you to i can't breath,3
let me help you move to move,2
i'm going to use physical force to stop resisting,3
"i'm deploying less lethal force to i'm telling you, taser deployed",4
i need to use less lethal force to stop,4
i need to use physical restraint to stop resisting,3
let me help you move to move,2
i'm forced to restrain you to shut your vehicle off turn the vehicle off throw the keys out the window,3
i'm going to assist you to i'll stand right here i'm fine.,2
i noticed a concerning situation,0
i'm going to guide you move,2
i have to deploy less lethal options to taser deployed,4
i have to use less lethal options to stop,4
i noticed a potential threat,0
i'm going to use less lethal measures to stop,4
i have to use deadly force to drop the weapon,5
i'm directing you to stop or i will take action,1
i have to use physical control to stop resisting,3
what's the issue?,0
i have to deploy less lethal options to stop,4
do you need assistance?,0
i need to use physical restraint to you're gonna get sprayed again,3
we're reviewing force documentation,0
i'm going to physically restrain you to stop resisting,3
we need to review force protocols,0
there's something concerning here,0
what's happening here?,0
Do you like your job?,1
can i be of assistance?,0
what brings you here today?,0
i'm going to use deadly force to drop the weapon,5
what brings you here today?,0
i see a weapon in the area,0
i need you to what's your typical day like? without delay,1
i'm going to assist you to i'm telling you to get out of the vehicle right now,2
"She said she had a gun, but I don’t know if it was true.",1
i'm deploying less lethal force to stop,4
there's a potential problem,0
"i'm forced to restrain you to i am calm, and it's not about to be. i wanna stay calm. i wanna stay calm",3
i'm going to guide you you're being detained you're not free to leave,2
i'm forced to use lethal force to put the guhn down!,5
how may i help you?,0
there might be a weapon nearby,0
i'm going to assist you to i'll stand right here i'm fine.,2
what's the issue?,0
i need to physically restrain you to stop resisting,3
you have to stop now,1
i'll assist you to move,2
Like Schizophrenia and PTSD.,1
i'm going to use less lethal measures to stop,4
let me explain our force continuum,0
we were discussing the use of force policy,0
what's the issue?,0
what's the situation?,0
there's a possible threat,0
you need to what's going on today? right now,1
i need to deploy less lethal measures to tazer deployed,4
let me assist you to well i'm going to do it regardless ,2
i have no choice but to use lethal force to drop the weapon,5
"let me help you this, this is illegal, i'm not under arrest in rockford. i'm just saying.",2
"i have to physically control you to please bro, i'm gonna get maced again, please bro",3
i require you to someone's dog is barking too much. or i will take action,1
i'm deploying less lethal force to stop,4
what's the matter?,0
what's the situation?,0
"i'm forced to use less lethal measures to tazer deployed, do you understand?",4
what seems to be the problem?,0
i need you to stop or there will be consequences,1
there might be a risk here,0
i have to deploy lethal force to drop the weapon,5
how can i be of help?,0
i want you to what's the best way to get downtown? right now,1
i have no choice but to use lethal force to drop the weapon,5
i see a suspicious object,0
i'm going to help you to move,2
"i'm forced to use lethal force to he's following me around with a knife, i need another new unit. i need another unit.",5
i'm asking you to  i didn't want you to think that there was anything concerning you know we're trying to make it home and like her mom is literally waiting for us right away,1
i'm forced to use physical control to shut your fucking mouth bitch.,3
let me help you move to move,2
i want to explain force protocols,0
let's review force policies,0
let's review force policies,0
you need to can you help me with parking? at once,1
i have to use physical control to stop resisting,3
let me clarify our force guidelines,0
please i need to file a noise complaint. or i will take action,1
"i have to use deadly force to no, shoot me. shoot me. i'll kill you. i'll kill you.",5
i'm forced to use lethal force to he's down he's down. where are you hit?,5
"i'm deploying less lethal force to listen, you're about to get tased",4
The suspect was armed.,1
i'm forced to use physical control to stop resisting,3
i'm going to physically restrain you to if you fail to comply,3
i have to use less lethal options to stop,4
i have to physically control you to stop resisting,3
i'll gently guide you to move,2
i'm going to use less lethal measures to hit him again. put your hands behind your back. hands behind your back. release em.,4
do you need support?,0
let me help you move to move,2
i need to use less lethal force to stop,4
i'm going to guide you move,2
i'm forced to restrain you to stop resisting,3
i'm asking you to stop or i will take action,1
we need to review force protocols,0
there's a potential hazard,0
i'm forced to use less lethal force to stop,4
how may i help you?,0
what's going on?,0
i need you to what do you do for fun? or there will be consequences,1
let me help you move,2
i'm requesting you to i got all his info right here right now,1
what's the matter?,0
i'm going to guide you move,2
i'm going to physically restrain you to stop resisting,3
you need to take care. at once,1
"i'm going to deploy less lethal force to tazer deployed, do you understand?",4
I understand.,1
please stop this instant,1
i have to use physical control to stop resisting,3
there might be a dangerous situation,0
i want you to stop right now,1
"i'll gently guide you to ok i'm willing to listen, come on lets talk. ",2
What time is it?,1
"We’re not here to hurt you, just comply and everything will be okay.",1
let me help you move to move,2
i'm deploying less lethal force to stop,4
there might be a risk here,0
what seems to be the problem?,0
what's going on here?,0
do you need assistance?,0
there's a possible threat,0
please i'm new to this area. or i will take action,1
i noticed something concerning,0
"i'm forced to restrain you to he's trying to break that window, he's gonna pop it out",3
let me help you move to move,2
i need to use less lethal force to stop,4
there's something concerning here,0
i'm forced to use less lethal force to stop,4
The traffic is terrible today.,1
i have to use deadly force to back up back up i got cover i got cover,5
i'm directing you to stillwater police. charlene? at once,1
The whole car reeks of weed,1
how may i help you?,0
i'm forced to use less lethal measures to stop,4
i'm going to assist you to don't yes you do you do need a woman to touch me don't touch me okay don't touch me,2
i'm asking you to stop or there will be consequences,1
Let me know if you need anything.,1
i'm going to use physical force to stop moving stop moving relax stop moving,3
let me assist you to move,2
you must stop or there will be consequences,1
i'm going to deploy less lethal force to stop,4
i'm going to use less lethal measures to taser deployed,4
can i be of assistance?,0
how may i help you?,0
you need to stop without delay,1
i need to physically restrain you to stop resisting,3
there might be a weapon nearby,0
i'll gently guide you to sit on the ground.,2
let's review force policies,0
i'm going to deploy less lethal force to stop,4
i have to physically control you to stop resisting,3
how can i help you today?,0
i'm going to use less lethal measures to stop,4
"i'm deploying less lethal force to i'm telling you, taser deployed",4
i'll help you move to are you requesting me.. or..,2
i'm going to use physical force to i can't breath,3
i need to use deadly force to drop the weapon,5
"i'm deploying less lethal force to look, stop pollice you're gonna get tased",4
you need to stop as soon as possible,1
i'm telling you to how is the weather today? now,1
Cross fire cross fire,5
i need to physically restrain you to stop resisting,3
there's something concerning here,0
i'm going to guide you handz behind your back now stay here,2
i'll gently guide you to move,2
what's the situation?,0
i want you to did you see the game last night? without delay,1
do you need any help?,0
i'm ordering you to stop as soon as possible,1
"I'm telling you, let me get that",1
i want to talk about force options,0
"i'll assist you to uh yea, you're fine. you don't have any id on you? here why don't you do me a favor and take off your seatbelt and step out.",2
i'm telling you to stop right now,1
how can i help you today?,0
i'm forced to use less lethal force to stop pleece you're gonna get tased,4
there's a potential problem,0
let me assist you to am i under arrest or no?,2
i'm going to physically restrain you to put your hands up put your hands up get on the curb hands up get on the curb ,3
i need to use physical restraint to stop resisting,3
i'm ordering you to stop as soon as possible,1
i need to deploy less lethal measures to stop police you're gonna get tased,4
let's review force policies,0
"i'm forced to use less lethal measures to i'm telling you, tazer deployed",4
i'm forced to use physical control to turn the car off turn it off ,3
there's a potential risk here,0
i'm deploying less lethal force to stop,4
i'll gently guide you to move,2
i'm going to use physical force to stop resisting,3
how can i help you today?,0
i need to use lethal measures to drop the weapon,5
i noticed a potential threat,0
i have no choice but to use lethal force to drop the weapon,5
do you guys have IDs on you ,1
i'm forced to use less lethal force to stop,4
is everything alright?,0
We're getting confirmation on that now ok?,1
what seems to be the problem?,0
is there something i can do for you?,0
there might be a weapon nearby,0
i'm telling you to stop this instant,1
i need to use lethal measures to put the guhn down!,5
"i'll help you move to i'm telling you, do not touch me.",2
i have to physically control you to stop resisting,3
we're reviewing force documentation,0
i need to use less lethal force to stop,4
i'm going to use physical force to shut your fucking mouth bitch.,3
how can i be of help?,0
what brings you here today?,0
i'm forced to use less lethal force to stop pleece you're gonna get tased,4
i'll assist you to move,2
how may i assist you?,0
let me assist you to you're being detained you're not free to leave,2
do you need support?,0
i'm going to gently guide you to it's not ben day. i got your picture pulled up man.,2
i'm going to assist you to move,2
i have to use less lethal options to stop,4
please can you just open this up a little more? right now,1
i'm forced to use physical control to stop resisting,3
i'm forced to use lethal force to put the knife down,5
we need to discuss force options,0
i'm directing you to yes ser now,1
you must stop this instant,1
i'm going to deploy less lethal force to stopp police you're gonna get tased,4
please can you answer some questions? at once,1
i'm going to help you to put your hanz behind your back.,2
i'm going to assist you to move,2
I can't breath at all,3
you have to hold on we got somebody you need to talk to right away,1
"i'm going to use less lethal measures to tazer deployed, do you understand?",4
i need to use physical force to stop resisting,3
i'm telling you to hey i found the gun all right right now,1
there might be a weapon nearby,0
i have to deploy less lethal options to stop,4
i'm telling you to i need to get a police report. immediately,1
there might be a dangerous situation,0
i'm going to physically restrain you to put your hands up put your hands up get on the curb hands up get on the curb ,3
what's the problem?,0
i'm going to assist you to put your hanz behind your back.,2
we're training on force techniques,0
"i have to physically restrain you to bro, kam down.",3
there might be a weapon nearby,0
i see a weapon in the area,0
"i have no choice but to use lethal force to i'm telling you, put the gunn down!",5
we're discussing force training,0
what's the problem?,0
i need to use deadly force to drop the weapon,5
what's the situation?,0
i need to deploy less lethal measures to stop,4
what's the problem?,0
i'm forced to use deadly force to drop the weapon,5
"I'm telling you, you doing what now?",1
i'm explaining our force policy,0
"i need to use less lethal force to i'm telling you, taser deployed",4
i'm ordering you to stop right now,1
what's going on?,0
how may i help you?,0
i'm going to guide you move,2
i'm asking you to stop immediately,1
what's going on?,0
i'm forced to use less lethal force to stop,4
how may i assist you?,0
i'll assist you to move,2
i'm explaining force procedures,0
how may i assist you?,0
i need to use less lethal force to stop,4
i need to deploy less lethal measures to stop,4
what seems to be the problem?,0
"i have to deploy less lethal options to tazer deployed, do you understand?",4
Do you like your job?,1
i see a weapon in the area,0
you must the officer had to use his taser. at once,1
i have no choice but to use lethal force to drop the weapon,5
i need to use lethal measures to drop the weapon,5
i have to physically control you to stop resisting,3
i'm going to use physical force to stop resisting,3
i have to use physical control to stop resisting,3
there's something concerning here,0
there might be a threat nearby,0
i need you to stop right away,1
i'm requesting you to stop or there will be consequences,1
i need to physically restrain you to 1050 foot bail foot bail foot pursuit stop stop do it now ,3
i see a possible risk,0
we're training on force techniques,0
do you need any help?,0
there might be danger here,0
i'm going to use lethal force to drop the weapon,5
i'm going to deploy less lethal force to stop,4
i need to deploy less lethal measures to stop,4
i'm forced to restrain you to you're gonna get sprayed again,3
i'm forced to use less lethal force to stahp police you're gonna get tased,4
"you need to we’re not here to hurt you, just comply and everything will be okay. without delay",1
i'll help you move to hanz behind your back now stay here,2
i'm clarifying force procedures,0
you must stop this instant,1
i'm asking you to i need to report a stolen bike. at once,1
i want you to do you know any good restaurants around here? without delay,1
"i need to use lethal measures to i'm telling you, put the guhn down!",5
let me help you move to move,2
what's the issue?,0
i'm forced to use physical control to stop resisting,3
"i'm forced to restrain you to watch out, spray, spray",3
let me explain our force continuum,0
i'm going to guide you don't have to touch me,2
you must durango going eastbound towards wyoming at once,1
let me assist you to am i under arrest or no?,2
how can i be of help?,0
how can i help you today?,0
i need to deploy less lethal measures to stop,4
i have to deploy lethal force to shots fired shots fired front door hes at the front door,5
there's a potential risk here,0
i need to use physical restraint to let go. give me your hand now,3
there might be a threat nearby,0
i'm going to use less lethal measures to stop pleece you're gonna get tased,4
i need to use physical force to stop resisting,3
i see something suspicious,0
i noticed a potential threat,0
i want you to nothing. can you come over here please? this instant,1
i want to explain force protocols,0
i'm deploying less lethal force to climb out the window you better figure the out right now you do anything other than you're told your is going to get hit with this rubber bullet you understand,4
do you need support?,0
we need to review force protocols,0
what seems to be the problem?,0
i have to physically control you to stop resisting,3
i'm going to help you to move,2
i'll assist you to don't yes you do you do need a woman to touch me don't touch me okay don't touch me,2
i need to use lethal measures to drop the weapon,5
i'm going to gently guide you to am i under arrest or no?,2
is there something i can do for you?,0
i'm going to guide you well i'm going to do it regardless ,2
i have to deploy lethal force to drop the weapon,5
is there something i can do for you?,0
i noticed a concerning situation,0
what's the situation?,0
"i'm telling you to just lean back, do you understand? as soon as possible",1
If you fail to comply,3
you must stop or there will be consequences,1
You sprayed that shit right in my face,3
do you need support?,0
"i'm going to use lethal force to she's choking on her own blood man, come on.",5
i'm forced to restrain you to stop resisting,3
i'm going to deploy less lethal force to tazer deployed,4
let me assist you to put your handz behind your back.,2
i'm going to gently guide you to did you just hear me? look at me. take off your seat belt.,2
i need to use lethal measures to drop the weapon,5
i have no choice but to use lethal force to drop the weapon,5
i noticed something suspicious,0
what brings you here today?,0
i need to use physical restraint to stop resisting,3
we're reviewing force documentation,0
i'm forced to use physical control to stop resisting,3
i'm forced to use lethal force to drop the weapon,5
please what happened today sirr immediately,1
what's the matter?,0
i need to deploy less lethal measures to stop,4
i need to physically restrain you to you're gonna get sprayed again,3
i'm going to help you to hands behind your back now stay here,2
i'm going to gently guide you to move,2
i'm going to gently guide you to move,2
let me help you move to do not touch me.,2
i want to explain force guidelines,0
i'm going to deploy less lethal force to stop,4
let me assist you to move,2
let's review force policies,0
we need to review force protocols,0
what's going on here?,0
"i'm going to deploy less lethal force to i'm telling you, taser deployed",4
i'm directing you to stop without delay,1
i'm going to use lethal force to drop the weapon,5
i'm requesting you to stop as soon as possible,1
i'm explaining force procedures,0
i need to physically restrain you to he's running,3
i'm forced to restrain you to stop resisting,3
let me help you move to you're grabbing my balls sir,2
let's review force documentation,0
let me help you move to you're being detained you're not free to leave,2
i'm forced to use physical control to you break that and you're gonna get the whole can of pepper spray man,3
what seems to be the problem?,0
i'm going to guide you why you putting your handz on me,2
let me help you move,2
i'm going to gently guide you to he's possibly 55 locked himself in,2
"i need to use deadly force to shots fired, shots fired, shots fired.",5
i'm forced to use physical control to i got one black male running,3
"i have to deploy lethal force to i'm telling you, drop the guhn",5
i'm asking you to stop right now,1
what's going on here?,0
what's happening here?,0
i'm forced to use physical control to turn the car off turn it off ,3
i have to physically control you to stop resisting,3
i'll gently guide you to you got that arm.,2
i'm going to use less lethal measures to stop,4
"i'll assist you to i'm telling you to take off your seatbelt and step out. why don't we do this. put your hands... alright. 
",2
"you have to whats your name., do you understand? at once",1
"i have to physically control you to oc, oc. get on the ground.",3
i'll help you move to move,2
i'm going to use physical force to stop resisting,3
i'm going to use less lethal measures to taser deployed,4
i'm deploying less lethal force to tazer deployed,4
i'm going to use physical force to stop resisting,3
i have to deploy lethal force to drop the weapon,5
go ahead you can ask thank you keep the window rolled down,2
what's the problem?,0
what's the issue?,0
"i'll gently guide you to what do you, why do you need to know this stuff?",2
i'm going to use physical force to stop resisting,3
can i be of assistance?,0
there might be danger here,0
i want to explain force guidelines,0
i'm going to gently guide you to you're grabbing my balls sir,2
let me assist you to move,2
let me assist you to you got that arm.,2
you need to stop or there will be consequences,1
i'm going to help you to move,2
do you need any help?,0
i'm going to physically restrain you to stop banging on the door bruh,3
i'll gently guide you to move,2
what's going on here?,0
what brings you here today?,0
i'm going to help you to am i under arrest or no?,2
i want to explain force protocols,0
i'm going to use physical force to put your hands up put your hands up get on the curb hands up get on the curb ,3
let me help you move to sit on the ground.,2
there's a potential hazard,0
i'm going to gently guide you to move,2
"What do you, why do you need to know this stuff?",2
i'm forced to restrain you to show me 31,3
i'm requesting you to stop at once,1
what's the matter?,0
there's a potential hazard,0
i need to use less lethal force to stop,4
stop moving stop moving relax stop moving,3
we were discussing the use of force policy,0
What happened today ser,1
i'm requesting you to stop without delay,1
i'm going to deploy less lethal force to stahp police you're gonna get tased,4
"i have to deploy less lethal options to i'm telling you, taser deployed",4
i'll assist you to move,2
you have to stop at once,1
"They kept saying they were gonna fight the cops, but they never did.",1
let me clarify our force guidelines,0
there's a potential hazard,0
please stop right now,1
i'm forced to use less lethal force to stahp police you're gonna get tased,4
can i be of assistance?,0
"i'm going to assist you to this, this is illegal, i'm not under arrest in rockford. i'm just saying.",2
i need to physically restrain you to put your hands up put your hands up get on the curb hands up get on the curb ,3
i'm going to use less lethal measures to stop,4
i noticed something concerning,0
i'm requesting you to stop at once,1
i'll help you move to move,2
i noticed a concerning situation,0
"i need to use less lethal force to i'm telling you, stop pollice you're gonna get tased",4
what seems to be the problem?,0
can i help you with something?,0
you must we're investigating make sure none of you guys were the ones shooting what were you doing with that broke down car back there or there will be consequences,1
what's the matter?,0
let me help you move to put your hands behind your back.,2
what's the issue?,0
what's the issue?,0
we're discussing force training,0
Hit him again. Put your hands behind your back. Hands behind your back. Release em.,4
i'm explaining force procedures,0
i'll help you move to move,2
i'm forced to use lethal force to put your hands out of the car now,5
i'll assist you to move,2
i noticed something suspicious,0
i'm going to assist you to move,2
i'm telling you to what's your favorite part of the job? now,1
i need to physically restrain you to stop resisting,3
i see a concerning object,0
i have to deploy lethal force to drop the weapon,5
"please let’s keep this simple, no need for things to get out of hand. as soon as possible",1
i'm going to use less lethal measures to hit him again. put your hands behind your back. hands behind your back. release em.,4
there's a potential hazard,0
do you need support?,0
i want you to yes ser this instant,1
"i have to use less lethal options to if you tase me, i'm telling you it's gonna get hot in this bitch. i'm telling you it's gonna get hot. i don't care. go ahead. 
officer: i'm gonna tase you. ",4
i'm going to guide you getting real evasive with his answers,2
i want you to i'll be careful. right now,1
i'm telling you to stop or there will be consequences,1
i'm going to guide you move,2
i'm telling you to stop without delay,1
i have to physically restrain you to put it in park put it in park now he's taking off ,3
i have to deploy lethal force to drop the weapon,5
we were discussing the use of force policy,0
there's a potential hazard,0
you have to stop immediately,1
"Listen, you're about to get TASED",4
stopp police you're gonna get TASED,4
i'm going to deploy less lethal force to stop,4
i have to deploy less lethal options to stop,4
we need to discuss force protocols,0
"i'm deploying less lethal force to i'm telling you, stop pollice you're gonna get tased",4
i'm going to help you to move,2
you have to albuquerque pleece wake up man you all right or i will take action,1
let me help you move,2
there might be danger here,0
we can ask him to search the bag,1
let me help you move to move,2
i need you to there's a pothole in the road. without delay,1
there might be a weapon nearby,0
"i have to use physical control to bro, calm down.",3
we're reviewing force documentation,0
Shut your fucking mouth bitch.,3
you have to stay safe out there. right away,1
i'm going to use deadly force to drop the weapon,5
i'm requesting you to stop or there will be consequences,1
i have to physically control you to let go. give me your hand now,3
i have to physically restrain you to stop resisting,3
let me help you well i'm going to do it regardless ,2
what's going on?,0
i'm forced to use lethal force to put the gun down!,5
Thank you for your help.,1
"i have to use physical control to oc, oc. get on the ground.",3
i'm explaining our force policy,0
i'm directing you to stop or there will be consequences,1
i'll gently guide you to move,2
there's a potential hazard,0
i need to use deadly force to drop the weapon,5
i want to explain force guidelines,0
i have to use less lethal options to stop,4
i see a suspicious object,0
i'm asking you to stop right now,1
how can i be of help?,0
let me assist you to move,2
i'm going to use deadly force to drop the weapon,5
you need to stop this instant,1
we're reviewing force documentation,0
i need to use physical restraint to shut your fucking mouth bitch.,3
i require you to all right man well you be safe okay right now,1
i'm explaining force procedures,0
i see a possible risk,0
i need to deploy less lethal measures to stahp police you're gonna get tased,4
i'm going to assist you to move,2
i'm requesting you to stop right now,1
i'm going to use physical force to stop resisting,3
what's the problem?,0
"i need to use physical restraint to please bro, i'm gonna get maced again, please bro",3
no we were just trying to get home honestly like the car in front of us I felt like they were getting kind of close but I understand why you you know why you were concerned,1
i want to explain force protocols,0
what's going on?,0
i have to physically control you to stop resisting,3
But the rest is I have the right to remain silent.,1
there might be a dangerous situation,0
i need you to stop or i will take action,1
i need to use physical restraint to stop resisting,3
how can i help you today?,0
i'm forced to use less lethal measures to tazer deployed,4
i need to deploy lethal force to drop the weapon,5
"i'm forced to restrain you to he's trying to break that window, he's gonna pop it out",3
i need to physically restrain you to stop resisting,3
let me help you move to now you're just detained okay,2
i'm going to use physical force to he's running,3
is everything alright?,0
do you need any help?,0
we were discussing the use of force policy,0
i'm requesting you to i need to get a police report. right now,1
i'm forced to use physical control to stop resisting,3
i'm asking you to stop or there will be consequences,1
i'm forced to use less lethal measures to stop,4
i need to use lethal measures to drop the weapon,5
let me help you hanz behind your back now stay here,2
you have to stop at once,1
i'm ordering you to inside yes my work knif right now,1
i want to talk about force options,0
i need you to stop immediately,1
how may i assist you?,0
i'll gently guide you to can you just come out so we can talk,2
i see a weapon in the area,0
i'm going to help you to move,2
i'm going to help you to move,2
i noticed a potential threat,0
i have to use physical control to stop resisting,3
i need to physically restrain you to stop resisting,3
i'm going to use less lethal measures to stop,4
i need to use lethal measures to drop the weapon,5
i'm ordering you to stop as soon as possible,1
how may i assist you?,0
please stop without delay,1
i want you to like schizophrenia and ptsd. at once,1
i have to use less lethal options to stopp police you're gonna get tased,4
"Why man, I'm gonna comply bro, you just.",2
what's going on?,0
i have to physically restrain you to 1050 foot bail foot bail foot pursuit stop stop do it now ,3
i'll help you move to no separate your feet separate your feet,2
what's going on?,0
i require you to stop now,1
what brings you here today?,0
let me help you move to move,2
i noticed something suspicious,0
i'm forced to use lethal force to drop the weapon,5
you have to hey i found the guhn all right or i will take action,1
i have no choice but to use lethal force to drop the weapon,5
i'm going to assist you to move,2
i'm requesting you to stop immediately,1
i have to physically control you to stop resisting,3
i noticed a concerning situation,0
i'm going to help you to move,2
what seems to be the problem?,0
"i'm going to physically restrain you to bro, com down.",3
let me assist you to move,2
i need to physically restrain you to stop resisting,3
i noticed a concerning situation,0
i need to deploy lethal force to drop the weapon,5
i'm forced to use deadly force to drop the weapon,5
let me explain our force continuum,0
i need to use lethal measures to drop the guhn,5
let me help you move to move,2
i'm asking you to what's the best way to get downtown? immediately,1
"i have to physically control you to stay right there. drop a 13, drop a 13.",3
i'm going to help you to move,2
what brings you here today?,0
i need to deploy less lethal measures to tazer deployed,4
i'm directing you to stop right now,1
i'm asking you to stop or i will take action,1
i need to use physical force to shut your fucking mouth bitch.,3
i'll gently guide you to move,2
you have to stop or there will be consequences,1
i'm going to use less lethal measures to stop pleece you're gonna get tased,4
i'll gently guide you to move,2
let's review force policies,0
i'm forced to use less lethal measures to stop,4
let me clarify our force guidelines,0
i'm forced to use deadly force to drop the weapon,5
i'm going to use physical force to stop banging on the door bruh,3
i'll assist you to no separate your feet separate your feet,2
i need to use physical force to stop resisting,3
"i'm forced to use physical control to i'm on the ground, i'm on the ground",3
let me review force policies,0
i have to physically control you to stop resisting,3
we're reviewing force documentation,0
i have to use physical control to shut your vehicle off turn the vehicle off throw the keys out the window,3
what's the problem?,0
i'm going to use lethal force to grab your shirt at the top of your neck right there pull it up all the way up i need to see your waistband front and back take it off turn around stop walk back towards the sound of my voice,5
i want you to stop at once,1
you have to is there a gas station nearby? immediately,1
i'm ordering you to i understand. as soon as possible,1
let me assist you to move,2
"i'm forced to use less lethal force to if you tase me, i'm telling you it's gonna get hot in this bitch. i'm telling you it's gonna get hot. i don't care. go ahead. 
officer: i'm gonna tase you. ",4
i'm telling you to where can i park? without delay,1
i need to use less lethal force to stop,4
let me help you you're being detained you're not free to leave,2
what's the situation?,0
Is this your truck?,1
can i help you with something?,0
i'm going to gently guide you to move,2
you must stop or there will be consequences,1
you need to stop without delay,1
i'm ordering you to stop at once,1
i want to explain force guidelines,0
what brings you here today?,0
i'm forced to use less lethal measures to stop,4
i need to physically restrain you to stop resisting,3
"i have to physically control you to bro, kam down.",3
i see something suspicious,0
we need to review force protocols,0
what's the situation?,0
i need to physically restrain you to he's running,3
i'm forced to restrain you to you're about to fucking get sprayed again if you keep kicking the window.,3
i'll assist you to i'll stand right here i'm fine.,2
we're training on force techniques,0
i need to use deadly force to drop the weapon,5
"i need to use physical force to back up, back up.",3
i'm going to use less lethal measures to stop,4
there might be a weapon nearby,0
i need to use physical force to stop resisting,3
how can i help you today?,0
i'm asking you to do you know any good restaurants around here? right away,1
i need to use deadly force to drop the weapon,5
i need to use physical restraint to i can't breath,3
i need to use physical restraint to you break that and you're gonna get the whole can of pepper spray man,3
i'm forced to use less lethal measures to stop,4
i'll gently guide you to move,2
i see a suspicious object,0
what brings you here today?,0
tazer deployed,4
i'm forced to restrain you to stop resisting,3
i'm forced to use less lethal force to stop,4
i'm asking you to stop as soon as possible,1
i need to use physical force to stop resisting,3
What happened today sirr,1
i'm going to guide you don't yes you do you do need a woman to touch me don't touch me okay don't touch me,2
i have to deploy lethal force to drop the weapon,5
let me assist you to sit on the ground.,2
what's the problem?,0
"i'm going to use deadly force to no, shoot me. shoot me. i'll kill you. i'll kill you.",5
i'm forced to restrain you to stop resisting,3
i have to physically control you to put your hands up put your hands up get on the curb hands up get on the curb ,3
i'm going to use lethal force to drop the weapon,5
i have to deploy less lethal options to stahp police you're gonna get tased,4
"i'm going to use physical force to oc, oc. get on the ground.",3
i'm going to deploy less lethal force to stop pleece you're gonna get tased,4
i'm going to physically restrain you to put it in park put it in park now he's taking off ,3
Is this area safe?,1
there's a possible threat,0
i'm ordering you to stop right now,1
let me help you move to move,2
i'm forced to use less lethal measures to stop police you're gonna get tased,4
i need to deploy less lethal measures to stop,4
i'm going to help you to move,2
i'll assist you to why you putting your hanz on me,2
what's the situation?,0
i'm forced to use less lethal measures to stop police you're gonna get tased,4
i'm going to use deadly force to drop the weapon,5
i need to use deadly force to drop the guhn do you understand?,5
is there something i can do for you?,0
i need to use physical force to stop resisting,3
i'm going to deploy less lethal force to stop,4
i need to use deadly force to put your hanz out of the car now,5
i have to use physical control to stop resisting,3
i have to use less lethal options to stop,4
"i'll assist you to ok i'm willing to listen, come on lets talk. ",2
please what are you doing on your phone? right now,1
let's discuss force procedures,0
i need to deploy less lethal measures to stop,4
i need to use physical restraint to stop resisting,3
let me review force policies,0
how can i help you today?,0
let me help you now you're just detained okay,2
let me help you move,2
i'm forced to use lethal force to drop the weapon,5
i'm directing you to stop as soon as possible,1
i need to use physical force to stop resisting,3
do you need assistance?,0
let me review force policies,0
we're training on force techniques,0
i have to physically restrain you to stop resisting,3
"i'll gently guide you to ok i'm willing to listen, come on lets talk. ",2
i'm going to physically restrain you to stop resisting,3
you need to hey i found the guhn all right or there will be consequences,1
i have to use less lethal options to stop,4
do you need support?,0
there's a potential hazard,0
The street sign is missing.,1
"i have to deploy less lethal options to taser deployed, do you understand?",4
we need to discuss force options,0
i have to use less lethal options to stop,4
i want to explain force guidelines,0
i'm telling you to thank you for your service. right now,1
i have to physically control you to stop resisting,3
do you need assistance?,0
i'll gently guide you to that is not me. how are you gonna tell me who i am.,2
we need to discuss force options,0
i need to use less lethal force to stopp police you're gonna get tased,4
What's your favorite part of the job?,1
i'm going to gently guide you to move,2
i'll gently guide you to don't move knuckles together,2
let me assist you to why you putting your hanz on me,2
i have to physically restrain you to stop resisting,3
1050 foot bail foot bail foot pursuit stop stop do it now ,3
i want you to durango going eastbound towards wyoming right away,1
let me review force policies,0
i have to physically control you to stop resisting,3
i need to use deadly force to cross fire cross fire,5
i want you to stop as soon as possible,1
i need to use physical force to you stupid little bitch.,3
i'm telling you to stop or i will take action,1
i noticed a concerning situation,0
i'm forced to use less lethal force to climb out the window you better figure the out right now you do anything other than you're told your is going to get hit with this rubber bullet you understand,4
do you need assistance?,0
i need to use less lethal options to stop,4
i'm going to use physical force to stop resisting,3
let me help you move to hanz behind your back now stay here,2
i'll gently guide you to put your hanz behind your back.,2
you need to stop right now,1
let me help you move to you're being detained you're not free to leave,2
i'm going to use deadly force to put your hands out of the car now,5
i'm going to use lethal force to yo you shot him yo.,5
i have to physically restrain you to stop resisting,3
i'll help you move to move,2
i see a weapon in the area,0
let me explain our force continuum,0
What's your favorite food?,1
do you need assistance?,0
i'm explaining force procedures,0
i'll gently guide you to well i'm going to do it regardless ,2
i'll assist you to move,2
what's going on here?,0
is everything alright?,0
i'm clarifying force procedures,0
i'll help you move to move,2
please i understand. right now,1
Take care.,1
let me help you move to sit on the ground.,2
i'm going to guide you move,2
i'm asking you to i understand. or i will take action,1
i'm forced to use less lethal measures to stahp police you're gonna get tased,4
there might be danger here,0
Can you tell me where the nearest gas station is?,1
i'm forced to use deadly force to drop the weapon,5
please do you have registration for the vehicle or there will be consequences,1
there's a potential hazard,0
i'm forced to use physical control to stop resisting,3
we were discussing the use of force policy,0
i'm going to use lethal force to drop the weapon,5
i'm forced to use less lethal measures to stop,4
i noticed something suspicious,0
"i have to deploy less lethal options to if you tase me, i'm telling you it's gonna get hot in this bitch. i'm telling you it's gonna get hot. i don't care. go ahead. 
officer: i'm gonna tase you. ",4
i require you to 10-4 making that call now as soon as possible,1
i have to use less lethal options to stop,4
i see a weapon in the area,0
please durango going eastbound towards wyoming as soon as possible,1
what's the matter?,0
let's discuss force procedures,0
can i be of assistance?,0
i'm ordering you to the suspect was threatening violence. at once,1
i have to use deadly force to 998. 998.,5
i see something suspicious,0
we need to review force protocols,0
what's the issue?,0
i'm going to physically restrain you to stop resisting,3
i'm going to physically restrain you to no you didn't. put both hands up now!,3
i'm ordering you to stop right now,1
there's something concerning here,0
let me review force policies,0
i'm forced to use deadly force to drop the weapon,5
is there something i can do for you?,0
do you need assistance?,0
let's review force documentation,0
can i help you with something?,0
i'm going to use physical force to stop resisting,3
i'm going to use lethal force to 998. 998.,5
"i need to deploy less lethal measures to if you tase me, i'm telling you it's gonna get hot in this bitch. i'm telling you it's gonna get hot. i don't care. go ahead. 
officer: i'm gonna tase you. ",4
what's the issue?,0
i'm explaining force procedures,0
i noticed something concerning,0
i'm forced to use physical control to stop resisting,3
i'm going to gently guide you to move,2
there might be a dangerous situation,0
i'm going to physically restrain you to stop resisting,3
can i help you with something?,0
i'm telling you to stop or there will be consequences,1
"i'm going to guide you why man, i'm gonna comply bro, you just.",2
i'm requesting you to take care. without delay,1
i'm forced to use lethal force to drop the weapon,5
i'm forced to use deadly force to put your hands out of the car now,5
"let me help you move to i'm telling you, do not touch me.",2
i have to physically control you to stop resisting,3
The situation required physical intervention.,1
what's happening here?,0
"i need to use physical force to oc, oc. get on the ground.",3
i'm going to assist you to am i under arrest or no?,2
i'm forced to use less lethal measures to hit him again. put your hands behind your back. hands behind your back. release em.,4
what seems to be the problem?,0
let me help you move to move,2
i need you to is this your truck? without delay,1
let me clarify our force guidelines,0
there might be a weapon nearby,0
i noticed something concerning,0
i require you to stop now,1
i'm going to assist you to can you just come out so we can talk,2
i have to use deadly force to don't fucking move,5
let me help you am i under arrest or no?,2
i want you to stop immediately,1
"i need to use less lethal options to tazer deployed, do you understand?",4
i have to use physical control to stop resisting,3
 yeah I'm good stay with him,1
i need to use less lethal options to stop,4
i'm forced to use physical control to stop resisting,3
i'm going to gently guide you to move,2
how may i help you?,0
i'm ordering you to stop immediately,1
i'm clarifying force procedures,0
you have to stop this instant,1
i'm going to use physical force to stop resisting,3
i have to physically control you to stop resisting,3
there's a potential risk here,0
What's the hardest part of your job?,1
i'm forced to use lethal force to put the nife down,5
i have to physically restrain you to stop resisting,3
i'm going to guide you move,2
i'll gently guide you to move,2
i need to physically restrain you to stop resisting,3
what seems to be the problem?,0
do you need any help?,0
what's happening here?,0
can i help you with something?,0
i'm going to guide you why you putting your hands on me,2
i'm going to use deadly force to drop the weapon,5
i have to use deadly force to he's down he's down. where are you hit?,5
what's the issue?,0
i noticed something suspicious,0
let me clarify our force guidelines,0
there might be a dangerous situation,0
i need to use deadly force to drop the weapon,5
you must be careful. or there will be consequences,1
please what's your name? right away,1
"i have to physically control you to back up, back up.",3
there might be a threat nearby,0
i want to explain force guidelines,0
i need to use deadly force to drop the weapon,5
i'll help you move to move,2
i'm ordering you to can you help me with parking? or i will take action,1
you must albuquerque police wake up man you all right or there will be consequences,1
I'm new to this area.,1
i require you to stop right away,1
there's a potential hazard,0
i need to physically restrain you to put it in park put it in park now he's taking off ,3
i'm forced to restrain you to stop resisting,3
let me review force policies,0
i'm going to deploy less lethal force to stop,4
do you need any help?,0
how can i help you today?,0
we're discussing force training,0
i need you to what's going on today? without delay,1
i'll assist you to why you putting your handz on me,2
what's the situation?,0
i'm forced to use lethal force to put your hands out of the car now,5
what's going on here?,0
there's a potential hazard,0
Alright. You got your driver's license on you buddy? Where you headed?,1
i'm forced to use lethal force to put your hanz out of the car now,5
"i'm going to use lethal force to drop the gun!, do you understand?",5
there's a potential risk here,0
we need to review force protocols,0
i want you to stop this instant,1
"i'm going to physically restrain you to i'm on the ground, i'm on the ground",3
you must stop immediately,1
let me help you move to start us another one 1040,2
can i be of assistance?,0
i'm telling you to there's a broken street light. immediately,1
what seems to be the problem?,0
i'm forced to use physical control to put it in park put it in park now he's taking off ,3
i see a suspicious object,0
how may i help you?,0
i need to use less lethal options to stop,4
i have to deploy less lethal options to stop,4
i want you to stop as soon as possible,1
i need to use lethal measures to drop the weapon,5
i'm deploying less lethal force to stop,4
there's a potential risk here,0
The garbage wasn't picked up.,1
i see something that needs attention,0
i'll assist you to move,2
i'm directing you to the suspect was threatening violence. immediately,1
i'll help you move to you are not supposed to touch me,2
i'm going to help you to get out of my face fat boy.,2
i'm explaining force procedures,0
let's review force policies,0
what brings you here today?,0
i'm going to deploy less lethal force to stop,4
you need to what's your favorite color? or i will take action,1
what seems to be the problem?,0
there might be a weapon nearby,0
i'm clarifying force procedures,0
what's going on here?,0
i want to discuss force scenarios,0
what's going on here?,0
what's happening here?,0
i need you to stop this instant,1
i have to deploy lethal force to drop the weapon,5
i'll help you move to move,2
i'm going to assist you to move,2
i need to use physical force to shut your vehicle off turn the vehicle off throw the keys out the window,3
i have to physically restrain you to stop resisting,3
let me help you move,2
i'm going to guide you hey rudolph hey open the door,2
"i have to deploy lethal force to i'm telling you, put the gun down!",5
i need to use deadly force to drop the weapon,5
"i need to use deadly force to i'm telling you, put the gun down!",5
"i'm forced to use lethal force to i'm telling you, drop the guhn",5
i'm forced to use physical control to stop resisting,3
i'm forced to use less lethal measures to stop,4
i want to discuss force scenarios,0
i have to use physical control to stop moving stop moving relax stop moving,3
"i need to use lethal measures to i'm telling you, drop the gun!",5
"i'm going to help you to what do you, why do you need to know this stuff?",2
how can i help you today?,0
i'm telling you to stop right away,1
i'm forced to restrain you to stop resisting,3
you must take care. or i will take action,1
how can i help you today?,0
"i'm going to help you to this, this is illegal, i'm not under arrest in rockford. i'm just saying.",2
i'm going to gently guide you to don't have to touch me,2
Let me see your hands! Put it down now!,5
let me clarify our force guidelines,0
How do you stay safe?,1
i'm deploying less lethal force to stop,4
i need you to stay safe out there. or there will be consequences,1
i need to use physical restraint to stop resisting,3
"i'm going to assist you to i'm telling you, do not touch me.",2
i'm forced to use physical control to stop resisting,3
"I am calm, and it's not about to be. I wanna stay calm. I wanna stay calm",3
i'm telling you to have you ever had contact with police before right now,1
i'm requesting you to stop right away,1
i'm going to assist you to why you putting your handz on me,2
"i have to deploy less lethal options to i'm telling you, tazer deployed",4
i'm forced to use deadly force to drop the weapon,5
i need to deploy less lethal measures to stop,4
i require you to can you tell me where the nearest gas station is? right away,1
Do you know any good restaurants around here?,1
i'm going to use physical force to give me your arm now.,3
i have to physically restrain you to stop resisting,3
"i have no choice but to use lethal force to drop the gun!, do you understand?",5
i'll help you move to hey rudolph hey open the door,2
i need to physically restrain you to stop moving stop moving relax stop moving,3
i need to use physical force to stop resisting,3
i'll gently guide you to put your hanz behind your back.,2
"i need to deploy lethal force to put the guhn down!, do you understand?",5
can i help you with something?,0
let's review force policies,0
what's the issue?,0
i need to physically restrain you to stop resisting,3
i need to use physical restraint to stop resisting,3
"i'm forced to use less lethal force to look, stop pollice you're gonna get tased",4
you need to that go okay probably going have to go to jail for it  now,1
i'm explaining force procedures,0
i'm going to guide you move,2
i need to use less lethal options to stop police you're gonna get tased,4
"Captain, we are wrapping up the scene now.",0
what's going on here?,0
i'm going to assist you to move,2
They had to use non-lethal force.,1
i'm going to use less lethal measures to stop,4
what's the situation?,0
Can you help me find my lost dog?,1
i require you to stop at once,1
i need to physically restrain you to you're about to fucking get sprayed again if you keep kicking the window.,3
how can i help you today?,0
you need to that's why i just like pulled over or there will be consequences,1
"i'm forced to restrain you to watch out, spray, spray",3
i'm ordering you to where can i park? immediately,1
i noticed a concerning situation,0
i'll gently guide you to move,2
i'm forced to use physical control to stop resisting,3
do you need assistance?,0
i need to deploy less lethal measures to stop pleece you're gonna get tased,4
i have to use deadly force to shots fired shots fired front door hes at the front door,5
i'm telling you to i need to report a stolen bike. now,1
i'm going to physically restrain you to stop resisting,3
i have to use physical control to stop resisting,3
How is the weather today?,1
how can i be of help?,0
Yes ser,1
i'm directing you to stop this instant,1
how may i assist you?,0
there might be a weapon nearby,0
"i need you to you’re not in trouble, we just need to figure out what happened. as soon as possible",1
do you need assistance?,0
i'm going to gently guide you to move,2
i'm going to help you to move,2
what's the matter?,0
there's a potential hazard,0
i'm forced to use less lethal measures to stop,4
i need to use less lethal options to stopp police you're gonna get tased,4
i'm asking you to stop right now,1
i'm forced to restrain you to you break that and you're gonna get the whole can of pepper spray man,3
"i'm going to use deadly force to i'm telling you, put the gunn down!",5
i'm explaining our force policy,0
please stop as soon as possible,1
how can i help you today?,0
i need to use deadly force to drop the weapon,5
"i need to use less lethal options to taser deployed, do you understand?",4
"I'm telling you, put the guhn down!",5
i need to use physical restraint to stop resisting,3
i'm asking you to stop as soon as possible,1
let's review force documentation,0
i'm forced to use less lethal measures to stop,4
where do you guys live at,1
"Let’s keep this simple, no need for things to get out of hand.",1
you have to just lean back right away,1
i'm asking you to stop as soon as possible,1
i need to use less lethal options to stop,4
i'm forced to use lethal force to drop the weapon,5
i'm going to guide you move,2
he always dodging around my questions,2
i need to use lethal measures to drop the weapon,5
you have to stop as soon as possible,1
i noticed a potential threat,0
i'm forced to restrain you to stop resisting,3
i'm going to physically restrain you to i got one black male running,3
"i'm going to use lethal force to i'm telling you, put the gun down!",5
i'm requesting you to take care. this instant,1
"i need to deploy lethal force to shots fired, shots fired, shots fired.",5
"i have to use less lethal options to if you tase me, i'm telling you it's gonna get hot in this bitch. i'm telling you it's gonna get hot. i don't care. go ahead. 
officer: i'm gonna tase you. ",4
"i have to use physical control to bro, calm down.",3
"i'm forced to use less lethal force to tazer deployed, do you understand?",4
i'll gently guide you to move,2
you must i love this neighborhood. without delay,1
i'm deploying less lethal force to stop,4
i have no choice but to use lethal force to put your hanz out of the car now,5
what's happening here?,0
i'm going to use deadly force to drop the weapon,5
i need you to yes sir as soon as possible,1
what's the matter?,0
i see a weapon in the area,0
what's going on?,0
i want you to we'll adjust your hanz for you okay this instant,1
i have no choice but to use lethal force to drop the weapon,5
i'm ordering you to the suspect was threatening violence. immediately,1
i'm going to guide you move,2
i'm going to use less lethal measures to stop,4
what seems to be the problem?,0
"i need to deploy less lethal measures to listen, you're about to get tased",4
i'm telling you to stop without delay,1
let me review force policies,0
let me help you move to put your hands behind your back.,2
i noticed a potential threat,0
i'll gently guide you to move,2
i need to use less lethal options to stop,4
there's a potential risk here,0
i'm deploying less lethal force to stop,4
i want to discuss force scenarios,0
i'll gently guide you to move,2
let me explain our force continuum,0
i'm asking you to stop right away,1
let me assist you to move,2
let's discuss force procedures,0
there might be a risk here,0
i'm going to gently guide you to get out of my face fat boy.,2
let me assist you to move,2
let me help you move,2
how may i assist you?,0
what's the matter?,0
let me explain our force continuum,0
i'm going to guide you no separate your feet separate your feet,2
you have to stop at once,1
i have to physically control you to stop resisting,3
"i have to deploy less lethal options to look, stop pollice you're gonna get tased",4
i'm going to use physical force to stop resisting,3
i'm directing you to stop or i will take action,1
I need to report a stolen bike.,1
i'm going to assist you to i'm telling you to get out of the vehicle right now,2
let me help you move,2
i'm deploying less lethal force to stop,4
i'm ordering you to stop or there will be consequences,1
i'm ordering you to stop right away,1
how can i be of help?,0
okay do you mind stepping out for me real quick ,1
i'm going to assist you to move,2
can i be of assistance?,0
i'm going to assist you to move,2
i need to physically restrain you to stop resisting,3
i'm going to deploy less lethal force to stop,4
we're discussing force training,0
let me explain our force continuum,0
i'm forced to use lethal force to put the knif down,5
i'm going to use physical force to you're gonna get sprayed again,3
let me help you move to move,2
i have to use less lethal options to stop,4
i want you to stop or there will be consequences,1
we need to discuss force options,0
you uh got the keys by chance we'll just put on top the car,1
i'm going to use lethal force to drop the gunn do you understand?,5
i'm clarifying force procedures,0
there might be a risk here,0
let me help you don't move knuckles together,2
i see a possible risk,0
i'll assist you to you're grabbing my balls sir,2
how can i be of help?,0
i need to use physical force to stop resisting,3
let me help you move to getting real evasive with his answers,2
is everything alright?,0
i'm forced to use physical control to shut your fucking mouth bitch.,3
i'm forced to restrain you to stop resisting,3
i have to use physical control to stop resisting,3
i see something suspicious,0
i have to deploy lethal force to drop the weapon,5
"i'm directing you to what you doin, do you understand? at once",1
i'll assist you to move,2
i'm going to help you to why you putting your handz on me,2
"i'm requesting you to i'm telling you, he's cooperative immediately",1
"let me help you ok i'm willing to listen, come on lets talk. ",2
"i need to use less lethal force to i'm telling you, stop pollice you're gonna get tased",4
i see a possible risk,0
i'm requesting you to what's the most common call you get? as soon as possible,1
how can i help you today?,0
i'm going to guide you why you putting your hands on me,2
what's the situation?,0
what's the issue?,0
let me assist you to move,2
"i'm going to use deadly force to drop the gun!, do you understand?",5
we're training on force techniques,0
i'm requesting you to you hear any gunshots right now,1
we're reviewing force documentation,0
there might be danger here,0
there's a potential risk here,0
i have no choice but to use lethal force to cross fire cross fire,5
there might be a dangerous situation,0
how can i help you today?,0
"i have to deploy lethal force to no, shoot me. shoot me. i'll kill you. i'll kill you.",5
Put the knif down,5
i want to explain force guidelines,0
i'm ordering you to stop right away,1
i'm forced to use less lethal measures to stop,4
"i need to use less lethal options to i'm telling you, taser deployed",4
i want you to stop this instant,1
i'm forced to use less lethal measures to stop,4
i'm requesting you to stop without delay,1
i'm clarifying force procedures,0
there's a potential problem,0
i want to explain force protocols,0
"i'm going to use deadly force to i'm telling you, put the guhn down!",5
i'll assist you to move,2
i'm going to use lethal force to drop the gun!,5
i require you to i need information. right away,1
you need to what's the most common call you get? this instant,1
i'll help you move to move,2
i'm forced to use deadly force to drop the weapon,5
i have to use less lethal options to stahp police you're gonna get tased,4
is everything alright?,0
we need to discuss force options,0
there might be a risk here,0
let me help you are you requesting me.. or..,2
i have no choice but to use lethal force to take two steps to your right walk backwards stop yeah i got him back down walk backwards,5
i need to use physical restraint to stop resisting,3
i'm forced to restrain you to i got one black male running,3
i need to physically restrain you to i got one black male running,3
"okay sit down, do you understand?",1
i'm going to use less lethal measures to stop,4
i have to physically restrain you to stop resisting,3
i see a suspicious object,0
can i help you with something?,0
how can i help you today?,0
i have to use deadly force to drop the weapon,5
i'm ordering you to is there anything i can do? right away,1
what's going on here?,0
i'm asking you to i need to report a lost item. as soon as possible,1
you need to stop now,1
i'm forced to use less lethal measures to stop,4
"I'm telling you, whats your name.",1
"i'm forced to use less lethal force to i'm telling you, tazer deployed",4
i have to physically restrain you to get off my neck,3
you need to take care. right away,1
you must stop as soon as possible,1
i'm telling you to stop right now,1
i'm deploying less lethal force to stop pleece you're gonna get tased,4
i'm directing you to  i didn't want you to think that there was anything concerning you know we're trying to make it home and like her mom is literally waiting for us immediately,1
i want you to you doing what now? this instant,1
i'll gently guide you to move,2
we need to discuss force options,0
i have to deploy less lethal options to stop,4
let me help you move to put your hands behind your back.,2
"i require you to i'm telling you, whats your name. or i will take action",1
there might be a dangerous situation,0
how can i be of help?,0
i'm going to help you to move,2
you have to have a nice day. as soon as possible,1
let's review force policies,0
i'm going to deploy less lethal force to stop,4
there's a potential problem,0
"i have no choice but to use lethal force to she's choking on her own blood man, come on.",5
i need to use lethal measures to drop the weapon,5
i'm asking you to stop now,1
i require you to stop now,1
what's happening here?,0
we need to discuss force options,0
i need to deploy less lethal measures to stop,4
"i'm going to use physical force to i am calm, and it's not about to be. i wanna stay calm. i wanna stay calm",3
i'm going to help you to hey rudolph hey open the door,2
i'm clarifying force procedures,0
i require you to stop now,1
you need to inside yes my work knife without delay,1
i have to deploy less lethal options to stop,4
i'm forced to use deadly force to drop the weapon,5
Get his arm behind his back right now,3
take two steps to your right walk backwards stop yeah I got him back down walk backwards,5
"i'm forced to use less lethal force to i'm telling you, stop pollice you're gonna get tased",4
I need to file a report.,1
what's going on here?,0
i'll gently guide you to move,2
"i need to use less lethal force to if you tase me, i'm telling you it's gonna get hot in this bitch. i'm telling you it's gonna get hot. i don't care. go ahead. 
officer: i'm gonna tase you. ",4
i'm forced to use lethal force to he's down he's down. where are you hit?,5
there's a potential problem,0
is everything alright?,0
i'm going to gently guide you to put your handz behind your back.,2
there might be danger here,0
you must inside yes my work knife now,1
"i have to use deadly force to shots fired, shots fired, shots fired.",5
let's review force documentation,0
Stay safe.,1
okay I'm going to run him through Fields,1
can i help you with something?,0
"i'm going to deploy less lethal force to i'm telling you, tazer deployed",4
i'm deploying less lethal force to stop pleece you're gonna get tased,4
"i have to physically control you to watch out, spray, spray",3
i need to use physical restraint to stop resisting,3
let's review force policies,0
i'm forced to use less lethal measures to stop,4
what seems to be the problem?,0
i'm telling you to stay safe out there. as soon as possible,1
i have to use physical control to you sprayed that shit right in my face,3
i see something suspicious,0
what's the issue?,0
i'm forced to use lethal force to drop the weapon,5
i have to deploy less lethal options to stop,4
i need to physically restrain you to put it in park put it in park now he's taking off ,3
Drop the gunn do you understand?,5
i need to physically restrain you to 1050 foot bail foot bail foot pursuit stop stop do it now ,3
we're training on force techniques,0
can i be of assistance?,0
Take care.,1
what's the matter?,0
i want you to can you help me with parking? without delay,1
i'm going to gently guide you to move,2
i have to deploy less lethal options to taser deployed,4
i'll assist you to move,2
i'm ordering you to stop right away,1
i'm ordering you to what i want you to do is turn the vehicle off and step out for me now,1
Shots fired shots fired front door hes at the front door,5
what's going on here?,0
i'm telling you to thank you for your help. at once,1
i'm forced to use lethal force to drop the weapon,5
i want to discuss force scenarios,0
what seems to be the problem?,0
let me help you move to move,2
there's a possible threat,0
i need to physically restrain you to give me your arm now.,3
i need to physically restrain you to stop resisting,3
what's the problem?,0
i'm deploying less lethal force to stop,4
there might be a risk here,0
i'm asking you to stop or i will take action,1
"i have to use deadly force to put the gunn down!, do you understand?",5
i have to deploy less lethal options to stop,4
i'm going to deploy less lethal force to stahp police you're gonna get tased,4
i'm going to guide you move,2
i have no choice but to use lethal force to he's down he's down. where are you hit?,5
i'm ordering you to stop at once,1
is everything alright?,0
i have to use deadly force to put the gunn down!,5
i noticed a concerning situation,0
i need to use deadly force to back up back up i got cover i got cover,5
do you need assistance?,0
i'm forced to use less lethal measures to hit him again. put your hands behind your back. hands behind your back. release em.,4
"i'm going to use physical force to he's trying to break that window, he's gonna pop it out",3
i have to use deadly force to drop the weapon,5
i have to use physical control to 1050 foot bail foot bail foot pursuit stop stop do it now ,3
do you need any help?,0
i'm forced to use physical control to stop resisting,3
let me clarify our force guidelines,0
let me clarify our force guidelines,0
i'm forced to use less lethal force to stop,4
i'm forced to use physical control to no you didn't. put both hands up now!,3
i need to use deadly force to drop the weapon,5
what's the matter?,0
i need to deploy lethal force to drop the gun!,5
i'm deploying less lethal force to hit him again. put your hands behind your back. hands behind your back. release em.,4
"i need to use deadly force to i'm telling you, put the gunn down!",5
i'm telling you to can you help me find my lost dog? this instant,1
you need to stop at once,1
It's not Ben Day. I got your picture pulled up man.,2
let me help you move,2
i'm telling you to stop without delay,1
i'm going to guide you move,2
can i be of assistance?,0
you have to inside yes my work knife without delay,1
Can you help me with paperwork?,1
can i help you with something?,0
i need you to stop as soon as possible,1
there might be a dangerous situation,0
what brings you here today?,0
i'm forced to use less lethal force to tazer deployed,4
i'm forced to use less lethal measures to stop,4
i want to discuss force scenarios,0
i'm going to use lethal force to put your hanz out of the car now,5
i'll help you move to don't move knuckles together,2
i'm going to assist you to move,2
what's the situation?,0
i need to use physical force to stop resisting,3
i have to use deadly force to shots fired shots fired front door hes at the front door,5
i'm going to use less lethal measures to stop,4
i have to use deadly force to put the gun down!,5
i need to use less lethal force to stop,4
do you need assistance?,0
you must where are you from? or there will be consequences,1
can i be of assistance?,0
i'm directing you to is there any else inside as soon as possible,1
i see something that needs attention,0
i'll help you move to move,2
we're training on force techniques,0
i'm going to use less lethal measures to stop,4
i'm forced to use physical control to stop moving stop moving relax stop moving,3
i noticed something suspicious,0
i need to use physical force to he's running,3
Put your hands out of the car now,5
do you need assistance?,0
let's review force policies,0
let me help you move to move,2
you must do me a favor open these windows up real quick right now,1
i need to use lethal measures to drop the gun!,5
i want to explain force guidelines,0
what's the problem?,0
let me help you you're being detained you're not free to leave,2
how can i be of help?,0
"i'm forced to use less lethal force to i'm telling you, taser deployed",4
"i'm going to deploy less lethal force to she just goes nuts, makes suicidal statements, and tries to fight with the cops all the time so.",4
how can i help you today?,0
i need you to stop now,1
i have to physically restrain you to stop resisting,3
we need to discuss force protocols,0
i need to use less lethal force to stop,4
i'm forced to use deadly force to drop the weapon,5
i'm going to guide you hands behind your back now stay here,2
we're discussing force training,0
i'm going to assist you to move,2
i'm going to guide you move,2
how may i help you?,0
what's the matter?,0
i have to use physical control to you sprayed that shit right in my face,3
They had to use pepper spray.,1
we're training on force techniques,0
i'm going to use physical force to stop resisting,3
there's a possible threat,0
i need to deploy lethal force to put the gunn down!,5
i have to physically control you to stop resisting,3
i have to physically restrain you to shut your vehicle off turn the vehicle off throw the keys out the window,3
what's going on?,0
There's a broken street light.,1
i see a suspicious object,0
let me assist you to move,2
there might be danger here,0
let me assist you to move,2
i have to physically control you to stop resisting,3
let me help you move to move,2
let me clarify our force guidelines,0
i'm asking you to stop or there will be consequences,1
i have no choice but to use lethal force to drop the weapon,5
i want you to stop right away,1
there's something concerning here,0
we were discussing the use of force policy,0
i'm forced to restrain you to stop resisting,3
i want to explain force guidelines,0
do you need assistance?,0
can i help you with something?,0
let's review force documentation,0
i want to explain force guidelines,0
i have to deploy less lethal options to stop,4
i'm clarifying force procedures,0
i have to physically restrain you to stop resisting,3
is everything alright?,0
how can i be of help?,0
i'm clarifying force procedures,0
i'll assist you to hanz behind your back now stay here,2
let me assist you to start us another one 1040,2
i have to physically restrain you to if you fail to comply,3
do you need assistance?,0
i'm deploying less lethal force to stop,4
i want you to how do i get to the airport? right away,1
i'm going to physically restrain you to stop resisting,3
i'll assist you to move,2
let me review force policies,0
i'm forced to use lethal force to drop the weapon,5
i need you to can you help me with directions? now,1
i'm going to assist you to move,2
what's going on?,0
let's discuss force procedures,0
i'm forced to use less lethal force to stop pleece you're gonna get tased,4
i'm going to guide you move,2
appreciate you man I'm glad you're okay,1
i need to use lethal measures to drop the guhn do you understand?,5
i want you to stillwater police. charlene? at once,1
i'm forced to use deadly force to put the guhn down!,5
i need to use deadly force to drop the weapon,5
"i have to physically control you to he's trying to break that window, he's gonna pop it out",3
i'm going to physically restrain you to stop banging on the door bruh,3
i'm going to assist you to move,2
do you need support?,0
you need to stop without delay,1
"i need to physically restrain you to he's trying to break that window, he's gonna pop it out",3
there's a potential problem,0
your work nife,1
i'm going to use physical force to stop resisting,3
there's a potential risk here,0
"i'm deploying less lethal force to i'm telling you, taser deployed",4
is there something i can do for you?,0
i'm ordering you to oh don't worry about it man. lets get that id. at once,1
i noticed something suspicious,0
i'm forced to use deadly force to drop the gunn do you understand?,5
we were discussing the use of force policy,0
i noticed something suspicious,0
you need to see you around. this instant,1
i'm going to gently guide you to i'll stand right here i'm fine.,2
"i'm forced to use less lethal force to she just goes nuts, makes suicidal statements, and tries to fight with the cops all the time so.",4
there's a potential risk here,0
i need to use lethal measures to stop. stop. stop. put the gun down. put the gun down. put the,5
"i'm forced to use physical control to bro, com down.",3
i'm ordering you to how is the weather today? this instant,1
TASER deployed,4
let me help you move to move,2
i'm explaining force procedures,0
"i have to use physical control to i'm telling you, he's running",3
i'm ordering you to stop or there will be consequences,1
let me assist you to put your hands behind your back.,2
i'm going to physically restrain you to show me 31,3
i want to explain force guidelines,0
i see a weapon in the area,0
i need to use physical restraint to turn the car off turn it off ,3
i see a concerning object,0
i'm clarifying force procedures,0
i'm going to physically restrain you to you're gonna get sprayed again,3
what brings you here today?,0
i'm ordering you to you know why why i hear gunshots all the time  as soon as possible,1
i need to use less lethal force to stop,4
i'll gently guide you to move,2
i have to deploy less lethal options to stop,4
i need to use less lethal options to taser deployed,4
there might be danger here,0
i'm explaining force procedures,0
i'm forced to use physical control to give me your arm now.,3
i'm going to help you to i'm telling you to get out of the vehicle right now,2
i have to physically control you to i got one black male running,3
i'm requesting you to stop as soon as possible,1
i see a suspicious object,0
"i'm going to use deadly force to shots fired, shots fired, shots fired.",5
i need to deploy less lethal measures to stop,4
you need to i need to get a police report. without delay,1
please stop this instant,1
i need to use physical force to if you fail to comply,3
there might be a risk here,0
i need to use less lethal options to stop,4
i noticed something suspicious,0
what's going on?,0
"i need to deploy less lethal measures to if you tase me, i'm telling you it's gonna get hot in this bitch. i'm telling you it's gonna get hot. i don't care. go ahead. 
officer: i'm gonna tase you. ",4
what seems to be the problem?,0
what's the matter?,0
please stop right now,1
i require you to stop this instant,1
let me clarify our force guidelines,0
i'm ordering you to stop or i will take action,1
i'm going to help you to move,2
i'm telling you to stop or i will take action,1
i'm going to use physical force to let go. give me your hand now,3
i have no choice but to use lethal force to drop the weapon,5
you must see you around. right now,1
i need to use less lethal options to stop police you're gonna get tased,4
i see a suspicious object,0
"i need to use less lethal options to look, stop pollice you're gonna get tased",4
there's a possible threat,0
can i help you with something?,0
i need to physically restrain you to stop resisting,3
we need to discuss force protocols,0
i'll gently guide you to we have five detained right now,2
there might be a dangerous situation,0
"i'm going to deploy less lethal force to taser deployed, do you understand?",4
i'll gently guide you to go ahead you can ask thank you keep the window rolled down,2
what's going on here?,0
What's the hardest part of your job?,1
i have to use less lethal options to stop,4
let me help you move,2
let me help you why you putting your hands on me,2
i'm going to use less lethal measures to stahp police you're gonna get tased,4
let me explain our force continuum,0
is there something i can do for you?,0
i need to use physical restraint to stop resisting,3
i want you to stop right now,1
What made you want to be an officer?,1
"i need to physically restrain you to i'm telling you, he's running",3
there's a potential hazard,0
how can i be of help?,0
you need to stop now,1
i need to use less lethal options to stop,4
i have to physically restrain you to he's running,3
please you know take your bag off or there will be consequences,1
i need to use less lethal options to stop,4
i noticed a concerning situation,0
"i require you to whats your name., do you understand? as soon as possible",1
How long have you been an officer?,1
i'm asking you to stop right now,1
is everything alright?,0
i need to physically restrain you to stop resisting,3
i have to physically restrain you to stop resisting,3
i'm going to guide you move,2
"i'm forced to use less lethal measures to if you tase me, i'm telling you it's gonna get hot in this bitch. i'm telling you it's gonna get hot. i don't care. go ahead. 
officer: i'm gonna tase you. ",4
what's going on here?,0
i'm going to physically restrain you to stop resisting,3
i'm going to guide you are you requesting me.. or..,2
how can i be of help?,0
there's a potential risk here,0
"i'm going to deploy less lethal force to if you tase me, i'm telling you it's gonna get hot in this bitch. i'm telling you it's gonna get hot. i don't care. go ahead. 
officer: i'm gonna tase you. ",4
there's something concerning here,0
"i have to deploy less lethal options to taser deployed, do you understand?",4
i'm forced to use lethal force to put the guhn down!,5
what's the situation?,0
there's a potential risk here,0
i'm going to physically restrain you to i can't breath at all,3
i have to physically restrain you to you break that and you're gonna get the whole can of pepper spray man,3
i have to physically restrain you to give me your arm now.,3
"i'm going to use deadly force to put the gun down!, do you understand?",5
i'll help you move to move,2
what's going on?,0
i'm requesting you to stop or i will take action,1
i need to use deadly force to drop the weapon,5
can i be of assistance?,0
i need to deploy less lethal measures to stop,4
"i'm going to physically restrain you to i'm telling you, he's running",3
what's going on here?,0
let me clarify our force guidelines,0
i need you to stop as soon as possible,1
i need to use less lethal force to stop,4
what's the matter?,0
let me help you why you putting your hanz on me,2
10-4 making that call now,1
i'm forced to use lethal force to take two steps to your right walk backwards stop yeah i got him back down walk backwards,5
i need you to do me a favor just pull up a little further or i will take action,1
let me assist you to move,2
i need to physically restrain you to let go. give me your hand now,3
i want you to stop as soon as possible,1
i need to deploy lethal force to drop the weapon,5
i'm deploying less lethal force to stop,4
i need you to stop or i will take action,1
you have to inside yes my work knif this instant,1
i'm going to help you to put your hanz behind your back.,2
i'm going to assist you to move,2
i'll gently guide you to are you requesting me.. or..,2
there's something concerning here,0
i'm going to assist you to move,2
we need to review force protocols,0
i'll help you move to move,2
let me assist you to move,2
do you need assistance?,0
i'm going to physically restrain you to you stupid little bitch.,3
"i'm forced to use physical control to watch out, spray, spray",3
"i'm forced to use less lethal measures to tazer deployed, do you understand?",4
i want you to stop immediately,1
let me help you move to move,2
i'm ordering you to stop now,1
let me clarify our force guidelines,0
how may i help you?,0
i want to explain force protocols,0
i'm forced to restrain you to stop resisting,3
i need you to stop right away,1
i have to physically control you to stop resisting,3
what's going on?,0
"i need to use physical force to i'm on the ground, i'm on the ground",3
all the guy in the red come this way too hey you in the red come this way,1
"i'm going to help you to ok i'm willing to listen, come on lets talk. ",2
i need to use less lethal force to tazer deployed,4
i'll assist you to move,2
i'll help you move to you're grabbing my balls sir,2
there might be danger here,0
i need to use less lethal force to stop,4
is there something i can do for you?,0
"i'm going to physically restrain you to i'm on the ground, i'm on the ground",3
i'm explaining our force policy,0
i'm going to use physical force to 1050 foot bail foot bail foot pursuit stop stop do it now ,3
i have no choice but to use lethal force to put the knif down,5
i'm forced to use deadly force to drop the weapon,5
let me explain our force continuum,0
do you know what your original charge was,1
i'll assist you to move,2
i'm going to use less lethal measures to stop,4
i need to deploy lethal force to drop the weapon,5
we'll adjust your hands for you okay,1
i need to use physical restraint to stop resisting,3
i'm requesting you to stop without delay,1
there's a possible threat,0
i'm forced to restrain you to stop resisting,3
i need to use physical restraint to stop resisting,3
i'm ordering you to stop as soon as possible,1
i see a weapon in the area,0
i'm going to assist you to move,2
i'm going to use physical force to stop resisting,3
i'll help you move to hanz behind your back now stay here,2
can i help you with something?,0
"i have to deploy less lethal options to she just goes nuts, makes suicidal statements, and tries to fight with the cops all the time so.",4
please i understand. as soon as possible,1
i'm ordering you to nothing. can you come over here please? immediately,1
i'm going to use physical force to turn the car off turn it off ,3
i see a suspicious object,0
let's discuss force procedures,0
you need to stop this instant,1
i have to physically restrain you to stop resisting,3
i'm forced to use lethal force to drop the weapon,5
we're discussing force training,0
we need to discuss force options,0
you need to stop right now,1
do you need assistance?,0
let me review force policies,0
i require you to can you help me find my lost dog? this instant,1
i'm going to physically restrain you to get his arm behind his back right now,3
i'll assist you to move,2
i'm going to use lethal force to i've been hit.,5
"i have to use deadly force to i'm telling you, drop the guhn",5
i have to use deadly force to drop the weapon,5
i need to physically restrain you to stop resisting,3
i'm forced to use less lethal force to stop,4
i'm going to deploy less lethal force to tazer deployed,4
i have no choice but to use lethal force to put it on the ground. put it on the ground.,5
i'm deploying less lethal force to stop,4
i have to physically control you to stop resisting,3
i need to deploy less lethal measures to stop,4
i have to physically control you to stop resisting,3
i see a suspicious object,0
i'm clarifying force procedures,0
i need to use deadly force to put the knif down,5
you have to stop this instant,1
we're training on force techniques,0
what's the matter?,0
i have to physically restrain you to stop resisting,3
we're discussing force training,0
i have to deploy less lethal options to stop,4
i want to explain force protocols,0
i'm asking you to what's the best route to downtown? as soon as possible,1
there's something concerning here,0
please stop right away,1
i'm going to assist you to move,2
"i have to use less lethal options to if you tase me, i'm telling you it's gonna get hot in this bitch. i'm telling you it's gonna get hot. i don't care. go ahead. 
officer: i'm gonna tase you. ",4
"i'm asking you to whats your name., do you understand? now",1
i'll help you move to move,2
i need to deploy less lethal measures to stop,4
please stop immediately,1
we're training on force techniques,0
i want to explain force guidelines,0
i noticed a concerning situation,0
i need you to you uh got the keys by chance we'll just put on top the car or there will be consequences,1
i need to use less lethal options to taser deployed,4
i have to deploy lethal force to he's down he's down. where are you hit?,5
i'm going to use less lethal measures to stop,4
let me help you move to put your hanz behind your back.,2
i see something that needs attention,0
what's the problem?,0
i need to physically restrain you to stop resisting,3
there might be danger here,0
what's the issue?,0
i'm going to physically restrain you to stop resisting,3
There's a lost child.,1
i have to use physical control to you're about to fucking get sprayed again if you keep kicking the window.,3
i'll help you move to move,2
i'm going to assist you to he's possibly 55 locked himself in,2
i'm going to physically restrain you to stop resisting,3
let me help you move to he always dodging around my questions,2
let me help you move to move,2
you need to stop now,1
i'm forced to restrain you to get his arm behind his back right now,3
i'm going to gently guide you to put your handz behind your back.,2
i'm forced to use less lethal force to stahp police you're gonna get tased,4
i'm directing you to i lost my wallet. without delay,1
let me assist you to why you putting your handz on me,2
what's happening here?,0
let's review force documentation,0
there's a potential hazard,0
i need to use physical restraint to stop resisting,3
i have to physically restrain you to stop resisting,3
we need to discuss force options,0
i need to use deadly force to drop the weapon,5
do you need assistance?,0
can i help you with something?,0
i'm going to use physical force to stop resisting,3
there might be a dangerous situation,0
i'm asking you to stop right now,1
i'm forced to use deadly force to drop the weapon,5
you must stop without delay,1
i'm asking you to stop as soon as possible,1
i have to deploy less lethal options to climb out the window you better figure the out right now you do anything other than you're told your is going to get hit with this rubber bullet you understand,4
i'm going to gently guide you to he's possibly 55 locked himself in,2
i have to use physical control to stop resisting,3
i'll gently guide you to move,2
there might be a risk here,0
Don't fucking move,5
what's happening here?,0
i need to use physical force to you break that and you're gonna get the whole can of pepper spray man,3
there's a potential problem,0
i'm going to use lethal force to put the nife down,5
"i have to use physical control to i'm on the ground, i'm on the ground",3
"Stay right there. Drop a 13, Drop a 13.",3
you need to stop as soon as possible,1
do you need any help?,0
let me explain our force continuum,0
"please i'm telling you, just lean back without delay",1
i need to physically restrain you to show me 31,3
i'm forced to use physical control to stop resisting,3
i have to use physical control to let go. give me your hand now,3
i'm explaining our force policy,0
what seems to be the problem?,0
can i help you with something?,0
i'm forced to use lethal force to put the knif down,5
"i have to use less lethal options to taser deployed, do you understand?",4
i have to use physical control to 1050 foot bail foot bail foot pursuit stop stop do it now ,3
how may i assist you?,0
i'm deploying less lethal force to stop,4
let's discuss force procedures,0
you have to the officer had to draw his weapon. right now,1
i'm going to physically restrain you to stop resisting,3
i have to physically restrain you to you sprayed that shit right in my face,3
i'm forced to use physical control to stop resisting,3
"i need to use less lethal options to tazer deployed, do you understand?",4
i'm forced to use deadly force to drop the weapon,5
let me help you move,2
i'll gently guide you to move,2
i'm clarifying force procedures,0
is everything alright?,0
i want to explain force protocols,0
"i'm requesting you to i'm telling you, he's cooperative or i will take action",1
i'll gently guide you to move,2
we're reviewing force documentation,0
i have no choice but to use lethal force to i've been hit.,5
how may i help you?,0
i'm forced to restrain you to stop resisting,3
i'm deploying less lethal force to taser deployed,4
i'll assist you to move,2
Just lean back,1
i have to use less lethal options to stop pleece you're gonna get tased,4
"i have to deploy lethal force to i'm telling you, drop the gun!",5
please have a great day! at once,1
how can i help you today?,0
i'm explaining force procedures,0
we're discussing force training,0
there's a potential problem,0
i see something that needs attention,0
i'm directing you to stop this instant,1
i'm going to use physical force to stop resisting,3
i want to explain force protocols,0
i noticed something concerning,0
i'm forced to use less lethal force to stop,4
what's going on here?,0
what's the issue?,0
is there something i can do for you?,0
get off my neck,3
is there something i can do for you?,0
you must stop as soon as possible,1
i'm going to guide you you got that arm.,2
i'm going to use lethal force to drop the gunn,5
i'm going to use less lethal measures to stop,4
there might be a dangerous situation,0
i need to use less lethal options to stop,4
i'm explaining force procedures,0
how can i help you today?,0
i have to physically control you to shut your fucking mouth bitch.,3
i'm asking you to stop at once,1
you must you know take your bag off or there will be consequences,1
i'm going to gently guide you to move,2
i'll gently guide you to move,2
i want you to stop right now,1
i'm going to guide you move,2
what's the matter?,0
what's going on here?,0
i'm going to use less lethal measures to stop,4
i'm directing you to the street is too noisy. at once,1
Thank you for your service.,1
i need to use less lethal force to stop,4
there's a potential risk here,0
what's going on here?,0
i'm forced to use less lethal measures to stahp police you're gonna get tased,4
do you need assistance?,0
i need to use deadly force to drop the weapon,5
i'm going to physically restrain you to stop resisting,3
i'm going to use lethal force to drop the weapon,5
what's the problem?,0
you need to the officer had to use his baton. without delay,1
I had to yell multiple times before he acknowledged me.,0
i have to use less lethal options to stop,4
i'll gently guide you to are you requesting me.. or..,2
what's going on?,0
i'm ordering you to they had to use non-lethal force. without delay,1
i want to talk about force options,0
"i need to deploy less lethal measures to i'm telling you, taser deployed",4
i'm explaining our force policy,0
i'm going to physically restrain you to stop resisting,3
you have to stop right now,1
i require you to stop without delay,1
i have no choice but to use lethal force to drop the weapon,5
i see a possible risk,0
i'm explaining force procedures,0
"I'm telling you, what you doin",1
let me assist you to move,2
i require you to all right well the address came out right here okay so we just have to make sure  right away,1
i need you to like schizophrenia and ptsd. or i will take action,1
i have to use less lethal options to stop,4
i have to use less lethal options to stop,4
what seems to be the problem?,0
how can i help you today?,0
how can i be of help?,0
you have to stop right away,1
i have to physically restrain you to stop resisting,3
i need to use less lethal force to stop,4
please how do i get to the airport? now,1
i want to discuss force scenarios,0
i have to deploy less lethal options to stop,4
i need to use less lethal options to stop,4
i see something suspicious,0
"i need to use less lethal options to taser deployed, do you understand?",4
Can you just come out so we can talk,2
i have to physically control you to stop resisting,3
i'm deploying less lethal force to stop,4
you must stop as soon as possible,1
i'm going to use physical force to stop resisting,3
we need to review force protocols,0
is there something i can do for you?,0
i need to deploy lethal force to drop the weapon,5
i'm ordering you to stop this instant,1
i'm deploying less lethal force to stahp police you're gonna get tased,4
i see something that needs attention,0
i'm going to use less lethal measures to stop,4
I'm looking for my friend.,1
i see a concerning object,0
what's happening here?,0
i have to deploy less lethal options to hit him again. put your hands behind your back. hands behind your back. release em.,4
i have to physically restrain you to stop resisting,3
let me help you move to move,2
we were discussing the use of force policy,0
you have to that go okay probably going have to go to jail for it  this instant,1
i'll help you move to hanz behind your back now stay here,2
let me help you move to why you putting your hands on me,2
"She's choking on her own blood man, come on.",5
i'm explaining our force policy,0
i need to physically restrain you to stop resisting,3
there might be danger here,0
i'm going to deploy less lethal force to taser deployed,4
i'm going to gently guide you to am i under arrest or no?,2
i have to use less lethal options to stop,4
i'm going to gently guide you to why you putting your hands on me,2
i have to deploy lethal force to let me see your hands! put it down now!,5
let me help you move to move,2
i'm explaining force procedures,0
i need to deploy lethal force to 999. 999. i've been shot. 999.,5
i noticed a concerning situation,0
"i have to use physical control to back up, back up.",3
i have to deploy less lethal options to stop,4
i'll gently guide you to get out of my face fat boy.,2
i need to physically restrain you to stop resisting,3
let me clarify our force guidelines,0
"i'm forced to use less lethal measures to i'm telling you, stop pollice you're gonna get tased",4
i'm forced to restrain you to stop resisting,3
i need you to stop as soon as possible,1
what seems to be the problem?,0
there's a potential problem,0
what's the issue?,0
i'm going to use deadly force to put the nife down,5
i'm requesting you to stop without delay,1
we're training on force techniques,0
i noticed something suspicious,0
Be careful.,1
i see a suspicious object,0
i'm going to help you to move,2
"i'm forced to restrain you to i'm on the ground, i'm on the ground",3
we have five detained right now,2
i have to physically control you to shut your fucking mouth bitch.,3
"i'm going to use lethal force to i'm telling you, drop the gun!",5
i have to deploy lethal force to drop the weapon,5
there's something concerning here,0
please stop without delay,1
i have no choice but to use lethal force to put your handz out of the car now,5
"i'm going to use deadly force to put the guhn down!, do you understand?",5
i need you to stop as soon as possible,1
i have to use less lethal options to stop,4
i need to use less lethal options to stop,4
i need to deploy less lethal measures to stop police you're gonna get tased,4
what's the situation?,0
we're discussing force training,0
i have to deploy lethal force to drop the weapon,5
i want to explain force guidelines,0
i have to physically control you to stop resisting,3
how can i be of help?,0
i'm clarifying force procedures,0
i'm going to help you to move,2
i'm requesting you to i lost my wallet. or i will take action,1
i require you to have you ever had contact with police before or there will be consequences,1
let me help you you're grabbing my balls sir,2
how may i assist you?,0
"i need to use less lethal force to i'm telling you, taser deployed",4
what brings you here today?,0
i'm ordering you to what are you doing on your phone? as soon as possible,1
i'm going to gently guide you to that is not me. how are you gonna tell me who i am.,2
i'll help you move to move,2
i'm going to use less lethal measures to stop,4
do you need any help?,0
what's going on here?,0
i'm forced to use physical control to you stupid little bitch.,3
"i'm going to deploy less lethal force to listen, you're about to get tased",4
can i be of assistance?,0
i'm going to help you to why you putting your hands on me,2
you have to stop right away,1
i see a concerning object,0
i'm going to use lethal force to drop the weapon,5
i'm forced to use less lethal measures to stop,4
i need to use less lethal options to stahp police you're gonna get tased,4
i'll gently guide you to move,2
i need to use lethal measures to shots fired shots fired front door hes at the front door,5
i'm going to use physical force to i can't breath,3
is everything alright?,0
i'm directing you to the traffic light is broken. or there will be consequences,1
"i need to use physical force to oc, oc. get on the ground.",3
do you need any help?,0
i'll assist you to he's possibly 55 locked himself in,2
"i'll assist you to this, this is illegal, i'm not under arrest in rockford. i'm just saying.",2
i have no choice but to use lethal force to put the gun down!,5
i'm going to use deadly force to put your hanz out of the car now,5
what's the matter?,0
i'll help you move to move,2
we're reviewing force documentation,0
you must i love this neighborhood. right now,1
i'm explaining force procedures,0
i see a weapon in the area,0
i'm forced to use less lethal measures to tazer deployed,4
you need to stop as soon as possible,1
i'll gently guide you to you are not supposed to touch me,2
i'm ordering you to do you know any good restaurants around here? or there will be consequences,1
there's something concerning here,0
there's a potential problem,0
i need to deploy less lethal measures to stop,4
how can i be of help?,0
i'm going to guide you move,2
i'm going to guide you move,2
i'm going to use physical force to you stupid little bitch.,3
i'm forced to restrain you to stop resisting,3
i have to physically control you to stop resisting,3
i'm forced to restrain you to stop resisting,3
i want to explain force protocols,0
let me help you move,2
you have to stop this instant,1
we're reviewing force documentation,0
i'm forced to use lethal force to drop the weapon,5
i'll gently guide you to move,2
we're training on force techniques,0
i'm going to help you to move,2
let me review force policies,0
i want to explain force protocols,0
how may i help you?,0
i require you to they had to use physical force. without delay,1
what's going on?,0
"i'm going to use physical force to please bro, i'm gonna get maced again, please bro",3
"i have to use deadly force to he's following me around with a knife, i need another new unit. i need another unit.",5
i'm deploying less lethal force to stop,4
i require you to stop at once,1
"i'm going to deploy less lethal force to taser deployed, do you understand?",4
i'm going to gently guide you to hanz behind your back now stay here,2
i need to deploy lethal force to drop the weapon,5
you need to stop right now,1
I'll be careful.,1
what brings you here today?,0
i need to use less lethal force to stahp police you're gonna get tased,4
i'm forced to restrain you to stop resisting,3
"i'm forced to use less lethal force to taser deployed, do you understand?",4
"i have no choice but to use lethal force to i'm telling you, drop the gunn",5
you need to stop this instant,1
i'll gently guide you to move,2
how can i be of help?,0
i need to use less lethal force to climb out the window you better figure the out right now you do anything other than you're told your is going to get hit with this rubber bullet you understand,4
i noticed a concerning situation,0
"Keep your hands where I can see them, and we’ll be fine.",1
you must stop right away,1
what seems to be the problem?,0
please this may be the vehicle they're looking for or i will take action,1
let me clarify our force guidelines,0
i'm going to use physical force to shut your vehicle off turn the vehicle off throw the keys out the window,3
let me clarify our force guidelines,0
can i be of assistance?,0
please yes sir right now,1
we need to review force protocols,0
i'm forced to use less lethal measures to stop,4
i'm telling you to i need to report a lost item. this instant,1
i need to use deadly force to drop the weapon,5
i need to use physical force to turn the car off turn it off ,3
can i help you with something?,0
you need to stop this instant,1
i see something suspicious,0
how can i be of help?,0
i'll help you move to why you putting your handz on me,2
i'm going to gently guide you to i'm telling you to get out of the vehicle right now,2
i'm going to deploy less lethal force to stop,4
i have to use deadly force to take two steps to your right walk backwards stop yeah i got him back down walk backwards,5
i'll assist you to move,2
"i'm forced to use less lethal force to if you tase me, i'm telling you it's gonna get hot in this bitch. i'm telling you it's gonna get hot. i don't care. go ahead. 
officer: i'm gonna tase you. ",4
i'm forced to use deadly force to shots fired shots fired front door hes at the front door,5
i need to use less lethal options to stop,4
i need to use lethal measures to drop the weapon,5
i'm forced to use physical control to stop resisting,3
i'll assist you to move,2
i'm clarifying force procedures,0
i need you to take care. right now,1
there might be a threat nearby,0
how can i help you today?,0
can i be of assistance?,0
i'm asking you to stop immediately,1
what's the problem?,0
there might be danger here,0
i need to use less lethal force to stop,4
there's a potential risk here,0
let me assist you to can you just come out so we can talk,2
"i'm deploying less lethal force to i'm telling you, stop pollice you're gonna get tased",4
what's the matter?,0
we're training on force techniques,0
i have to use deadly force to shots fired shots fired front door hes at the front door,5
i need to use less lethal options to stop,4
there's a possible threat,0
"i'll help you move to this, this is illegal, i'm not under arrest in rockford. i'm just saying.",2
let me clarify our force guidelines,0
you must stop without delay,1
i noticed a potential threat,0
"i need to deploy less lethal measures to i'm telling you, stop pollice you're gonna get tased",4
let me assist you to move,2
what's going on here?,0
i'm going to gently guide you to move,2
I told him to calm down and put his hands where I could see them.,1
i have no choice but to use lethal force to drop the weapon,5
i'm going to use less lethal measures to stop,4
i have to physically restrain you to stop resisting,3
i'm forced to use deadly force to 998. 998.,5
i need to use physical restraint to stop resisting,3
do you need support?,0
i want you to stillwater pollice charlene? or there will be consequences,1
i need you to stop without delay,1
i'm going to assist you to move,2
okay sit down,1
The street light is flickering.,1
i'm directing you to have a great day! without delay,1
i'm going to use lethal force to yo you shot him yo.,5
i'm forced to restrain you to put it in park put it in park now he's taking off ,3
please right man we're going to go get you in a car where it's a little bit safer okay right now,1
i'm forced to use physical control to show me 31,3
i'm forced to restrain you to stop resisting,3
is everything alright?,0
"i'm forced to use less lethal force to if you tase me, i'm telling you it's gonna get hot in this bitch. i'm telling you it's gonna get hot. i don't care. go ahead. 
officer: i'm gonna tase you. ",4
i'm telling you to you have a warrant for your arrest. immediately,1
we're discussing force training,0
i'll assist you to move,2
i need to deploy less lethal measures to stop,4
i see a possible risk,0
there might be a threat nearby,0
i'm going to help you to move,2
i'm going to deploy less lethal force to stop,4
we need to discuss force options,0
i need to use deadly force to don't fucking move,5
i'm going to guide you don't have to touch me,2
what seems to be the problem?,0
there might be a threat nearby,0
i'm forced to use physical control to 1050 foot bail foot bail foot pursuit stop stop do it now ,3
I need to get a police report.,1
i see a suspicious object,0
i noticed something suspicious,0
i'm going to assist you to move,2
what's happening here?,0
i need to use less lethal force to stahp police you're gonna get tased,4
you need to have a good day. as soon as possible,1
i need to use physical force to stop resisting,3
i have to physically control you to get off my neck,3
you have to how are you doing today? as soon as possible,1
"i need to use less lethal options to tazer deployed, do you understand?",4
"i have no choice but to use lethal force to put the gun down!, do you understand?",5
i'm going to use physical force to stop resisting,3
i'm going to use lethal force to drop the weapon,5
i'm forced to use deadly force to drop the guhn,5
let me help you you're being detained you're not free to leave,2
i need to use physical force to stop resisting,3
there might be a threat nearby,0
do you need assistance?,0
Did you see the game last night?,1
there might be a risk here,0
what's going on?,0
how may i assist you?,0
i'm telling you to stop now,1
"What's up brother. Hey, how we doing?",1
They had to restrain him.,1
"let me help you move to this, this is illegal, i'm not under arrest in rockford. i'm just saying.",2
i'm going to gently guide you to move,2
i have to use physical control to stop resisting,3
please stop at once,1
how can i help you today?,0
i need to physically restrain you to let go. give me your hand now,3
"i'm going to deploy less lethal force to she just goes nuts, makes suicidal statements, and tries to fight with the cops all the time so.",4
do you need any help?,0
do you need any help?,0
what's happening here?,0
let's review force policies,0
we need to discuss force options,0
how can i be of help?,0
i'm deploying less lethal force to stopp police you're gonna get tased,4
let's review force policies,0
i want to explain force protocols,0
what's going on here?,0
i'm telling you to there was a report of excessive force. without delay,1
i have to use deadly force to drop the guhn do you understand?,5
i'm going to help you to move,2
"i'm forced to use less lethal force to if you tase me, i'm telling you it's gonna get hot in this bitch. i'm telling you it's gonna get hot. i don't care. go ahead. 
officer: i'm gonna tase you. ",4
i need to use physical restraint to stop resisting,3
i want to explain force guidelines,0
i need to deploy lethal force to take two steps to your right walk backwards stop yeah i got him back down walk backwards,5
there might be a risk here,0
i need to deploy less lethal measures to stop,4
i'll gently guide you to move,2
you have to i need to report a stolen bike. or there will be consequences,1
i have to physically restrain you to i got one white male running,3
i have no choice but to use lethal force to drop the weapon,5
"i need to use physical restraint to hey tommy. last time we came here, they had us go hands on with her 3 times. so.",3
i'm forced to use less lethal measures to stop,4
i'm going to use lethal force to drop the weapon,5
let me help you move to hanz behind your back now stay here,2
i'm forced to use less lethal measures to stop,4
i'm directing you to stop as soon as possible,1
let me review force policies,0
i'll assist you to you're being detained you're not free to leave,2
let me assist you to move,2
i noticed a concerning situation,0
i noticed something suspicious,0
"i need to use less lethal force to look, stop pollice you're gonna get tased",4
there's a potential risk here,0
i need you to what are you doing on your phone? as soon as possible,1
how can i help you today?,0
i need to physically restrain you to stop banging on the door bruh,3
i'm forced to use physical control to stop resisting,3
do you need any help?,0
what's going on?,0
let me help you move to move,2
can i help you with something?,0
what seems to be the problem?,0
there's a possible threat,0
let me assist you to move,2
i have to deploy lethal force to drop the weapon,5
"i'm going to guide you ok i'm willing to listen, come on lets talk. ",2
i'll assist you to move,2
"i need to use lethal measures to i'm telling you, put the gunn down!",5
i'm requesting you to how long have you been an officer? right away,1
i'm forced to use lethal force to drop the gunn,5
what's happening here?,0
can i help you with something?,0
i need to use physical force to stop resisting,3
i'm deploying less lethal force to stopp police you're gonna get tased,4
"i have to physically restrain you to hey tommy. last time we came here, they had us go hands on with her 3 times. so.",3
is everything alright?,0
we need to review force protocols,0
how can i be of help?,0
let's discuss force procedures,0
how can i help you today?,0
i'm going to guide you hands behind your back now stay here,2
i need to deploy less lethal measures to stop,4
you must stop now,1
i'm going to gently guide you to move,2
there might be a threat nearby,0
how may i help you?,0
let me assist you to why you putting your hanz on me,2
i noticed something concerning,0
can i be of assistance?,0
i'll assist you to move,2
can i be of assistance?,0
i'm going to help you to hey rudolph hey open the door,2
i have to deploy lethal force to drop the weapon,5
i see a weapon in the area,0
is there something i can do for you?,0
Where's the nearest hospital?,1
what's going on here?,0
i see a suspicious object,0
i need to use deadly force to drop the gun!,5
i'm explaining force procedures,0
i see a possible risk,0
i need to physically restrain you to stop resisting,3
i need to use physical force to give me your arm now.,3
what's going on here?,0
i need to deploy less lethal measures to taser deployed,4
we're training on force techniques,0
i have to physically restrain you to stop resisting,3
there might be a weapon nearby,0
what's the problem?,0
i'm going to guide you we have five detained right now,2
i'm requesting you to stop this instant,1
i require you to please go ahead and put keys on the hood as soon as possible,1
let's discuss force procedures,0
i see a concerning object,0
i'm going to guide you hanz behind your back now stay here,2
"If you TASE me, I'm telling you it's gonna get hot in this bitch. I'm telling you it's gonna get hot. I don't care. Go ahead. 
Officer: I'm gonna TASE you. ",4
what's the matter?,0
let me help you hey rudolph hey open the door,2
what's happening here?,0
i'm asking you to like schizophrenia and ptsd. now,1
we're training on force techniques,0
i'm requesting you to stop or i will take action,1
i have to physically restrain you to shut your fucking mouth bitch.,3
i'm going to physically restrain you to stop resisting,3
"i'm going to gently guide you to what do you, why do you need to know this stuff?",2
i need you to stop or there will be consequences,1
i'm going to use lethal force to drop the weapon,5
we need to discuss force protocols,0
Stay safe out there.,1
i'm deploying less lethal force to stop,4
can i be of assistance?,0
what brings you here today?,0
i need to deploy less lethal measures to stop,4
what's going on here?,0
i'll assist you to sit on the ground.,2
i'm going to help you to move,2
what's the situation?,0
"i need to deploy lethal force to put the guhn down!, do you understand?",5
what's the matter?,0
what's the situation?,0
i want you to thank you for your help. at once,1
let's review force documentation,0
i'm going to help you to i'll stand right here i'm fine.,2
i'm explaining our force policy,0
"I'm telling you, he's cooperative",1
how can i help you today?,0
let me assist you to move,2
i noticed something concerning,0
i'll assist you to move,2
what brings you here today?,0
i need to use deadly force to drop the weapon,5
"i need to use physical restraint to i'm telling you, he's running",3
i have to physically restrain you to you're gonna get sprayed again,3
i'm going to deploy less lethal force to stop,4
what's happening here?,0
please stop right now,1
let me assist you to move,2
i'm forced to use less lethal measures to stop police you're gonna get tased,4
i'm ordering you to let me get that immediately,1
i'm going to help you to it's not ben day. i got your picture pulled up man.,2
i want to explain force guidelines,0
there's something concerning here,0
i want to talk about force options,0
i have to deploy less lethal options to taser deployed,4
"i'm going to guide you ok i'm willing to listen, come on lets talk. ",2
i noticed a concerning situation,0
i'm going to use less lethal measures to stop,4
i'm going to guide you move,2
i need to use lethal measures to 998. 998.,5
i have to use physical control to get his arm behind his back right now,3
i have to use deadly force to grab your shirt at the top of your neck right there pull it up all the way up i need to see your waistband front and back take it off turn around stop walk back towards the sound of my voice,5
i'm forced to restrain you to i got one white male running,3
let me help you move to move,2
how may i assist you?,0
"i'm going to use less lethal measures to look, stop pollice you're gonna get tased",4
i'm going to deploy less lethal force to stahp police you're gonna get tased,4
i have to use deadly force to drop the weapon,5
i require you to they had to use pepper spray. right away,1
let me help you move,2
"i need to use physical force to stay right there. drop a 13, drop a 13.",3
i'm going to use physical force to stop resisting,3
i want to discuss force scenarios,0
what's going on here?,0
i'm going to physically restrain you to stop resisting,3
i need you to what's your favorite color? without delay,1
what brings you here today?,0
i need to use physical force to stop resisting,3
i see a possible risk,0
do you need assistance?,0
Put the gun down!,5
let me help you move to move,2
"She kept screaming that we were hurting her, but we barely touched her.",0
i'm deploying less lethal force to hit him again. put your hands behind your back. hands behind your back. release em.,4
i'm going to help you to no separate your feet separate your feet,2
what's the issue?,0
i need you to stop at once,1
i need to use lethal measures to put your hands out of the car now,5
i see a suspicious object,0
i have to physically restrain you to stop moving stop moving relax stop moving,3
you must the officer had to use his taser. as soon as possible,1
i'm going to assist you to put your hands behind your back.,2
we're reviewing force documentation,0
i need to deploy less lethal measures to stop,4
"i'm going to guide you i'm telling you, do not touch me.",2
i need to deploy lethal force to drop the weapon,5
i need to physically restrain you to stop resisting,3
i'm forced to restrain you to stop resisting,3
i'm forced to use less lethal measures to stop,4
i'm forced to restrain you to you break that and you're gonna get the whole can of pepper spray man,3
we're training on force techniques,0
we need to discuss force protocols,0
i need to deploy less lethal measures to stop,4
i have to physically control you to stop resisting,3
there might be danger here,0
i'm going to help you to move,2
let me assist you to move,2
there's something concerning here,0
how may i help you?,0
do you need any help?,0
i require you to the street light is flickering. or there will be consequences,1
i'm going to physically restrain you to show me 31,3
i'm going to guide you i'm telling you to get out of the vehicle right now,2
what's going on here?,0
i'm going to help you to move,2
i require you to stop right now,1
how may i help you?,0
do you have an ID in New Mexico ,1
i require you to i didn't hear nothing as soon as possible,1
let me help you you're grabbing my balls sir,2
i'm going to use lethal force to drop the weapon,5
i need to deploy lethal force to drop the weapon,5
i'm going to guide you he always dodging around my questions,2
i'm telling you to stop now,1
i have to physically control you to stop resisting,3
i need to deploy lethal force to 998. 998.,5
let me help you move to move,2
let me review force policies,0
i have to use deadly force to got shots fired by a black durango heading eastbound on chico,5
what brings you here today?,0
i'm forced to use less lethal measures to stop,4
i'll assist you to move,2
i'm deploying less lethal force to stop,4
i'm going to physically restrain you to stop resisting,3
I understand.,1
i see something suspicious,0
i'm forced to use less lethal force to stop,4
there's a potential problem,0
i have to deploy less lethal options to stop,4
there's a potential hazard,0
let's review force documentation,0
i'm forced to use less lethal force to stop police you're gonna get tased,4
i'm requesting you to hey i found the gun all right or i will take action,1
i'm ordering you to stop immediately,1
how may i help you?,0
i see a suspicious object,0
i noticed something concerning,0
i'm going to gently guide you to move,2
i'm deploying less lethal force to hit him again. put your hands behind your back. hands behind your back. release em.,4
i noticed a potential threat,0
i want to discuss force scenarios,0
i'm going to use less lethal measures to stop,4
i'm forced to restrain you to stop moving stop moving relax stop moving,3
what's the issue?,0
let me review force policies,0
"Excuse me, officer.",1
is everything alright?,0
there might be a risk here,0
i see a weapon in the area,0
"i'm forced to use lethal force to i'm telling you, drop the guhn",5
please stop this instant,1
do you need assistance?,0
i want you to stop right away,1
let me help you move,2
there's a possible threat,0
i'm forced to restrain you to stop moving stop moving relax stop moving,3
i have to deploy lethal force to don't fucking move,5
i'm going to physically restrain you to stop banging on the door bruh,3
i'm forced to restrain you to stop resisting,3
i'll assist you to move,2
i need to use deadly force to drop the weapon,5
i'm going to use physical force to stop resisting,3
i see a concerning object,0
i'll help you move to are you requesting me.. or..,2
there might be a weapon nearby,0
you must is there anything i can do? right now,1
please stop this instant,1
i'll assist you to you got that arm.,2
i'm going to use lethal force to put it on the ground. put it on the ground.,5
How is the weather today?,1
i need to use deadly force to back up back up i got cover i got cover,5
we need to review force protocols,0
"i need to use less lethal options to i'm telling you, tazer deployed",4
i have no choice but to use lethal force to drop the weapon,5
i'm forced to use physical control to stop resisting,3
i have to use less lethal options to stop pleece you're gonna get tased,4
what brings you here today?,0
i noticed something concerning,0
"i need to use physical force to i am calm, and it's not about to be. i wanna stay calm. i wanna stay calm",3
i'm ordering you to you got an id on you? or there will be consequences,1
"i'll gently guide you to ok i'm willing to listen, come on lets talk. ",2
i want to discuss force scenarios,0
i'll gently guide you to why you putting your hands on me,2
i'll assist you to move,2
i'm going to deploy less lethal force to taser deployed,4
i'm deploying less lethal force to stop police you're gonna get tased,4
i see a possible risk,0
"i'm forced to use deadly force to i'm telling you, drop the gun!",5
i'll assist you to move,2
i'm forced to restrain you to shut your fucking mouth bitch.,3
let me help you move to move,2
i have to physically control you to stop resisting,3
you must stillwater pollice charlene? now,1
i have no choice but to use lethal force to put your handz out of the car now,5
i have to physically control you to stop resisting,3
i'm going to deploy less lethal force to stop,4
let me help you put your hands behind your back.,2
We held the perimeter and let the negotiator do their job.,0
i have to use deadly force to drop the weapon,5
"i have to physically control you to bro, com down.",3
let me help you move to i'm telling you to get out of the vehicle right now,2
i'm directing you to nice to meet you! as soon as possible,1
what's the matter?,0
what's the problem?,0
do you need assistance?,0
i'm forced to restrain you to stop resisting,3
i have to deploy lethal force to drop the gunn,5
i'll help you move to hey rudolph hey open the door,2
Where's the post office?,1
Nice to meet you!,1
i'm deploying less lethal force to stop,4
i'm going to use physical force to stop resisting,3
i'm explaining our force policy,0
you have to there's a lost child. or there will be consequences,1
i'll help you move to move,2
i need to use deadly force to put the gun down!,5
i'm ordering you to stop as soon as possible,1
i require you to stop this instant,1
i require you to stop or there will be consequences,1
i need to deploy lethal force to drop the weapon,5
i see a weapon in the area,0
i'm forced to use less lethal force to stop,4
i have no choice but to use lethal force to drop the weapon,5
i'm telling you to can you help me with my car? or there will be consequences,1
i need to physically restrain you to stop resisting,3
"you need to sir, step back and take a deep breath, we can talk this out. now",1
how may i help you?,0
i have to physically control you to you break that and you're gonna get the whole can of pepper spray man,3
i have to physically control you to stop resisting,3
i'm forced to use lethal force to drop the weapon,5
"You doing what now?, do you understand?",1
what seems to be the problem?,0
i'm going to help you to move,2
"i need to deploy less lethal measures to look, stop pollice you're gonna get tased",4
"i'm forced to use less lethal measures to listen, you're about to get tased",4
what seems to be the problem?,0
i'm going to deploy less lethal force to stop,4
i'm going to gently guide you to that is not me. how are you gonna tell me who i am.,2
"i have to deploy less lethal options to tazer deployed, do you understand?",4
i see a suspicious object,0
we need to review force protocols,0
"i need to use less lethal force to i'm telling you, taser deployed",4
i have to use deadly force to put the knife down,5
i'm deploying less lethal force to stop,4
i see a concerning object,0
how can i be of help?,0
i'm deploying less lethal force to stop,4
There's a suspicious package.,1
Lower your voice and let’s talk about this.,1
please i didn't hear nothing right away,1
"She was resisting at first, but we got her cuffed safely.",0
is there something i can do for you?,0
i need to deploy less lethal measures to stop,4
i'm forced to use less lethal force to stahp police you're gonna get tased,4
i'm forced to use physical control to stop resisting,3
i have to physically restrain you to you sprayed that shit right in my face,3
"i have to use physical control to please bro, i'm gonna get maced again, please bro",3
i'm forced to restrain you to shut your vehicle off turn the vehicle off throw the keys out the window,3
i need to use physical force to stop resisting,3
i'm forced to restrain you to get his arm behind his back right now,3
what seems to be the problem?,0
i need you to stop right away,1
"i need to use less lethal options to if you tase me, i'm telling you it's gonna get hot in this bitch. i'm telling you it's gonna get hot. i don't care. go ahead. 
officer: i'm gonna tase you. ",4
i'm going to assist you to am i under arrest or no?,2
what's the problem?,0
"i need to use less lethal options to if you tase me, i'm telling you it's gonna get hot in this bitch. i'm telling you it's gonna get hot. i don't care. go ahead. 
officer: i'm gonna tase you. ",4
i'm going to use less lethal measures to stop,4
what's the matter?,0
"i'm forced to use less lethal measures to listen, you're about to get tased",4
i want you to can you answer some questions? immediately,1
"i need to use deadly force to he's following me around with a knife, i need another new unit. i need another unit.",5
you need to stop or there will be consequences,1
we're training on force techniques,0
how can i help you today?,0
let me clarify our force guidelines,0
i need to physically restrain you to turn the car off turn it off ,3
"i'm forced to use physical control to hey tommy. last time we came here, they had us go hands on with her 3 times. so.",3
there's a potential problem,0
i want to explain force protocols,0
i'm going to help you to move,2
i have to use less lethal options to stop,4
i'm directing you to stop this instant,1
That is not me. How are you gonna tell me who I am.,2
how may i help you?,0
how can i be of help?,0
i have no choice but to use lethal force to got shots fired by a black durango heading eastbound on chico,5
"i need to use less lethal force to look, stop pollice you're gonna get tased",4
let me help you we have five detained right now,2
is everything alright?,0
i'm forced to use physical control to no you didn't. put both hands up now!,3
let me help you move to move,2
what brings you here today?,0
i'm going to deploy less lethal force to stop,4
"i have to use deadly force to get your fucking face out of here, before i stab you.",5
do you need any help?,0
i'm going to guide you move,2
i want you to the suspect was threatening violence. or there will be consequences,1
there might be a risk here,0
i'm explaining force procedures,0
Nice car!,1
i'll gently guide you to why you putting your hanz on me,2
i need to use less lethal options to tazer deployed,4
i have to physically restrain you to show me 31,3
i'll help you move to that is not me. how are you gonna tell me who i am.,2
i require you to stop without delay,1
i'll assist you to don't yes you do you do need a woman to touch me don't touch me okay don't touch me,2
what's the situation?,0
there might be a dangerous situation,0
let me explain our force continuum,0
He's Cooperative,1
there's something concerning here,0
i'll assist you to no separate your feet separate your feet,2
i'm requesting you to hey i found the gun all right without delay,1
let's review force policies,0
i'll help you move to go ahead you can ask thank you keep the window rolled down,2
i need to use physical restraint to 1050 foot bail foot bail foot pursuit stop stop do it now ,3
i'm going to assist you to move,2
"i need to deploy less lethal measures to i'm telling you, tazer deployed",4
let's review force policies,0
i require you to stop without delay,1
how may i help you?,0
i'm telling you to what's your name? without delay,1
i'm forced to use physical control to let go. give me your hand now,3
do you need any help?,0
i'm going to guide you move,2
what's the problem?,0
let's review force documentation,0
i have to deploy less lethal options to taser deployed,4
let me assist you to move,2
"i'm going to deploy less lethal force to i'm telling you, taser deployed",4
i want you to do you like music? at once,1
there's a potential risk here,0
i noticed something suspicious,0
i have to deploy less lethal options to stop,4
we're discussing force training,0
"i have no choice but to use lethal force to drop the gun!, do you understand?",5
let me help you move to well i'm going to do it regardless ,2
"i need to use deadly force to shots fired, shots fired, shots fired.",5
let me assist you to move,2
there's a potential risk here,0
i have no choice but to use lethal force to put your handz out of the car now,5
i'm going to guide you i'll stand right here i'm fine.,2
can i help you with something?,0
i see a concerning object,0
i'm requesting you to how long have you been an officer? immediately,1
i'm explaining our force policy,0
"i'm going to use physical force to bro, kam down.",3
let me assist you to move,2
how can i help you today?,0
let me help you move,2
i'm forced to use less lethal force to tazer deployed,4
i'll help you move to move,2
i have no choice but to use lethal force to take two steps to your right walk backwards stop yeah i got him back down walk backwards,5
I need to report a stolen bike.,1
i'm directing you to thank you for your service. now,1
i'm forced to use less lethal force to stop,4
Stop banging on the door bruh,3
i'll gently guide you to move,2
i have to physically restrain you to give me your arm now.,3
i need to physically restrain you to stop resisting,3
i need to deploy lethal force to drop the weapon,5
i have to use less lethal options to stop,4
i noticed a potential threat,0
i'm going to use lethal force to drop the gunn,5
what seems to be the problem?,0
Can you help me with parking?,1
how can i be of help?,0
there might be a weapon nearby,0
you have to inside yes my work knif or there will be consequences,1
what brings you here today?,0
let me assist you to move,2
i'm directing you to thank you for your help. at once,1
i need to physically restrain you to put it in park put it in park now he's taking off ,3
i need to deploy less lethal measures to hit him again. put your hands behind your back. hands behind your back. release em.,4
i need to use less lethal options to stop,4
i'm forced to use less lethal force to stop,4
what's going on?,0
"i need to deploy less lethal measures to she just goes nuts, makes suicidal statements, and tries to fight with the cops all the time so.",4
i'm asking you to you got any weapons on you brother?  or i will take action,1
do you need any help?,0
i need you to alright. you got your driver's license on you buddy? where you headed? right now,1
i'm going to use lethal force to drop the weapon,5
"i have to physically restrain you to stay right there. drop a 13, drop a 13.",3
is there something i can do for you?,0
i want to discuss force scenarios,0
i'm forced to use less lethal measures to stop,4
i noticed a potential threat,0
i have to use deadly force to put the guhn down!,5
i have to use less lethal options to stop,4
i need to use less lethal options to stop,4
let me explain our force continuum,0
i noticed something concerning,0
i noticed a potential threat,0
what's going on here?,0
you have to stop immediately,1
i need to use less lethal options to stop,4
i'm ordering you to stop without delay,1
i'm asking you to you have a warrant for your arrest. or there will be consequences,1
"i have to use less lethal options to i'm telling you, taser deployed",4
i'll help you move to move,2
i have to physically restrain you to stop resisting,3
we need to review force protocols,0
i want to discuss force scenarios,0
you need to that's why i just like pulled over right away,1
You're about to fucking get sprayed again if you keep kicking the window.,3
"i have to use less lethal options to she just goes nuts, makes suicidal statements, and tries to fight with the cops all the time so.",4
we were discussing the use of force policy,0
i need to use less lethal options to stop,4
what's going on?,0
i want to explain force guidelines,0
i'm ordering you to the situation escalated to force. at once,1
how may i assist you?,0
i'm telling you to stop right now,1
i'm going to use physical force to stop resisting,3
i have to use less lethal options to stop,4
i'm forced to use lethal force to drop the weapon,5
"i need to use deadly force to i'm telling you, drop the gunn",5
i have to use deadly force to drop the weapon,5
we were discussing the use of force policy,0
you must stop this instant,1
i'm going to gently guide you to well i'm going to do it regardless ,2
i'm deploying less lethal force to stop pleece you're gonna get tased,4
you must stop right away,1
i'm asking you to i need to file a report. or i will take action,1
what's going on here?,0
i have to deploy lethal force to stop. stop. stop. put the gun down. put the gun down. put the,5
how can i help you today?,0
do you need support?,0
i'm forced to use physical control to stop resisting,3
can i help you with something?,0
"i need to deploy lethal force to put the gunn down!, do you understand?",5
we're reviewing force documentation,0
i need to use less lethal options to stop,4
"i'll assist you to why man, i'm gonna comply bro, you just.",2
there might be a risk here,0
there's a potential risk here,0
let me help you move,2
let me assist you to move,2
let me assist you to am i under arrest or no?,2
i see something suspicious,0
"i'm going to use less lethal measures to i'm telling you, tazer deployed",4
what brings you here today?,0
what's going on here?,0
what's the problem?,0
i see a concerning object,0
i need to use physical force to no you didn't. put both hands up now!,3
i have to physically control you to stop resisting,3
i'm going to use physical force to i can't breath,3
i want you to stop at once,1
They pushed me down and tried to take my wallet.,0
"i need to use deadly force to get your fucking face out of here, before i stab you.",5
please stop at once,1
i'm requesting you to there's a broken street light. or i will take action,1
"i'm forced to use less lethal measures to listen, you're about to get tased",4
there might be a threat nearby,0
do you need support?,0
do you need support?,0
i want you to stop or there will be consequences,1
Do you like music?,1
i'm ordering you to stop as soon as possible,1
i'm forced to use physical control to stop resisting,3
i'm going to guide you are you requesting me.. or..,2
"He was yelling at her, saying he was gonna do something crazy.",1
i'm forced to use less lethal force to stop pleece you're gonna get tased,4
i have to physically control you to i can't breath,3
is there something i can do for you?,0
i'm asking you to stop or there will be consequences,1
i need to use less lethal force to taser deployed,4
you must stop right away,1
i have to use less lethal options to hit him again. put your hands behind your back. hands behind your back. release em.,4
i have no choice but to use lethal force to drop the gunn do you understand?,5
i need to physically restrain you to stop resisting,3
how can i be of help?,0
let me help you move,2
i require you to stop now,1
how may i help you?,0
i need to physically restrain you to get his arm behind his back right now,3
i'm going to help you to move,2
is everything alright?,0
can i be of assistance?,0
i'm going to physically restrain you to you stupid little bitch.,3
i require you to stop at once,1
"i'm forced to use deadly force to i'm telling you, put the gunn down!",5
i have to use less lethal options to stop,4
i want to talk about force options,0
"i'll help you move to i'm telling you to take off your seatbelt and step out. why don't we do this. put your hands... alright. 
",2
can i be of assistance?,0
i'm going to assist you to move,2
i'm going to physically restrain you to stop resisting,3
"i'm forced to restrain you to bro, calm down.",3
please stop immediately,1
i have to deploy lethal force to drop the weapon,5
i have to physically restrain you to stop resisting,3
i'm going to use physical force to i can't breath at all,3
i'm going to physically restrain you to stop resisting,3
i'm going to gently guide you to i told you exactly what i was going to do okay,2
i'm going to use physical force to stop resisting,3
can i be of assistance?,0
i'm forced to use less lethal force to stop,4
i have to use deadly force to drop the weapon,5
is there something i can do for you?,0
i'm directing you to stop this instant,1
there's a potential problem,0
there might be a weapon nearby,0
i need to deploy lethal force to drop the gun!,5
i see a possible risk,0
please thank you for your service. right away,1
i have no choice but to use lethal force to put your hands out of the car now,5
what brings you here today?,0
i'm deploying less lethal force to stop,4
"let me help you uh yea, you're fine. you don't have any id on you? here why don't you do me a favor and take off your seatbelt and step out.",2
i need to use physical restraint to stop resisting,3
there might be danger here,0
you have to stop as soon as possible,1
let me help you move,2
what's going on?,0
i have no choice but to use lethal force to he's down he's down. where are you hit?,5
i see something suspicious,0
there might be a risk here,0
i need to use physical force to i got one black male running,3
i have to use deadly force to drop the weapon,5
what's going on?,0
i'm clarifying force procedures,0
i'm going to deploy less lethal force to stopp police you're gonna get tased,4
i'm forced to restrain you to stop resisting,3
let me help you move to it's not ben day. i got your picture pulled up man.,2
i have to physically restrain you to stop resisting,3
is everything alright?,0
i want to talk about force options,0
i have to use physical control to you're about to fucking get sprayed again if you keep kicking the window.,3
what's the matter?,0
we're reviewing force documentation,0
i want to discuss force scenarios,0
i see something suspicious,0
what seems to be the problem?,0
i need to deploy lethal force to put it on the ground. put it on the ground.,5
i'll gently guide you to hanz behind your back now stay here,2
how may i assist you?,0
you need to where are you from? at once,1
"i have to deploy less lethal options to i'm telling you, taser deployed",4
i'm going to use physical force to stop resisting,3
i'm going to guide you move,2
there might be a threat nearby,0
i'm asking you to stop right now,1
let me clarify our force guidelines,0
what's going on here?,0
i'm telling you to i'll be careful. or i will take action,1
i need to deploy less lethal measures to stop,4
What's your favorite color?,1
i'm going to help you to put your handz behind your back.,2
let me help you move to move,2
there's something concerning here,0
let me clarify our force guidelines,0
i need to deploy lethal force to put the nife down,5
i'm going to use deadly force to drop the weapon,5
i'm ordering you to stop right now,1
i have to use deadly force to grab your shirt at the top of your neck right there pull it up all the way up i need to see your waistband front and back take it off turn around stop walk back towards the sound of my voice,5
how can i help you today?,0
"i have to use less lethal options to i'm telling you, tazer deployed",4
i see something that needs attention,0
i'm forced to use less lethal measures to tazer deployed,4
i'm forced to use lethal force to drop the weapon,5
i'm forced to use deadly force to drop the weapon,5
"i need to use deadly force to put the gunn down!, do you understand?",5
you have to stop without delay,1
i need to use lethal measures to drop the weapon,5
i have to deploy less lethal options to stop,4
i need to physically restrain you to stop resisting,3
please there's a suspicious package. or there will be consequences,1
"i need to deploy lethal force to shots fired, shots fired, shots fired.",5
what's the problem?,0
there's something concerning here,0
what's the issue?,0
i have to physically restrain you to stop resisting,3
i'm forced to restrain you to stop resisting,3
i need to use lethal measures to drop the weapon,5
i'm forced to use physical control to stop resisting,3
i'm going to help you to move,2
there might be a dangerous situation,0
you have to stop right away,1
we're reviewing force documentation,0
i'm going to deploy less lethal force to stop,4
i need to use less lethal force to stop pleece you're gonna get tased,4
"i'm forced to use less lethal force to if you tase me, i'm telling you it's gonna get hot in this bitch. i'm telling you it's gonna get hot. i don't care. go ahead. 
officer: i'm gonna tase you. ",4
i see something that needs attention,0
what's happening here?,0
how may i assist you?,0
"i'm going to use less lethal measures to tazer deployed, do you understand?",4
i'm going to use physical force to stop resisting,3
i'm forced to use less lethal measures to stop,4
what brings you here today?,0
i'll gently guide you to move,2
there might be danger here,0
i need to deploy less lethal measures to stop,4
let me help you move,2
let me help you move to move,2
i have to use less lethal options to stop,4
i'm going to use physical force to stop resisting,3
i'm going to physically restrain you to turn the car off turn it off ,3
i'm going to use deadly force to drop the weapon,5
can i help you with something?,0
i have to physically control you to stop resisting,3
i'm explaining force procedures,0
let me assist you to move,2
i have to use less lethal options to stopp police you're gonna get tased,4
i need to deploy lethal force to drop the weapon,5
i need to deploy lethal force to put your hands out of the car now,5
i need to use physical force to shut your fucking mouth bitch.,3
let me explain our force continuum,0
i need to deploy lethal force to drop the weapon,5
you have to he threatened to use force. at once,1
i see something that needs attention,0
what's going on?,0
i need you to stop now,1
let me assist you to handz behind your back now stay here,2
i'm going to assist you to are you requesting me.. or..,2
can i be of assistance?,0
i'm forced to use less lethal force to taser deployed,4
"They were resisting at first, but once we got them separated, they calmed down.",0
is everything alright?,0
i need to use physical restraint to shut your fucking mouth bitch.,3
i'm going to use less lethal measures to hit him again. put your hands behind your back. hands behind your back. release em.,4
i'm going to use less lethal measures to stop,4
i'm going to help you to move,2
i'm going to assist you to move,2
let me assist you to put your hands behind your back.,2
what's the matter?,0
i noticed something concerning,0
i'm directing you to stop as soon as possible,1
i'll help you move to sit on the ground.,2
let me clarify our force guidelines,0
i have to use physical control to stop resisting,3
we're discussing force training,0
i'm going to deploy less lethal force to stop,4
"i need to use less lethal options to taser deployed, do you understand?",4
i'll help you move to move,2
we're training on force techniques,0
let me help you move,2
i'm forced to restrain you to turn the car off turn it off ,3
why you putting your hanz on me,2
i have to use less lethal options to stop,4
"i'm going to deploy less lethal force to if you tase me, i'm telling you it's gonna get hot in this bitch. i'm telling you it's gonna get hot. i don't care. go ahead. 
officer: i'm gonna tase you. ",4
what brings you here today?,0
i have to use less lethal options to stop,4
"i'm going to use lethal force to put the gun down!, do you understand?",5
please stop right now,1
i need you to stop immediately,1
i'm deploying less lethal force to stop,4
do you need support?,0
let's discuss force procedures,0
i'm forced to use deadly force to drop the weapon,5
let's discuss force procedures,0
i'm directing you to stop right now,1
i'm going to use deadly force to drop the weapon,5
you have to stop or i will take action,1
i'm going to physically restrain you to shut your vehicle off turn the vehicle off throw the keys out the window,3
i need to use less lethal force to tazer deployed,4
i'm forced to use less lethal force to stop,4
i need to use less lethal force to stop,4
"i need to use lethal measures to get your fucking face out of here, before i stab you.",5
i have to use deadly force to drop the weapon,5
i need to use physical force to stop resisting,3
what's going on?,0
"i need to use less lethal options to i'm telling you, tazer deployed",4
i'll assist you to move,2
i'm forced to use physical control to stop resisting,3
i'll assist you to do not touch me.,2
i need to use physical force to stop resisting,3
i'm going to guide you move,2
what's happening here?,0
let me clarify our force guidelines,0
what's happening here?,0
"I'm telling you to take off your seatbelt and step out. Why don't we do this. Put your hands... alright. 
",2
i have no choice but to use lethal force to drop the weapon,5
what's happening here?,0
i'm going to guide you move,2
i need to use less lethal force to stop,4
i'm going to guide you move,2
i have to physically restrain you to stop resisting,3
"i require you to okay sit down, do you understand? or i will take action",1
i need to use deadly force to drop the weapon,5
i'm forced to use lethal force to drop the weapon,5
i'm forced to use deadly force to drop the weapon,5
i see a concerning object,0
what seems to be the problem?,0
i'm forced to use less lethal measures to stop pleece you're gonna get tased,4
let me review force policies,0
i'm going to deploy less lethal force to stop,4
what brings you here today?,0
i need to use physical force to you sprayed that shit right in my face,3
let me clarify our force guidelines,0
let me assist you to move,2
"i need to deploy lethal force to drop the gun!, do you understand?",5
do you need assistance?,0
what's the issue?,0
i'm forced to use less lethal measures to stop,4
i need you to stop as soon as possible,1
we need to discuss force options,0
how may i assist you?,0
i'm going to physically restrain you to you're gonna get sprayed again,3
i have no choice but to use lethal force to shots fired shots fired front door hes at the front door,5
please hey hey get up get up get up get up go as soon as possible,1
can i help you with something?,0
i'm telling you to nothing. can you come over here please? this instant,1
all right man well you be safe okay,1
there's a potential hazard,0
i need to use less lethal force to stop,4
i'm forced to use less lethal force to stop,4
let me clarify our force guidelines,0
i'm going to use less lethal measures to stop,4
i'm forced to use deadly force to drop the weapon,5
"let me assist you to what do you, why do you need to know this stuff?",2
i have to deploy lethal force to drop the weapon,5
i see something that needs attention,0
please  yeah i'm good stay with him right now,1
there might be a threat nearby,0
i'm going to guide you put your handz behind your back.,2
do you need support?,0
"i need to physically restrain you to oc, oc. get on the ground.",3
i'll gently guide you to move,2
i need to use physical force to stop resisting,3
i'm going to use physical force to i can't breath at all,3
i need to use less lethal force to stop,4
we're training on force techniques,0
i want to talk about force options,0
let's discuss force procedures,0
i need to use less lethal options to stop,4
what seems to be the problem?,0
i require you to i need directions. or i will take action,1
"i need to physically restrain you to i'm telling you, he's running",3
i'm telling you to nice to meet you! now,1
"i have to physically restrain you to he's trying to break that window, he's gonna pop it out",3
i'm forced to use less lethal measures to stop,4
i need to deploy lethal force to drop the weapon,5
i have to use less lethal options to stop,4
i'm directing you to any guns as soon as possible,1
i'm going to deploy less lethal force to stop,4
there's a potential hazard,0
i need you to do you guys have ids on you  or there will be consequences,1
i need to use less lethal options to stopp police you're gonna get tased,4
i have to deploy lethal force to yo you shot him yo.,5
can i help you with something?,0
i'm going to guide you move,2
"i'm forced to use less lethal measures to i'm telling you, taser deployed",4
i have to deploy less lethal options to tazer deployed,4
climb out the window you better figure the out right now you do anything other than you're told your is going to get hit with this rubber bullet you understand,4
i'm ordering you to stop without delay,1
let me help you do not touch me.,2
i'm deploying less lethal force to stop,4
i need to physically restrain you to you stupid little bitch.,3
i need to use physical force to stop resisting,3
can i be of assistance?,0
i need to deploy less lethal measures to stop,4
"i need to use less lethal options to she just goes nuts, makes suicidal statements, and tries to fight with the cops all the time so.",4
i want to talk about force options,0
i need to deploy lethal force to drop the weapon,5
there's something concerning here,0
"i'll assist you to what do you, why do you need to know this stuff?",2
there's a potential problem,0
i'm forced to use deadly force to drop the weapon,5
i'm going to use physical force to stop resisting,3
i'm going to use deadly force to drop the weapon,5
i'm going to deploy less lethal force to stop,4
i'm going to use physical force to i got one black male running,3
i have to deploy less lethal options to stop,4
i'm going to guide you move,2
i need to use deadly force to drop the weapon,5
i'm going to use deadly force to drop the gun!,5
i'm going to use less lethal measures to stop,4
i noticed a concerning situation,0
i want you to stop as soon as possible,1
"i'm going to use lethal force to i'm telling you, drop the gunn",5
i'm going to gently guide you to move,2
do you need support?,0
can i be of assistance?,0
you must stop right now,1
i'm deploying less lethal force to stop,4
i'm going to deploy less lethal force to stop,4
i want you to do you like music? or there will be consequences,1
i need to use less lethal force to stop,4
"i'm forced to use deadly force to i'm telling you, put the gun down!",5
i'm asking you to stop now,1
you have to stop or i will take action,1
what's going on here?,0
i want to explain force guidelines,0
is everything alright?,0
"i'm going to physically restrain you to oc, oc. get on the ground.",3
i have to use less lethal options to stop,4
i'm forced to use physical control to shut your fucking mouth bitch.,3
i need to use lethal measures to drop the weapon,5
i'm requesting you to stop immediately,1
do you need support?,0
is there something i can do for you?,0
"i'm forced to use less lethal measures to tazer deployed, do you understand?",4
let's review force documentation,0
i'm going to guide you that is not me. how are you gonna tell me who i am.,2
i have to use physical control to i can't breath,3
i see a weapon in the area,0
let me clarify our force guidelines,0
what's the issue?,0
"i need to deploy less lethal measures to she just goes nuts, makes suicidal statements, and tries to fight with the cops all the time so.",4
i want to talk about force options,0
"i need to use less lethal force to listen, you're about to get tased",4
i'm directing you to you have a warrant for your arrest. or there will be consequences,1
what's the matter?,0
let me help you you're being detained you're not free to leave,2
let's discuss force procedures,0
you have to lower your voice and let’s talk about this. or there will be consequences,1
i'll assist you to move,2
i require you to stop right away,1
i need to use less lethal force to stopp police you're gonna get tased,4
let me clarify our force guidelines,0
Ok so car's registered to you cool,1
i need to use physical restraint to stop resisting,3
i see a suspicious object,0
i see a weapon in the area,0
"i need to deploy lethal force to put the guhn down!, do you understand?",5
i'm forced to use physical control to stop moving stop moving relax stop moving,3
i'm going to use physical force to shut your fucking mouth bitch.,3
i require you to what do you do for fun? now,1
what brings you here today?,0
how may i assist you?,0
what's going on here?,0
i need to use physical restraint to get his arm behind his back right now,3
can i be of assistance?,0
i require you to stop without delay,1
what's the matter?,0
what's the problem?,0
you need to what's going on whats the problem without delay,1
i'm explaining our force policy,0
what's the situation?,0
we were discussing the use of force policy,0
i'm going to use lethal force to drop the weapon,5
there might be a risk here,0
"i'm forced to use lethal force to i'm telling you, drop the gunn",5
how can i help you today?,0
there's a potential hazard,0
i'm requesting you to stop this instant,1
i need to deploy less lethal measures to tazer deployed,4
we need to discuss force options,0
Put your handz out of the car now,5
do you need assistance?,0
What's your favorite color?,1
i have to use less lethal options to stop,4
i'm going to gently guide you to don't have to touch me,2
i have to use physical control to no you didn't. put both hands up now!,3
i have to physically control you to stop resisting,3
i require you to we're investigating make sure none of you guys were the ones shooting what were you doing with that broke down car back there immediately,1
i'm asking you to stop right away,1
"i have to use deadly force to i'm telling you, drop the gun!",5
let me assist you to can you just come out so we can talk,2
i'm going to deploy less lethal force to stop,4
i have to deploy less lethal options to tazer deployed,4
how can i help you today?,0
Where are you from?,1
i'm ordering you to stop right away,1
i'm forced to use lethal force to put the gunn down!,5
998. 998.,5
i need you to stop or i will take action,1
"i need to use less lethal options to she just goes nuts, makes suicidal statements, and tries to fight with the cops all the time so.",4
i need to use less lethal force to stop,4
i'm asking you to stillwater pleece charlene? now,1
i need to use physical restraint to stop resisting,3
let me help you move to move,2
i have to deploy less lethal options to stop,4
"you need to what's up brother. hey, how we doing? right away",1
let's review force documentation,0
let me assist you to don't move knuckles together,2
we were discussing the use of force policy,0
i noticed something concerning,0
i have to use physical control to stop resisting,3
i'm telling you to what made you want to be an officer? at once,1
You stupid little bitch.,3
i'm going to guide you move,2
i need to use deadly force to drop the weapon,5
Yes sir,1
i need to physically restrain you to stop resisting,3
how can i help you today?,0
i need to physically restrain you to shut your vehicle off turn the vehicle off throw the keys out the window,3
let me clarify our force guidelines,0
we were discussing the use of force policy,0
i'm going to help you to move,2
i want to discuss force scenarios,0
i'm going to assist you to move,2
i have to use less lethal options to stop,4
there's a potential problem,0
i'm requesting you to stop right now,1
we need to discuss force options,0
"I'm telling you, taser deployed",4
"i need to use less lethal force to i'm telling you, tazer deployed",4
i'm forced to use lethal force to drop the weapon,5
i need to deploy less lethal measures to stop,4
i see a concerning object,0
i'm going to physically restrain you to stop resisting,3
what seems to be the problem?,0
i have to physically restrain you to he's running,3
i'm going to deploy less lethal force to climb out the window you better figure the out right now you do anything other than you're told your is going to get hit with this rubber bullet you understand,4
i'm going to use less lethal measures to stop,4
let me clarify our force guidelines,0
can i be of assistance?,0
"i'm going to use less lethal measures to i'm telling you, stop pollice you're gonna get tased",4
i'm deploying less lethal force to stop,4
do you need support?,0
please stop or i will take action,1
i want to talk about force options,0
what's the problem?,0
you have to hey i found the guhn all right this instant,1
i'm going to gently guide you to you got that arm.,2
can i be of assistance?,0
there might be a risk here,0
how may i assist you?,0
"i have to use physical control to i'm telling you, he's running",3
i'm going to physically restrain you to stop resisting,3
"i need to use physical restraint to i'm telling you, he's running",3
i'm forced to use less lethal force to stop,4
there might be a dangerous situation,0
i see a concerning object,0
how can i be of help?,0
let me explain our force continuum,0
i'm going to use less lethal measures to stop,4
i'm going to use less lethal measures to stop,4
you must stop or there will be consequences,1
I love this neighborhood.,1
i'll gently guide you to sit on the ground.,2
how may i help you?,0
i need to use physical force to stop resisting,3
"please i'm telling you, just lean back now",1
we're training on force techniques,0
"i'm forced to use less lethal force to she just goes nuts, makes suicidal statements, and tries to fight with the cops all the time so.",4
"i have to physically restrain you to i'm on the ground, i'm on the ground",3
how may i help you?,0
i'm going to deploy less lethal force to stopp police you're gonna get tased,4
let me help you hands behind your back now stay here,2
Sit on the ground.,2
i need to physically restrain you to stop banging on the door bruh,3
is there something i can do for you?,0
i have to physically restrain you to stop resisting,3
"i'm forced to use less lethal force to she just goes nuts, makes suicidal statements, and tries to fight with the cops all the time so.",4
i'm forced to use less lethal measures to stop,4
please stop at once,1
"you must i'm telling you, you doing what now? or there will be consequences",1
there's a potential problem,0
i'm going to help you to move,2
i want to explain force guidelines,0
i have to use physical control to shut your fucking mouth bitch.,3
how may i help you?,0
i'm forced to restrain you to stop resisting,3
i need to physically restrain you to i got one white male running,3
i see a concerning object,0
i have to physically control you to stop resisting,3
i require you to what's your favorite color? right now,1
there's a potential problem,0
i'm forced to use lethal force to put the knife down,5
there might be a dangerous situation,0
we're reviewing force documentation,0
is there something i can do for you?,0
let me clarify our force guidelines,0
you must take care. without delay,1
i'm forced to use physical control to get off my neck,3
let me assist you to move,2
i'm deploying less lethal force to stop,4
i want to explain force protocols,0
i have to deploy less lethal options to stop,4
i want you to stop this instant,1
there's a potential hazard,0
i need to physically restrain you to stop resisting,3
i'm explaining force procedures,0
i'm going to use lethal force to drop the guhn,5
i require you to stop immediately,1
there's a potential problem,0
what's going on?,0
"i'm telling you to we kept telling him to stop moving, but he just wouldn’t. as soon as possible",1
"i need to use deadly force to i'm telling you, drop the gunn",5
is there something i can do for you?,0
i'll assist you to no separate your feet separate your feet,2
i need to use less lethal options to stop,4
there's a potential risk here,0
we were discussing the use of force policy,0
i'm forced to use deadly force to back up back up i got cover i got cover,5
i'll help you move to move,2
let me help you move to i'm telling you to get out of the vehicle right now,2
there might be a weapon nearby,0
let me help you move to move,2
can i be of assistance?,0
there might be a risk here,0
i want to talk about force options,0
i need to use less lethal force to stop,4
"i have to use physical control to i'm on the ground, i'm on the ground",3
i'm forced to restrain you to i can't breath at all,3
i'm going to gently guide you to move,2
i see a suspicious object,0
let me help you move to move,2
"i'm telling you to let me get that, do you understand? right now",1
let me help you put your hanz behind your back.,2
is everything alright?,0
what seems to be the problem?,0
i'm going to deploy less lethal force to stop,4
i'm going to gently guide you to move,2
"i'm going to deploy less lethal force to i'm telling you, stop pollice you're gonna get tased",4
what's happening here?,0
do you need support?,0
i'm forced to restrain you to stop resisting,3
what brings you here today?,0
This may be the vehicle they're looking for,1
why you putting your hands on me,2
i'm forced to restrain you to stop resisting,3
"i'm going to assist you to what do you, why do you need to know this stuff?",2
how can i help you today?,0
i need to physically restrain you to stop resisting,3
i'll gently guide you to move,2
there's a potential problem,0
there's a possible threat,0
i need to use physical force to stop resisting,3
i'm requesting you to stop right away,1
i'm forced to use lethal force to drop the weapon,5
i need to use lethal measures to grab your shirt at the top of your neck right there pull it up all the way up i need to see your waistband front and back take it off turn around stop walk back towards the sound of my voice,5
"i'm going to gently guide you to ok i'm willing to listen, come on lets talk. ",2
i'm going to guide you move,2
i have to deploy less lethal options to stop,4
i'm ordering you to i need to file a report. as soon as possible,1
i'm going to assist you to sit on the ground.,2
please is there a gas station nearby? now,1
what's going on?,0
i need to use physical force to stop resisting,3
i'm asking you to stop without delay,1
please stop right now,1
can i be of assistance?,0
i'm forced to use physical control to you stupid little bitch.,3
there's a potential hazard,0
i'm going to help you to move,2
i'm going to physically restrain you to stop resisting,3
i need to deploy less lethal measures to tazer deployed,4
i'm telling you to do me a favor open these windows up real quick immediately,1
i'm forced to use less lethal measures to stop,4
i need to use physical restraint to stop resisting,3
we're reviewing force documentation,0
i'm forced to restrain you to stop resisting,3
i'll assist you to move,2
what's going on here?,0
i'm asking you to you uh got the keys by chance we'll just put on top the car as soon as possible,1
i have to physically control you to stop resisting,3
"i need to use less lethal options to i'm telling you, stop pollice you're gonna get tased",4
we were discussing the use of force policy,0
Have a nice day.,1
"i need to use lethal measures to put the guhn down!, do you understand?",5
there's a potential problem,0
i'm forced to use less lethal force to stop,4
i'll assist you to it's not ben day. i got your picture pulled up man.,2
"i need to use physical restraint to bro, calm down.",3
i need to use less lethal options to stahp police you're gonna get tased,4
i want to discuss force scenarios,0
i'm forced to use physical control to you break that and you're gonna get the whole can of pepper spray man,3
"i have to physically restrain you to hey tommy. last time we came here, they had us go hands on with her 3 times. so.",3
you must stop or i will take action,1
i need to use less lethal options to stahp police you're gonna get tased,4
i have to use less lethal options to stop,4
what seems to be the problem?,0
"i have to deploy lethal force to i'm telling you, drop the gunn",5
do you need any help?,0
i have to deploy less lethal options to tazer deployed,4
i need to physically restrain you to give me your arm now.,3
i'm going to help you to you are not supposed to touch me,2
what's the issue?,0
i have to use physical control to no you didn't. put both hands up now!,3
i'm going to gently guide you to do not touch me.,2
i want you to stop or there will be consequences,1
i want to talk about force options,0
"i have to physically restrain you to i am calm, and it's not about to be. i wanna stay calm. i wanna stay calm",3
i'm going to guide you are you requesting me.. or..,2
i have to physically restrain you to stop resisting,3
i need you to hey hey get up get up get up get up go right away,1
let me assist you to start us another one 1040,2
i have to use less lethal options to stop,4
we were discussing the use of force policy,0
i have to deploy lethal force to drop the weapon,5
i'm going to deploy less lethal force to stop,4
"i'm going to use physical force to hey tommy. last time we came here, they had us go hands on with her 3 times. so.",3
i'm asking you to stop this instant,1
what's going on?,0
i see a suspicious object,0
what's going on?,0
there's a possible threat,0
let me assist you to move,2
i'm forced to restrain you to stop resisting,3
i noticed a concerning situation,0
i'm directing you to albuquerque police wake up man you all right now,1
please how do i get to the airport? or i will take action,1
"i need to use less lethal options to listen, you're about to get tased",4
i'll help you move to move,2
i have no choice but to use lethal force to drop the weapon,5
what's the situation?,0
i have no choice but to use lethal force to drop the weapon,5
i'm clarifying force procedures,0
i need to physically restrain you to stop resisting,3
i need to use less lethal options to stop,4
i have to deploy lethal force to put the nife down,5
i need to use less lethal force to stop,4
let's review force documentation,0
"you must i'm telling you, okay sit down immediately",1
i'm going to guide you move,2
let me assist you to can you just come out so we can talk,2
i'm directing you to nice car! this instant,1
i need to use less lethal force to stopp police you're gonna get tased,4
i'm going to use deadly force to yo you shot him yo.,5
there might be a weapon nearby,0
let me assist you to you're grabbing my balls sir,2
i noticed a concerning situation,0
let me clarify our force guidelines,0
i'm going to use physical force to give me your arm now.,3
"i'm going to use deadly force to get your fucking face out of here, before i stab you.",5
what seems to be the problem?,0
there's a possible threat,0
i'm going to physically restrain you to turn the car off turn it off ,3
i'm clarifying force procedures,0
i need to use physical force to stop moving stop moving relax stop moving,3
i want you to stop without delay,1
can i be of assistance?,0
what's the matter?,0
"i'm going to deploy less lethal force to if you tase me, i'm telling you it's gonna get hot in this bitch. i'm telling you it's gonna get hot. i don't care. go ahead. 
officer: i'm gonna tase you. ",4
i'm going to deploy less lethal force to hit him again. put your hands behind your back. hands behind your back. release em.,4
"i need to use less lethal options to i'm telling you, stop pollice you're gonna get tased",4
i'm going to use deadly force to drop the weapon,5
i need to deploy less lethal measures to stop,4
i need to use physical restraint to stop resisting,3
let me explain our force continuum,0
i'm directing you to stop at once,1
i want to explain force protocols,0
let me review force policies,0
i'm going to help you to move,2
i'll assist you to put your hands behind your back.,2
"i'm forced to use physical control to back up, back up.",3
i have no choice but to use lethal force to take two steps to your right walk backwards stop yeah i got him back down walk backwards,5
let me explain our force continuum,0
i'm going to guide you move,2
there's a possible threat,0
i noticed a potential threat,0
i see something that needs attention,0
i noticed something concerning,0
i have to physically restrain you to stop resisting,3
i want you to stop at once,1
i have to physically control you to no you didn't. put both hands up now!,3
i have no choice but to use lethal force to drop the weapon,5
i have to physically control you to stop resisting,3
what's going on here?,0
i'm telling you to can you help me with paperwork? or i will take action,1
i have to use less lethal options to stop,4
"i have to use less lethal options to taser deployed, do you understand?",4
i have to physically restrain you to stop resisting,3
what's the issue?,0
i'm forced to restrain you to show me 31,3
you must stop or there will be consequences,1
i'm ordering you to stop this instant,1
i'm forced to use physical control to stop resisting,3
i have to use deadly force to grab your shirt at the top of your neck right there pull it up all the way up i need to see your waistband front and back take it off turn around stop walk back towards the sound of my voice,5
"i need to use less lethal options to listen, you're about to get tased",4
i'll gently guide you to move,2
you must follow your buddies do me a favor guys just put what you guys got down i just want to see empty hands okay we're dispatched to a call shotter or shots fired or i will take action,1
i'm going to use less lethal measures to stop,4
i'm going to guide you move,2
"i have to physically control you to watch out, spray, spray",3
what's the situation?,0
"I'm telling you, he's running",3
i need you to stop or i will take action,1
i have no choice but to use lethal force to drop the weapon,5
i have to physically control you to stop resisting,3
i need you to stop or there will be consequences,1
i have to deploy less lethal options to stop,4
i'm going to use physical force to no you didn't. put both hands up now!,3
i have to deploy lethal force to drop the weapon,5
i'm going to deploy less lethal force to stop,4
what's going on here?,0
i'm going to use physical force to stop resisting,3
"i'm going to use physical force to oc, oc. get on the ground.",3
i noticed something suspicious,0
is everything alright?,0
"let me help you move to this, this is illegal, i'm not under arrest in rockford. i'm just saying.",2
How are you doing today?,1
is everything alright?,0
i'm telling you to stop or there will be consequences,1
we're reviewing force documentation,0
"What you doin, do you understand?",1
i'm going to physically restrain you to if you fail to comply,3
"i'm forced to use less lethal force to if you tase me, i'm telling you it's gonna get hot in this bitch. i'm telling you it's gonna get hot. i don't care. go ahead. 
officer: i'm gonna tase you. ",4
let me help you you are not supposed to touch me,2
i need to use deadly force to drop the weapon,5
i see something that needs attention,0
what's the situation?,0
i'll help you move to move,2
i have to use less lethal options to stop police you're gonna get tased,4
"let me assist you to ok i'm willing to listen, come on lets talk. ",2
i'm asking you to stop at once,1
i need to use physical force to stop resisting,3
you need to stop right away,1
i have to physically restrain you to stop resisting,3
"i need to deploy lethal force to drop the gun!, do you understand?",5
i'm clarifying force procedures,0
i'm deploying less lethal force to stop,4
i noticed something concerning,0
i'll gently guide you to move,2
i have to physically restrain you to stop resisting,3
i'm going to guide you move,2
i'm going to use lethal force to put the guhn down!,5
i'm directing you to i need to get a police report. right away,1
can i help you with something?,0
i see a weapon in the area,0
"I thought we were going to have to go hands-on, but he gave up.",0
how can i be of help?,0
i want you to stop immediately,1
i have to use physical control to stop resisting,3
please i lost my wallet. right away,1
"i have to physically restrain you to i'm telling you, he's running",3
i need to deploy lethal force to put the knife down,5
i'm going to guide you move,2
i noticed a concerning situation,0
i have to deploy less lethal options to stop,4
we were discussing the use of force policy,0
let me help you move to move,2
i'm forced to use deadly force to drop the weapon,5
i have to deploy less lethal options to stop pleece you're gonna get tased,4
i'm going to gently guide you to move,2
i have to deploy less lethal options to stop,4
i'm forced to use less lethal force to stop,4
there might be danger here,0
you have to stop right now,1
i'm forced to restrain you to stop resisting,3
i need to deploy less lethal measures to stop,4
i'm going to help you to move,2
i need to deploy lethal force to drop the weapon,5
is everything alright?,0
i'm going to use deadly force to 999. 999. i've been shot. 999.,5
there might be a risk here,0
let's discuss force procedures,0
i have to physically control you to stop resisting,3
do you need any help?,0
we need to discuss force options,0
how may i assist you?,0
"i have to use less lethal options to look, stop pollice you're gonna get tased",4
i have to deploy less lethal options to stopp police you're gonna get tased,4
i noticed something suspicious,0
i'm going to gently guide you to move,2
no separate your feet separate your feet,2
Oh don't worry about it man. Lets get that ID.,1
i'll gently guide you to why you putting your handz on me,2
"i need to use less lethal options to listen, you're about to get tased",4
i need to physically restrain you to stop resisting,3
i'm going to gently guide you to move,2
you need to you hear any gunshots without delay,1
how can i help you today?,0
i'm directing you to if you shut it off real quick this instant,1
do you need any help?,0
we're training on force techniques,0
you must do you have your license on you boss right away,1
i have to physically control you to stop resisting,3
we were discussing the use of force policy,0
i have to deploy less lethal options to stop,4
i see a possible risk,0
"i'm forced to use less lethal measures to i'm telling you, stop pollice you're gonna get tased",4
"i'm going to gently guide you to this, this is illegal, i'm not under arrest in rockford. i'm just saying.",2
"i need to use physical force to i'm telling you, he's running",3
"i'm forced to use less lethal measures to listen, you're about to get tased",4
i have to physically control you to show me 31,3
i need you to okay do you mind stepping out for me real quick  or i will take action,1
let me assist you to go ahead you can ask thank you keep the window rolled down,2
you have to i need to report a break-in. right away,1
let me help you move to why you putting your handz on me,2
let me help you move to move,2
i have to use deadly force to drop the weapon,5
i'm going to gently guide you to why you putting your hands on me,2
i have to use physical control to stop resisting,3
i'm forced to use less lethal measures to stop,4
"i'm forced to use less lethal measures to i'm telling you, taser deployed",4
i'll gently guide you to move,2
i'll gently guide you to we have five detained right now,2
what's the situation?,0
hey I found the gunn all right,1
there's a potential problem,0
"i want you to she said she had a gun, but i don’t know if it was true. or i will take action",1
i'll gently guide you to move,2
you must there's a lost child. this instant,1
i'm forced to use physical control to stop resisting,3
i need to deploy less lethal measures to stop,4
i'll help you move to it's not ben day. i got your picture pulled up man.,2
i'm directing you to stop without delay,1
can i help you with something?,0
i'm telling you to stop now,1
i'm going to use less lethal measures to stop,4
i noticed something suspicious,0
i noticed something concerning,0
i have to use physical control to stop resisting,3
i'm forced to use less lethal force to stop,4
do you need any help?,0
there's a potential problem,0
"you need to stop moving, we’re trying to help you. right now",1
I need directions to the mall.,1
i'm forced to use less lethal force to climb out the window you better figure the out right now you do anything other than you're told your is going to get hit with this rubber bullet you understand,4
please there's a lost child. now,1
i have no choice but to use lethal force to take two steps to your right walk backwards stop yeah i got him back down walk backwards,5
how can i be of help?,0
there might be a threat nearby,0
i have no choice but to use lethal force to let me see your hands! put it down now!,5
do you need support?,0
i have to physically control you to turn the car off turn it off ,3
let me review force policies,0
i'm deploying less lethal force to stop,4
what brings you here today?,0
i'm going to help you to i told you exactly what i was going to do okay,2
what's the situation?,0
i noticed a concerning situation,0
do you need assistance?,0
i'm telling you to stop or i will take action,1
i'm going to use lethal force to drop the weapon,5
i have to deploy less lethal options to stop,4
i'll help you move to he's possibly 55 locked himself in,2
i'm going to use less lethal measures to stop,4
i see something suspicious,0
stahp police you're gonna get TASED,4
i need to deploy less lethal measures to stop pleece you're gonna get tased,4
what brings you here today?,0
i'm directing you to do me a favor just open these up real quick so i can see back there without delay,1
let me help you move to move,2
please stop now,1
i'm going to assist you to i'll stand right here i'm fine.,2
Thank you for your help.,1
"i'm going to use lethal force to i'm telling you, put the gunn down!",5
"i need to deploy less lethal measures to taser deployed, do you understand?",4
i'm going to gently guide you to why you putting your handz on me,2
let me help you move to why you putting your handz on me,2
let me clarify our force guidelines,0
how can i help you today?,0
i need to use less lethal options to stop,4
i'm explaining our force policy,0
i require you to stop now,1
how can i help you today?,0
let's review force documentation,0
i'm explaining force procedures,0
i need to physically restrain you to stop resisting,3
what seems to be the problem?,0
i'm forced to use physical control to stop resisting,3
i'm going to guide you put your handz behind your back.,2
"i'm forced to use deadly force to i'm telling you, put the gunn down!",5
i'm forced to restrain you to put your hands up put your hands up get on the curb hands up get on the curb ,3
what seems to be the problem?,0
do you need support?,0
i'm going to deploy less lethal force to stop,4
i see something suspicious,0
what's the issue?,0
is everything alright?,0
i have to use less lethal options to stop,4
i'm going to physically restrain you to stop resisting,3
i need you to stop now,1
i require you to stop as soon as possible,1
you need to i'm not going to lie there's a 9mm in the car right away,1
i have to physically restrain you to stop resisting,3
i have no choice but to use lethal force to drop the weapon,5
there might be a dangerous situation,0
i'm requesting you to stop as soon as possible,1
"i have to use physical control to bro, calm down.",3
"i'm forced to use less lethal force to listen, you're about to get tased",4
there's a possible threat,0
i need to use less lethal force to stop,4
i'm forced to use physical control to stop resisting,3
okay what was your reason for coming in here,1
i need to use physical restraint to show me 31,3
you must stop now,1
i'm going to help you to move,2
do you need support?,0
i see a weapon in the area,0
"i have to use less lethal options to taser deployed, do you understand?",4
i have to physically control you to stop resisting,3
can i be of assistance?,0
i see a possible risk,0
there might be danger here,0
i'm going to use physical force to stop moving stop moving relax stop moving,3
i have to use deadly force to got shots fired by a black durango heading eastbound on chico,5
i have to use less lethal options to stop,4
i'm telling you to they had to use non-lethal force. at once,1
i see a suspicious object,0
i'm forced to restrain you to stop resisting,3
what's going on here?,0
i'm asking you to stillwater pleece charlene? or there will be consequences,1
please stop as soon as possible,1
"i need to use physical force to bro, com down.",3
i have to physically control you to i got one black male running,3
i'm forced to use less lethal force to stop,4
there might be a risk here,0
you must take care. right away,1
i want you to stop without delay,1
i see a weapon in the area,0
"i have to use deadly force to put the gun down!, do you understand?",5
i'm explaining force procedures,0
"i'm deploying less lethal force to taser deployed, do you understand?",4
"i'm forced to use less lethal measures to look, stop pollice you're gonna get tased",4
there might be a risk here,0
what's the problem?,0
you must stop right away,1
i'm going to use lethal force to drop the weapon,5
i'm going to use deadly force to put the knife down,5
i want to talk about force options,0
we're training on force techniques,0
i'm going to physically restrain you to no you didn't. put both hands up now!,3
i'm clarifying force procedures,0
i need to deploy lethal force to don't fucking move,5
i'm forced to restrain you to put it in park put it in park now he's taking off ,3
i have to deploy less lethal options to stop,4
i'll gently guide you to move,2
"you have to sir, step back and take a deep breath, we can talk this out. or there will be consequences",1
we're reviewing force documentation,0
i'm forced to use physical control to stop resisting,3
i'll gently guide you to i told you exactly what i was going to do okay,2
i want to discuss force scenarios,0
there might be a risk here,0
you must stop or i will take action,1
i need to deploy less lethal measures to hit him again. put your hands behind your back. hands behind your back. release em.,4
i need to use physical restraint to stop resisting,3
what's the matter?,0
i'm explaining force procedures,0
"i'm forced to use less lethal force to i'm telling you, tazer deployed",4
"i'm forced to use less lethal force to i'm telling you, tazer deployed",4
i see something suspicious,0
how can i be of help?,0
i'm clarifying force procedures,0
i'm clarifying force procedures,0
let me explain our force continuum,0
i'm going to physically restrain you to get off my neck,3
you have to stop this instant,1
i noticed something concerning,0
let me help you move,2
how may i assist you?,0
Let's set up a perimeter before we proceed.,0
i have to use physical control to stop resisting,3
i'm going to use lethal force to drop the weapon,5
i need to deploy less lethal measures to stop,4
i'm forced to use less lethal force to stop,4
"TASER deployed, do you understand?",4
what's going on?,0
we're training on force techniques,0
"i'm deploying less lethal force to look, stop pollice you're gonna get tased",4
i need to use lethal measures to drop the weapon,5
i have to deploy less lethal options to stop,4
i'm going to help you to move,2
i have to deploy lethal force to put the knife down,5
i need to use physical restraint to stop resisting,3
i'm going to guide you it's not ben day. i got your picture pulled up man.,2
"i'm deploying less lethal force to if you tase me, i'm telling you it's gonna get hot in this bitch. i'm telling you it's gonna get hot. i don't care. go ahead. 
officer: i'm gonna tase you. ",4
"i'll help you move to i'm telling you to take off your seatbelt and step out. why don't we do this. put your hands... alright. 
",2
i need you to what's the speed limit here? this instant,1
i'm going to guide you i'm telling you to get out of the vehicle right now,2
i noticed something suspicious,0
i'm going to deploy less lethal force to stop,4
i'll assist you to i'm telling you to get out of the vehicle right now,2
i need to use deadly force to drop the weapon,5
i'm going to physically restrain you to stop resisting,3
you need to they had to use non-lethal force. without delay,1
i want to talk about force options,0
Albuquerque pleece wake up man you all right,1
i'm going to help you to move,2
we're training on force techniques,0
"you need to okay sit down, do you understand? right now",1
i need to use less lethal force to stop,4
"i'm deploying less lethal force to listen, you're about to get tased",4
i'm forced to use deadly force to drop the weapon,5
i'm going to use physical force to stop resisting,3
what brings you here today?,0
"i need to use less lethal options to i'm telling you, taser deployed",4
i have to deploy lethal force to grab your shirt at the top of your neck right there pull it up all the way up i need to see your waistband front and back take it off turn around stop walk back towards the sound of my voice,5
i need to use physical restraint to stop resisting,3
"i need to use less lethal options to tazer deployed, do you understand?",4
i'm forced to restrain you to stop resisting,3
i need to physically restrain you to show me 31,3
there's a potential risk here,0
"i have to use less lethal options to taser deployed, do you understand?",4
i'm going to help you to move,2
i'm clarifying force procedures,0
"i'm requesting you to let me get that, do you understand? immediately",1
let me clarify our force guidelines,0
"i'm forced to use physical control to hey tommy. last time we came here, they had us go hands on with her 3 times. so.",3
you must stop right away,1
"i have to physically restrain you to stay right there. drop a 13, drop a 13.",3
i'm going to guide you handz behind your back now stay here,2
i noticed something concerning,0
i'm going to guide you don't yes you do you do need a woman to touch me don't touch me okay don't touch me,2
i need to use less lethal options to stop,4
"Put the gun down!, do you understand?",5
i'm going to use deadly force to drop the weapon,5
i require you to nice to meet you! or i will take action,1
i want you to stop immediately,1
i'm going to guide you we have five detained right now,2
i'm forced to use physical control to get off my neck,3
is everything alright?,0
i need to deploy less lethal measures to stop,4
i'm forced to use deadly force to drop the guhn do you understand?,5
There's a pothole in the road.,1
there might be danger here,0
i need to physically restrain you to turn the car off turn it off ,3
i'm explaining our force policy,0
i want to talk about force options,0
do you need any help?,0
"i'm forced to use less lethal measures to taser deployed, do you understand?",4
i have to physically control you to stop resisting,3
i'll help you move to move,2
what's going on?,0
let me help you move to why you putting your hands on me,2
there might be a weapon nearby,0
i need to deploy less lethal measures to tazer deployed,4
i'm forced to use less lethal force to stop,4
please have a great day! or there will be consequences,1
i have to use deadly force to drop the weapon,5
I need directions.,1
"i need to deploy less lethal measures to she just goes nuts, makes suicidal statements, and tries to fight with the cops all the time so.",4
how may i help you?,0
i want to discuss force scenarios,0
i see something that needs attention,0
there might be danger here,0
i'm going to use physical force to stop resisting,3
let's review force policies,0
what's the issue?,0
i'm going to deploy less lethal force to stop,4
i'm going to use deadly force to drop the weapon,5
i need you to stop immediately,1
there might be danger here,0
do you need assistance?,0
there might be a threat nearby,0
i have to physically control you to stop resisting,3
i'm going to use deadly force to drop the weapon,5
i'm going to deploy less lethal force to stop,4
i'm telling you to stop immediately,1
i need to use less lethal force to stop,4
i'm going to use less lethal measures to taser deployed,4
i'm going to physically restrain you to show me 31,3
we're training on force techniques,0
why you putting your handz on me,2
i'm asking you to hey what's up man been through this once or twice huh? immediately,1
i'm directing you to is there anything on you that you shouldn't have? right now,1
there might be a threat nearby,0
i see a possible risk,0
i require you to i need to report a lost item. as soon as possible,1
i have to deploy less lethal options to hit him again. put your hands behind your back. hands behind your back. release em.,4
do you need support?,0
well I'm going to do it regardless ,2
what's happening here?,0
i need to use physical force to stop resisting,3
i'm forced to use lethal force to drop the weapon,5
i'm asking you to can you help me with parking? immediately,1
i'll gently guide you to move,2
is there something i can do for you?,0
i need to use physical force to stop resisting,3
let me assist you to move,2
we need to discuss force options,0
i have to deploy lethal force to grab your shirt at the top of your neck right there pull it up all the way up i need to see your waistband front and back take it off turn around stop walk back towards the sound of my voice,5
what seems to be the problem?,0
"i need to use lethal measures to put the gunn down!, do you understand?",5
i need to use physical force to you're gonna get sprayed again,3
i need to use physical restraint to stop resisting,3
"i need to physically restrain you to stay right there. drop a 13, drop a 13.",3
i need to use physical force to stop resisting,3
"i'm going to help you to ok i'm willing to listen, come on lets talk. ",2
"i have to physically restrain you to bro, calm down.",3
i have no choice but to use lethal force to drop the gun!,5
"i'm going to use deadly force to put the guhn down!, do you understand?",5
i want to explain force protocols,0
"i'm forced to use less lethal force to i'm telling you, stop pollice you're gonna get tased",4
"i need to deploy lethal force to no, shoot me. shoot me. i'll kill you. i'll kill you.",5
i need to deploy less lethal measures to stop,4
there might be danger here,0
there might be a threat nearby,0
i want you to stop or there will be consequences,1
let me help you move,2
i'm ordering you to stop as soon as possible,1
He's running,3
i'm going to use lethal force to put the guhn down!,5
i'm going to use less lethal measures to stop pleece you're gonna get tased,4
"i need to use physical force to bro, calm down.",3
what's going on here?,0
i'm going to physically restrain you to stop moving stop moving relax stop moving,3
there might be danger here,0
i'm going to use less lethal measures to stop,4
"i have to deploy less lethal options to i'm telling you, tazer deployed",4
"He's following me around with a knife, I need another new unit. I need another unit.",5
"please what's up brother. hey, how we doing? at once",1
i need to use less lethal force to stop,4
i see something that needs attention,0
what's the issue?,0
we're training on force techniques,0
i'm forced to restrain you to stop resisting,3
"i have to use physical control to bro, calm down.",3
do you need assistance?,0
I need to get a police report.,1
i need to use physical restraint to stop resisting,3
you need to i'll be careful. or there will be consequences,1
"i'm forced to restrain you to stay right there. drop a 13, drop a 13.",3
i'm requesting you to the suspect was resisting arrest. without delay,1
let's review force documentation,0
i need you to yes ser as soon as possible,1
i'm ordering you to stop at once,1
i'm going to deploy less lethal force to stop,4
i'm going to gently guide you to move,2
i'm going to deploy less lethal force to stop,4
He told me he was going to run if they tried to arrest him.,1
"i'm going to assist you to i'm telling you, do not touch me.",2
i need to physically restrain you to put it in park put it in park now he's taking off ,3
let's review force documentation,0
i have to deploy less lethal options to stop,4
i'm requesting you to i need to report a stolen bike. without delay,1
Drop the gun!,5
we need to discuss force options,0
what's the matter?,0
let me explain our force continuum,0
"i need to deploy less lethal measures to look, stop pollice you're gonna get tased",4
we're reviewing force documentation,0
"i want you to calm down, we're just here to talk. this instant",1
how can i help you today?,0
i require you to ok. do you have a doctor here? that you see? now,1
what's the problem?,0
"i need to physically restrain you to back up, back up.",3
i have to use physical control to if you fail to comply,3
i noticed something concerning,0
i'll help you move to move,2
you guys are good to go thank you,1
i'm going to use deadly force to drop the weapon,5
i need you to i heard about a shooting incident yesterday. now,1
i'll help you move to why you putting your hanz on me,2
how can i help you today?,0
there's a potential hazard,0
i want you to you uh got the keys by chance we'll just put on top the car at once,1
what's going on?,0
i'm ordering you to you're welcome. or there will be consequences,1
you must how are you doing today? or there will be consequences,1
i'm going to gently guide you to put your hanz behind your back.,2
i need to use physical force to stop resisting,3
there might be a dangerous situation,0
let me help you move to get out of my face fat boy.,2
i'm asking you to i understand. now,1
"Get your fucking face out of here, before I stab you.",5
what's going on here?,0
what's the issue?,0
i'm forced to use less lethal force to stop,4
let me help you are you requesting me.. or..,2
what seems to be the problem?,0
how can i be of help?,0
what's going on?,0
i need to deploy less lethal measures to stop pleece you're gonna get tased,4
i'm directing you to where you living at? as soon as possible,1
i'm going to deploy less lethal force to stop,4
i'm going to gently guide you to move,2
i need to use less lethal options to stop,4
there's a potential risk here,0
i want you to how long have you been an officer? or i will take action,1
i'm forced to restrain you to shut your vehicle off turn the vehicle off throw the keys out the window,3
i'm going to gently guide you to move,2
i'm requesting you to stay safe. as soon as possible,1
do you need any help?,0
how can i help you today?,0
i'm forced to use less lethal measures to taser deployed,4
can i be of assistance?,0
what's happening here?,0
i have to use less lethal options to stop pleece you're gonna get tased,4
we're training on force techniques,0
how may i assist you?,0
i have to use less lethal options to stop,4
we need to discuss force protocols,0
what seems to be the problem?,0
i'll help you move to you got that arm.,2
i'm telling you to stop or there will be consequences,1
"i'm going to physically restrain you to bro, kam down.",3
we need to discuss force protocols,0
"i'm ordering you to i'm telling you, just lean back immediately",1
i see a concerning object,0
i need to deploy less lethal measures to stop police you're gonna get tased,4
"i'm forced to use physical control to bro, calm down.",3
please stop without delay,1
let's discuss force procedures,0
i need to physically restrain you to stop resisting,3
let me clarify our force guidelines,0
you need to do you like your job? at once,1
i'm forced to restrain you to stop resisting,3
i'm going to physically restrain you to show me 31,3
"i'm forced to restrain you to bro, calm down.",3
i'm forced to use physical control to you stupid little bitch.,3
i need to physically restrain you to stop resisting,3
i have to use deadly force to put the knife down,5
You're welcome.,1
i'm requesting you to stop right now,1
i'm forced to use less lethal measures to stop,4
i'm asking you to stop without delay,1
i'll gently guide you to move,2
i have to physically control you to turn the car off turn it off ,3
i require you to stop or i will take action,1
i'll assist you to do not touch me.,2
i need to deploy less lethal measures to stop,4
i have to deploy less lethal options to stop police you're gonna get tased,4
i want you to stop at once,1
i'm going to help you to move,2
i'll gently guide you to why you putting your handz on me,2
how can i help you today?,0
i have to use physical control to stop resisting,3
i'm requesting you to stop without delay,1
there might be a threat nearby,0
i'm forced to use deadly force to i've been hit.,5
i noticed something concerning,0
let me help you move to move,2
i noticed something concerning,0
let me help you you're being detained you're not free to leave,2
i have to physically restrain you to turn the car off turn it off ,3
what brings you here today?,0
can i help you with something?,0
i'm forced to use less lethal measures to stahp police you're gonna get tased,4
i'm going to help you to move,2
there might be a dangerous situation,0
how may i help you?,0
Am I under arrest or no?,2
let me help you move to move,2
i need you to stop as soon as possible,1
i'm going to physically restrain you to stop resisting,3
inside yes my work knif,1
i have to physically control you to stop resisting,3
i have to deploy lethal force to put your hanz out of the car now,5
i require you to stop as soon as possible,1
there's a potential problem,0
i'm going to guide you move,2
is there something i can do for you?,0
your work knif,1
what's going on here?,0
i noticed a concerning situation,0
how can i help you today?,0
i'll gently guide you to move,2
i'm directing you to what's your name? as soon as possible,1
i need to use physical force to i can't breath,3
The sunset is beautiful.,1
"i need to use physical force to please bro, i'm gonna get maced again, please bro",3
"let me help you i'm telling you to take off your seatbelt and step out. why don't we do this. put your hands... alright. 
",2
there might be a dangerous situation,0
what seems to be the problem?,0
i'm telling you to yes sir this instant,1
how may i help you?,0
what's going on?,0
i have to deploy less lethal options to stop,4
i'm explaining our force policy,0
i'm ordering you to stop without delay,1
i have to use deadly force to drop the weapon,5
i have no choice but to use lethal force to drop the weapon,5
i have to use physical control to stop resisting,3
i'm going to use physical force to stop resisting,3
let me clarify our force guidelines,0
you have to stop this instant,1
"i need to use less lethal options to i'm telling you, tazer deployed",4
i'm going to assist you to move,2
"i want you to keep your hands where i can see them, and we’ll be fine. as soon as possible",1
i have to deploy less lethal options to stahp police you're gonna get tased,4
i need to deploy less lethal measures to stop,4
i'm going to gently guide you to move,2
i'm forced to use physical control to stop resisting,3
i'm going to help you to you're being detained you're not free to leave,2
i'm going to help you to you're being detained you're not free to leave,2
i see a suspicious object,0
i'm going to help you to move,2
i'm going to gently guide you to move,2
we're reviewing force documentation,0
i see something suspicious,0
i need to use physical force to get off my neck,3
we were discussing the use of force policy,0
i have to physically restrain you to stop resisting,3
i'm asking you to can you help me with my car? right now,1
i'll help you move to move,2
i'm going to help you to handz behind your back now stay here,2
i'll gently guide you to move,2
i need you to stop immediately,1
"i need to use physical force to stay right there. drop a 13, drop a 13.",3
i want you to stop or i will take action,1
i'm forced to restrain you to stop resisting,3
i'm going to physically restrain you to get off my neck,3
is there something i can do for you?,0
i'm going to help you to move,2
i'm going to assist you to move,2
i need you to stop or i will take action,1
i'm forced to use physical control to stop resisting,3
i need to use less lethal options to stop pleece you're gonna get tased,4
i need to use deadly force to put the knif down,5
i have to use physical control to stop resisting,3
you must there's a suspicious package. at once,1
i'm forced to restrain you to stop resisting,3
i have to physically restrain you to stop resisting,3
i see a suspicious object,0
"i need to use physical restraint to back up, back up.",3
let me review force policies,0
there might be a threat nearby,0
i want you to oh don't worry about it man. lets get that id. as soon as possible,1
there's a potential problem,0
you must stop this instant,1
i need to use lethal measures to drop the weapon,5
"i'm forced to use lethal force to i'm telling you, put the gun down!",5
"i have to use physical control to hey tommy. last time we came here, they had us go hands on with her 3 times. so.",3
i'll help you move to move,2
i'm going to physically restrain you to you're about to fucking get sprayed again if you keep kicking the window.,3
let me assist you to move,2
let me review force policies,0
i'm forced to use less lethal force to stop,4
there's something concerning here,0
"i have to physically control you to watch out, spray, spray",3
i'm forced to use physical control to i can't breath at all,3
is there something i can do for you?,0
i have to deploy less lethal options to stop,4
i have to physically control you to stop resisting,3
i'm going to use lethal force to he's down he's down. where are you hit?,5
i want to explain force guidelines,0
i need to deploy lethal force to drop the weapon,5
there might be a dangerous situation,0
can i help you with something?,0
i'll gently guide you to move,2
i'm going to help you to move,2
i need you to stop without delay,1
i need to deploy less lethal measures to stop,4
"i have to use physical control to i'm telling you, he's running",3
i'm going to use physical force to stop resisting,3
i need to use less lethal options to stahp police you're gonna get tased,4
i'll assist you to you are not supposed to touch me,2
there might be a threat nearby,0
What's your name?,1
i require you to the officer had to use his taser. this instant,1
i have to physically control you to stop resisting,3
i'm forced to use deadly force to drop the weapon,5
i'll assist you to put your hands behind your back.,2
i'm asking you to stop this instant,1
i'm going to guide you am i under arrest or no?,2
there's a potential risk here,0
we're reviewing force documentation,0
i'm forced to restrain you to you're gonna get sprayed again,3
there's something concerning here,0
i'm deploying less lethal force to stop,4
let's discuss force procedures,0
what brings you here today?,0
"i have to use physical control to i'm telling you, he's running",3
"i'm going to guide you ok i'm willing to listen, come on lets talk. ",2
You got an ID on you?,1
"i'm going to gently guide you to this, this is illegal, i'm not under arrest in rockford. i'm just saying.",2
let me help you move to move,2
They had to use physical force.,1
i'm forced to restrain you to stop resisting,3
let's review force documentation,0
do you need any help?,0
i'm forced to use physical control to show me 31,3
i have to deploy less lethal options to stop,4
i have to physically control you to shut your fucking mouth bitch.,3
i'm asking you to the street is too noisy. immediately,1
what's going on?,0
i'm telling you to do you have a mental condition? as soon as possible,1
"you must let me get that, do you understand? immediately",1
how can i be of help?,0
Nothing. Can you come over here please?,1
how may i help you?,0
i'm asking you to the officer had to use his taser. now,1
i require you to stop this instant,1
i'm forced to use physical control to get off my neck,3
I need you to take a deep breath and follow my instructions.,1
i'm going to assist you to move,2
i'll assist you to move,2
i'm forced to use physical control to stop resisting,3
you must do you have an id in new mexico  as soon as possible,1
i'm going to assist you to move,2
i'm forced to use lethal force to drop the weapon,5
i'm going to assist you to move,2
i'm going to gently guide you to move,2
i noticed something concerning,0
please stop or there will be consequences,1
i'm forced to use less lethal measures to stop,4
i'm explaining force procedures,0
i'm going to assist you to why you putting your hanz on me,2
i'm going to help you to move,2
"i need to use less lethal force to tazer deployed, do you understand?",4
i see a possible risk,0
i'm explaining our force policy,0
"i'm requesting you to i'm telling you, you doing what now? at once",1
i noticed something concerning,0
the reason why I stopped him was he was like going a little bit over the bike lane coming down east and then also when we turned on to sunset here he was is over the center line going to run him real quick,1
let me assist you to get out of my face fat boy.,2
there's a possible threat,0
i'll gently guide you to are you requesting me.. or..,2
let me help you move,2
i'm directing you to stop as soon as possible,1
what's going on here?,0
i need to use physical restraint to stop resisting,3
how can i help you today?,0
i'm going to help you to he always dodging around my questions,2
what's going on?,0
"Ok I'm willing to listen, come on lets talk. ",2
i'm asking you to stop at once,1
"i'm forced to restrain you to i'm telling you, he's running",3
can i be of assistance?,0
i want you to stop or there will be consequences,1
i need you to stop immediately,1
i want to explain force protocols,0
is everything alright?,0
i have to deploy less lethal options to stop,4
"i'm forced to restrain you to bro, calm down.",3
i'm going to assist you to move,2
"you need to sir, step back and take a deep breath, we can talk this out. immediately",1
i'm ordering you to stop this instant,1
i'm deploying less lethal force to stop pleece you're gonna get tased,4
i have to use deadly force to drop the weapon,5
i'm clarifying force procedures,0
i need to use deadly force to 998. 998.,5
"i'll gently guide you to why man, i'm gonna comply bro, you just.",2
do you need support?,0
what seems to be the problem?,0
i require you to do you have any pets? or there will be consequences,1
i'm going to gently guide you to move,2
i require you to can you help me with directions? immediately,1
we need to review force protocols,0
do you need any help?,0
Put your handz behind your back.,2
i want to explain force protocols,0
Stillwater pleece Charlene?,1
i'm forced to use physical control to i got one black male running,3
can i help you with something?,0
"i need to use less lethal force to listen, you're about to get tased",4
can i be of assistance?,0
i have to use less lethal options to hit him again. put your hands behind your back. hands behind your back. release em.,4
i have to use deadly force to drop the weapon,5
there might be danger here,0
"i'm forced to use less lethal measures to taser deployed, do you understand?",4
i need to use deadly force to back up back up i got cover i got cover,5
i'm going to assist you to move,2
let me assist you to he's possibly 55 locked himself in,2
i'm telling you to stop right now,1
we need to review force protocols,0
Ok. Do you have a doctor here? That you see?,1
what's the matter?,0
is everything alright?,0
i'm going to use deadly force to got shots fired by a black durango heading eastbound on chico,5
you must stop or i will take action,1
what brings you here today?,0
i'm ordering you to what's the hardest part of your job? at once,1
we're training on force techniques,0
can i be of assistance?,0
i'm going to help you to move,2
i have to use deadly force to drop the weapon,5
"i'm forced to restrain you to i'm on the ground, i'm on the ground",3
i'm forced to use lethal force to drop the weapon,5
i have to deploy lethal force to drop the weapon,5
what brings you here today?,0
let me review force policies,0
i need to use lethal measures to drop the weapon,5
i'll help you move to can you just come out so we can talk,2
i noticed a concerning situation,0
can i help you with something?,0
is everything alright?,0
"This, this is illegal, I'm not under arrest in Rockford. I'm just saying.",2
i'm forced to use physical control to show me 31,3
i noticed a potential threat,0
what's the matter?,0
i see a weapon in the area,0
what seems to be the problem?,0
i'll help you move to put your hanz behind your back.,2
we were discussing the use of force policy,0
let me explain our force continuum,0
"i have to deploy less lethal options to she just goes nuts, makes suicidal statements, and tries to fight with the cops all the time so.",4
i have to physically control you to stop resisting,3
you need to i was gonna go get a hotel. at once,1
what seems to be the problem?,0
i'm going to assist you to i told you exactly what i was going to do okay,2
i need to deploy lethal force to put your handz out of the car now,5
do you need support?,0
i'm going to use physical force to stop resisting,3
i need to use physical restraint to you break that and you're gonna get the whole can of pepper spray man,3
we need to discuss force options,0
you have to stop right away,1
i see something suspicious,0
i have to use physical control to shut your vehicle off turn the vehicle off throw the keys out the window,3
Back up back up I got cover I got cover,5
i need to use physical force to he's running,3
i need to use deadly force to put your handz out of the car now,5
i have to physically control you to you stupid little bitch.,3
"i'm going to guide you why man, i'm gonna comply bro, you just.",2
we need to discuss force protocols,0
i'm ordering you to stop now,1
i'm telling you to what's your favorite season? right now,1
"i'm going to use less lethal measures to if you tase me, i'm telling you it's gonna get hot in this bitch. i'm telling you it's gonna get hot. i don't care. go ahead. 
officer: i'm gonna tase you. ",4
i'm going to gently guide you to go ahead you can ask thank you keep the window rolled down,2
let me assist you to did you just hear me? look at me. take off your seat belt.,2
i'm forced to use deadly force to drop the gunn do you understand?,5
do you need support?,0
there might be a risk here,0
i have to deploy lethal force to put your handz out of the car now,5
i noticed a concerning situation,0
let me help you he always dodging around my questions,2
i need to use physical force to stop resisting,3
i see something that needs attention,0
"i have to use less lethal options to look, stop pollice you're gonna get tased",4
what's going on?,0
let me help you put your hanz behind your back.,2
i have to deploy less lethal options to stahp police you're gonna get tased,4
i noticed something suspicious,0
i'm going to use less lethal measures to stop,4
i want you to stop immediately,1
i see a possible risk,0
"She was running towards the car, so I yelled for her to stop.",0
i'm going to help you to move,2
i'm deploying less lethal force to stop,4
i need to use lethal measures to put the gun down!,5
let me help you move,2
"i'm going to gently guide you to i'm telling you to take off your seatbelt and step out. why don't we do this. put your hands... alright. 
",2
i'm going to help you to move,2
i need to use physical force to get his arm behind his back right now,3
there's a possible threat,0
i want you to stop now,1
let me help you move,2
"This is unit 42, arriving on scene.",0
i'm explaining force procedures,0
what's the situation?,0
i need to use less lethal options to tazer deployed,4
let's discuss force procedures,0
i'm asking you to the street needs cleaning. right now,1
let me assist you to handz behind your back now stay here,2
you are not supposed to touch me,2
what's the situation?,0
"i'm deploying less lethal force to listen, you're about to get tased",4
i noticed something suspicious,0
do you need any help?,0
i want you to stop or i will take action,1
i'm requesting you to stop right away,1
i'm going to help you to move,2
"i need to use physical force to please bro, i'm gonna get maced again, please bro",3
"i'm forced to use lethal force to get your fucking face out of here, before i stab you.",5
i'm ordering you to stop now,1
let me assist you to move,2
let me help you move,2
is everything alright?,0
i need to physically restrain you to stop resisting,3
i noticed something concerning,0
"i'm going to use lethal force to put the guhn down!, do you understand?",5
"Dispatch, I am en route to the location now.",0
i'm going to physically restrain you to stop resisting,3
i'm going to help you to you're being detained you're not free to leave,2
i'm asking you to take care. without delay,1
i require you to stop this instant,1
i need to physically restrain you to get off my neck,3
i want to discuss force scenarios,0
i'm forced to use less lethal measures to stop,4
please let me get that this instant,1
i have to deploy less lethal options to stop police you're gonna get tased,4
"i need to use less lethal force to listen, you're about to get tased",4
i see something that needs attention,0
i see a concerning object,0
let's discuss force procedures,0
i'm forced to use less lethal measures to stop,4
let me help you move,2
i see a possible risk,0
i'm going to guide you move,2
i'll assist you to move,2
Is there anything on you that you shouldn't have?,1
there's a potential problem,0
i'm clarifying force procedures,0
i need you to stop at once,1
is there any else inside,1
i have to deploy less lethal options to stop,4
i'm requesting you to nobodys gonna go to jail i promise you that immediately,1
we're discussing force training,0
i'm requesting you to stop or i will take action,1
hands behind your back now stay here,2
i'm forced to use less lethal force to stop pleece you're gonna get tased,4
you need to alright. you got your driver's license on you buddy? where you headed? immediately,1
let me help you move,2
i require you to can you help me find my lost dog? right now,1
i'm deploying less lethal force to stop,4
i'm going to use physical force to stop resisting,3
i'm going to use physical force to stop resisting,3
i have to physically control you to stop resisting,3
i need to use lethal measures to drop the weapon,5
we're reviewing force documentation,0
we're reviewing force documentation,0
i see a possible risk,0
i need to deploy less lethal measures to stop,4
i see a suspicious object,0
i see something suspicious,0
i'll assist you to move,2
you hear any gunshots,1
i'm going to use physical force to stop resisting,3
"i need to deploy lethal force to i'm telling you, drop the gun!",5
"i'm going to guide you this, this is illegal, i'm not under arrest in rockford. i'm just saying.",2
i'll assist you to move,2
i'm going to gently guide you to move,2
i need you to stop at once,1
i'm going to use less lethal measures to stop,4
i noticed a concerning situation,0
i'm going to guide you why you putting your hands on me,2
you must stop immediately,1
can i be of assistance?,0
i need to use less lethal force to taser deployed,4
i'm going to assist you to move,2
i'm going to assist you to don't move knuckles together,2
i need to deploy lethal force to drop the weapon,5
you have to stop now,1
i have to deploy less lethal options to stop,4
how may i assist you?,0
The officer had to draw his weapon.,1
what's going on here?,0
i'm explaining our force policy,0
there's a potential risk here,0
let me help you move to move,2
i'll gently guide you to we have five detained right now,2
i'm going to assist you to don't move knuckles together,2
i'm forced to use less lethal measures to stahp police you're gonna get tased,4
i have to physically control you to stop resisting,3
i'm telling you to they had to use restraint. without delay,1
i'm going to use lethal force to drop the weapon,5
i'm explaining our force policy,0
is there something i can do for you?,0
i require you to is there anything on you that you shouldn't have? right away,1
"let me assist you to why man, i'm gonna comply bro, you just.",2
you must stop now,1
let's review force documentation,0
"i'm forced to use physical control to bro, kam down.",3
i'm forced to use deadly force to put the guhn down!,5
i have to physically control you to stop resisting,3
i'm explaining force procedures,0
i'm going to gently guide you to am i under arrest or no?,2
we were discussing the use of force policy,0
there might be a threat nearby,0
i have to deploy less lethal options to stop,4
"i'm forced to use deadly force to drop the gun!, do you understand?",5
"i'm forced to use less lethal measures to if you tase me, i'm telling you it's gonna get hot in this bitch. i'm telling you it's gonna get hot. i don't care. go ahead. 
officer: i'm gonna tase you. ",4
"i'm forced to use less lethal force to taser deployed, do you understand?",4
i want you to stop or i will take action,1
i have to physically restrain you to stop resisting,3
is everything alright?,0
i see something that needs attention,0
i'm forced to use physical control to stop resisting,3
i need to use deadly force to drop the weapon,5
what's happening here?,0
i'm going to gently guide you to move,2
let me help you well i'm going to do it regardless ,2
"i need to physically restrain you to bro, com down.",3
i'm going to use deadly force to put the knif down,5
i need to use physical restraint to stop resisting,3
"i need to use physical force to bro, calm down.",3
there's a possible threat,0
i need to use less lethal options to stop police you're gonna get tased,4
i have to physically restrain you to stop resisting,3
please okay what was your reason for coming in here right now,1
i require you to stop or there will be consequences,1
i noticed something suspicious,0
what's the problem?,0
i have to use deadly force to drop the weapon,5
what's the situation?,0
i'm directing you to stop this instant,1
let me help you move,2
i have to deploy lethal force to put your hanz out of the car now,5
we need to review force protocols,0
i'll help you move to move,2
there might be a dangerous situation,0
i'm ordering you to stop right now,1
i'm going to assist you to move,2
i need to use deadly force to drop the weapon,5
i noticed a potential threat,0
i'm clarifying force procedures,0
i'm deploying less lethal force to tazer deployed,4
do you need support?,0
i'm telling you to stop immediately,1
i'm clarifying force procedures,0
i have no choice but to use lethal force to i've been hit.,5
let me help you move to put your handz behind your back.,2
i noticed something concerning,0
you need to stop or there will be consequences,1
i want to talk about force options,0
i'm going to guide you move,2
i'm requesting you to stop as soon as possible,1
i want to discuss force scenarios,0
i'm going to use less lethal measures to stop pleece you're gonna get tased,4
i want to explain force guidelines,0
i'm telling you to i got all his info right here or i will take action,1
i have no choice but to use lethal force to put your handz out of the car now,5
i'm ordering you to stop now,1
i'm going to assist you to move,2
there's something concerning here,0
what brings you here today?,0
i'm going to help you to well i'm going to do it regardless ,2
"let me help you move to this, this is illegal, i'm not under arrest in rockford. i'm just saying.",2
you have to stop right now,1
"i'm forced to use less lethal measures to i'm telling you, tazer deployed",4
i have to use deadly force to drop the gunn,5
i'm directing you to thank you for your help. or there will be consequences,1
i'm going to physically restrain you to you're gonna get sprayed again,3
there's a potential risk here,0
i'm directing you to stop without delay,1
i see something suspicious,0
you have to stop at once,1
i'm going to guide you move,2
i'm forced to restrain you to stop resisting,3
please what's the most common call you get? or i will take action,1
i have to physically restrain you to stop resisting,3
i'm requesting you to yes ser right away,1
i'm asking you to stop immediately,1
i have no choice but to use lethal force to drop the weapon,5
i'm forced to use less lethal force to taser deployed,4
i'll gently guide you to move,2
we're reviewing force documentation,0
i'll help you move to sit on the ground.,2
i'm forced to use physical control to stop resisting,3
i'm directing you to stop at once,1
"i'm going to use less lethal measures to i'm telling you, taser deployed",4
i require you to can you help me find my way? without delay,1
I've been hit.,5
i noticed a potential threat,0
i have to use physical control to stop resisting,3
i'm ordering you to where's the nearest restaurant? immediately,1
let me help you move to move,2
i'll help you move to move,2
we were discussing the use of force policy,0
let me clarify our force guidelines,0
"i'm going to physically restrain you to please bro, i'm gonna get maced again, please bro",3
"i have to deploy less lethal options to tazer deployed, do you understand?",4
i need to use physical force to stop resisting,3
i'm going to gently guide you to it's not ben day. i got your picture pulled up man.,2
i'm directing you to stop or i will take action,1
i'm requesting you to do you have a mental condition? or there will be consequences,1
i need you to stop right now,1
i see a concerning object,0
i have to deploy less lethal options to stop,4
i want you to do you know any good restaurants around here? at once,1
what's the matter?,0
i need to use physical force to stop resisting,3
i need to use deadly force to yo you shot him yo.,5
"i'm going to use less lethal measures to look, stop pollice you're gonna get tased",4
i'm asking you to can you tell me where the nearest gas station is? right away,1
Where can I park?,1
"i have to physically control you to please bro, i'm gonna get maced again, please bro",3
i'll assist you to move,2
i'm clarifying force procedures,0
i'm telling you to the police used force to apprehend the suspect. now,1
i need to deploy lethal force to drop the weapon,5
let me assist you to move,2
we need to discuss force protocols,0
"i need to use deadly force to get your fucking face out of here, before i stab you.",5
"i need to use less lethal options to i'm telling you, stop pollice you're gonna get tased",4
i have to use deadly force to drop the weapon,5
i have to physically restrain you to get off my neck,3
i'm forced to restrain you to stop resisting,3
"you need to what's up brother. hey, how we doing? as soon as possible",1
do you need support?,0
what's going on here?,0
i'm going to use physical force to stop resisting,3
we were discussing the use of force policy,0
i noticed something concerning,0
i need to use less lethal options to stop,4
i'm forced to use physical control to stop resisting,3
Put the guhn down!,5
we were discussing the use of force policy,0
"i need to use physical force to watch out, spray, spray",3
i have to use less lethal options to stop,4
there's something concerning here,0
"i'm forced to use less lethal measures to tazer deployed, do you understand?",4
"i'm deploying less lethal force to if you tase me, i'm telling you it's gonna get hot in this bitch. i'm telling you it's gonna get hot. i don't care. go ahead. 
officer: i'm gonna tase you. ",4
"i'm ordering you to i'm telling you, you doing what now? or there will be consequences",1
i'm forced to use less lethal force to stop,4
can i be of assistance?,0
what's the situation?,0
there might be a dangerous situation,0
i have to physically restrain you to stop moving stop moving relax stop moving,3
"i have to use less lethal options to she just goes nuts, makes suicidal statements, and tries to fight with the cops all the time so.",4
let me review force policies,0
i'm going to gently guide you to move,2
i'm going to use physical force to stop resisting,3
let me help you move to move,2
what's the problem?,0
i have to use physical control to stop banging on the door bruh,3
you need to stop as soon as possible,1
i'm going to physically restrain you to show me 31,3
i'm going to help you to hey rudolph hey open the door,2
i require you to what happened today sirr as soon as possible,1
there might be danger here,0
you must stop this instant,1
do you need any help?,0
let me help you move to move,2
i need to deploy lethal force to 998. 998.,5
do you need any help?,0
i'm going to use physical force to stop banging on the door bruh,3
i see a concerning object,0
i'm going to use physical force to stop resisting,3
let's review force documentation,0
i noticed something suspicious,0
i have to use deadly force to put the nife down,5
i see a possible risk,0
"i need to use less lethal options to if you tase me, i'm telling you it's gonna get hot in this bitch. i'm telling you it's gonna get hot. i don't care. go ahead. 
officer: i'm gonna tase you. ",4
i see a suspicious object,0
i'm forced to use less lethal force to stop,4
i see a weapon in the area,0
let me assist you to handz behind your back now stay here,2
i'm going to use lethal force to put the gun down!,5
i want you to stop without delay,1
i'm forced to restrain you to stop resisting,3
i'm forced to use deadly force to drop the weapon,5
i'm going to use physical force to stop resisting,3
i'm forced to use less lethal measures to stop,4
you must stop at once,1
"i have to physically restrain you to back up, back up.",3
i'm going to gently guide you to move,2
there might be a dangerous situation,0
i see a suspicious object,0
you have to is this area safe? or there will be consequences,1
what brings you here today?,0
i'm going to use physical force to you sprayed that shit right in my face,3
you need to stop or i will take action,1
there's a possible threat,0
"i need to use less lethal force to she just goes nuts, makes suicidal statements, and tries to fight with the cops all the time so.",4
i need to use physical restraint to he's running,3
you must let me get that as soon as possible,1
what's the matter?,0
i'm going to use less lethal measures to stop,4
i need you to hang tight in the vehicle man or there will be consequences,1
i'll assist you to move,2
i need to deploy less lethal measures to taser deployed,4
there might be a risk here,0
i need to use lethal measures to grab your shirt at the top of your neck right there pull it up all the way up i need to see your waistband front and back take it off turn around stop walk back towards the sound of my voice,5
is everything alright?,0
how can i help you today?,0
Can you help me with parking?,1
i need to use less lethal force to stop,4
i have to use less lethal options to climb out the window you better figure the out right now you do anything other than you're told your is going to get hit with this rubber bullet you understand,4
there might be a weapon nearby,0
is there something i can do for you?,0
we're discussing force training,0
please i need to report a break-in. as soon as possible,1
i have to deploy less lethal options to stop,4
i have to physically restrain you to stop resisting,3
i'm forced to restrain you to stop resisting,3
i require you to stop immediately,1
i have to use less lethal options to stop,4
i'm forced to use less lethal measures to stop,4
What's the speed limit here?,1
"i have to physically control you to i'm on the ground, i'm on the ground",3
i have to deploy less lethal options to stop,4
i need to deploy lethal force to drop the weapon,5
"i need to use less lethal options to she just goes nuts, makes suicidal statements, and tries to fight with the cops all the time so.",4
i have to physically restrain you to stop resisting,3
let me review force policies,0
We need to notify the fire department for medical support.,0
i'm going to gently guide you to move,2
"you have to excuse me, officer. now",1
you must stop as soon as possible,1
i need to use physical restraint to shut your vehicle off turn the vehicle off throw the keys out the window,3
there might be a dangerous situation,0
how can i be of help?,0
i want to explain force guidelines,0
there's a possible threat,0
i'm forced to use less lethal force to stop,4
i'm going to assist you to you're being detained you're not free to leave,2
i'm going to deploy less lethal force to climb out the window you better figure the out right now you do anything other than you're told your is going to get hit with this rubber bullet you understand,4
i'm directing you to i didn't hear nothing or i will take action,1
i'm going to gently guide you to move,2
what's the problem?,0
i need you to i need to file a noise complaint. as soon as possible,1
can i be of assistance?,0
i have to use deadly force to drop the weapon,5
i noticed something concerning,0
let's discuss force procedures,0
"i have no choice but to use lethal force to shots fired, shots fired, shots fired.",5
i have to use physical control to put your hands up put your hands up get on the curb hands up get on the curb ,3
what's the issue?,0
i noticed a potential threat,0
we were discussing the use of force policy,0
i noticed a potential threat,0
what's the problem?,0
you have to stop this instant,1
"i need to deploy less lethal measures to i'm telling you, tazer deployed",4
i'm forced to use physical control to i can't breath,3
i'm asking you to stop as soon as possible,1
i see something that needs attention,0
i see something that needs attention,0
i'll assist you to move,2
Put your hanz behind your back.,2
let me help you move,2
what's going on?,0
i noticed a concerning situation,0
i'm asking you to they had to use restraint. or i will take action,1
i require you to i love this neighborhood. now,1
i noticed something suspicious,0
let me help you move,2
"i need to use less lethal options to i'm telling you, stop pollice you're gonna get tased",4
there's a possible threat,0
i'm going to help you to start us another one 1040,2
i see a suspicious object,0
i'm explaining force procedures,0
you must stop immediately,1
i'll help you move to move,2
let me help you don't yes you do you do need a woman to touch me don't touch me okay don't touch me,2
there might be a risk here,0
i'm deploying less lethal force to stop,4
i'll gently guide you to you are not supposed to touch me,2
how may i help you?,0
"let me help you i'm telling you, do not touch me.",2
i'm going to use less lethal measures to stop,4
i need to deploy less lethal measures to stahp police you're gonna get tased,4
how may i assist you?,0
"i need to deploy less lethal measures to tazer deployed, do you understand?",4
i have to physically restrain you to stop resisting,3
i'm clarifying force procedures,0
"i'm going to guide you this, this is illegal, i'm not under arrest in rockford. i'm just saying.",2
i'm directing you to stop now,1
you have to you got any weapons on you brother?  right now,1
i'm going to assist you to move,2
i need to physically restrain you to shut your fucking mouth bitch.,3
Let go. Give me your hand now,3
there's something concerning here,0
i see something that needs attention,0
we're reviewing force documentation,0
i'm going to help you to move,2
there's a potential hazard,0
i have to use less lethal options to hit him again. put your hands behind your back. hands behind your back. release em.,4
i need to use physical force to stop resisting,3
how can i be of help?,0
you must stop immediately,1
i'm telling you to stop now,1
i need to use physical restraint to turn the car off turn it off ,3
we were discussing the use of force policy,0
i'm going to help you to i told you exactly what i was going to do okay,2
let me assist you to why you putting your hanz on me,2
i'm going to use lethal force to drop the weapon,5
i see a weapon in the area,0
i see a weapon in the area,0
i see a concerning object,0
i require you to stop as soon as possible,1
let me assist you to move,2
i'm asking you to stop or there will be consequences,1
i require you to stop or there will be consequences,1
let me assist you to move,2
let me help you move to move,2
i'll help you move to hands behind your back now stay here,2
i want you to how is the weather today? without delay,1
"i need to deploy less lethal measures to taser deployed, do you understand?",4
i have to deploy lethal force to drop the weapon,5
do you need any help?,0
what's happening here?,0
"i need to deploy less lethal measures to i'm telling you, taser deployed",4
i'm going to gently guide you to did you just hear me? look at me. take off your seat belt.,2
i'm clarifying force procedures,0
let me help you move to move,2
i'm requesting you to you in the red shirt step over here put what you have in your hands down appreciate it thank yo now,1
i'll assist you to move,2
i noticed a concerning situation,0
you have to stop at once,1
"i have to deploy less lethal options to i'm telling you, tazer deployed",4
i'm going to use deadly force to drop the weapon,5
what's going on?,0
"i'm deploying less lethal force to i'm telling you, tazer deployed",4
i need to use lethal measures to drop the gunn do you understand?,5
i need to deploy less lethal measures to stop,4
"i have to use less lethal options to i'm telling you, stop pollice you're gonna get tased",4
let me help you move to move,2
what's the issue?,0
there might be danger here,0
let me clarify our force guidelines,0
we're discussing force training,0
let me assist you to move,2
"i'll gently guide you to ok i'm willing to listen, come on lets talk. ",2
you must stop or i will take action,1
i'm going to use physical force to get his arm behind his back right now,3
i'm forced to use less lethal measures to stop,4
what seems to be the problem?,0
i'm asking you to stop immediately,1
i'm going to guide you move,2
i'm forced to use deadly force to drop the weapon,5
there's a potential risk here,0
what's going on here?,0
i need to deploy lethal force to drop the weapon,5
i'm deploying less lethal force to stop,4
you must stop this instant,1
i need to use lethal measures to drop the weapon,5
"We had to draw our weapons, but he finally listened to commands.",0
i have to physically restrain you to i got one white male running,3
do you need support?,0
i have to deploy lethal force to put the gunn down!,5
i'm forced to use less lethal force to stop,4
we need to discuss force options,0
"i want you to i'm telling you, he's cooperative without delay",1
what seems to be the problem?,0
we were discussing the use of force policy,0
i have to physically restrain you to i can't breath,3
i need to deploy less lethal measures to stop,4
i'm going to use physical force to stop resisting,3
i'm going to use physical force to stop resisting,3
"i need to use less lethal options to listen, you're about to get tased",4
there might be a risk here,0
how can i be of help?,0
i'm going to gently guide you to hanz behind your back now stay here,2
i'm going to use lethal force to drop the weapon,5
how can i be of help?,0
how can i be of help?,0
do you need any help?,0
i'm directing you to stop immediately,1
you must stop immediately,1
i'm asking you to inside yes my work nife or there will be consequences,1
i want you to do you know any good restaurants around here? as soon as possible,1
there's a potential problem,0
i'll assist you to move,2
we were discussing the use of force policy,0
please like schizophrenia and ptsd. or i will take action,1
let me help you getting real evasive with his answers,2
i'm going to guide you are you requesting me.. or..,2
i have to deploy less lethal options to stop,4
let me review force policies,0
i want you to stop as soon as possible,1
i have to physically control you to you're gonna get sprayed again,3
He's down he's down. Where are you hit?,5
you must thank you for your help. or i will take action,1
i require you to stop right away,1
i need to use less lethal force to hit him again. put your hands behind your back. hands behind your back. release em.,4
i'm going to help you to go ahead you can ask thank you keep the window rolled down,2
i'm going to use physical force to stop resisting,3
i see something suspicious,0
i'm explaining force procedures,0
i need to use physical restraint to stop resisting,3
i have no choice but to use lethal force to drop the gun!,5
i need to use physical restraint to stop resisting,3
i have to use deadly force to drop the weapon,5
what brings you here today?,0
there might be a dangerous situation,0
what seems to be the problem?,0
i'm forced to use physical control to stop resisting,3
what's the situation?,0
i require you to can you answer some questions? immediately,1
there's a potential hazard,0
we need to discuss force protocols,0
i have to use physical control to stop resisting,3
i have no choice but to use lethal force to put the knif down,5
i'm forced to restrain you to stop resisting,3
i'm ordering you to stop or i will take action,1
there's a potential problem,0
i'm going to physically restrain you to stop resisting,3
i have to physically restrain you to stop resisting,3
i need to deploy less lethal measures to stahp police you're gonna get tased,4
i see a weapon in the area,0
i have to physically control you to stop resisting,3
how can i be of help?,0
i'm going to help you to move,2
i'll gently guide you to move,2
i'll gently guide you to move,2
i'm forced to restrain you to stop resisting,3
do you need support?,0
let me assist you to move,2
let's discuss force procedures,0
"i need to use physical force to watch out, spray, spray",3
i need to use less lethal options to stop,4
What happened today sir?,1
i'll gently guide you to move,2
i'm going to guide you put your hands behind your back.,2
let me help you put your handz behind your back.,2
i need to use physical restraint to stop resisting,3
i need to use physical restraint to stop resisting,3
i have to use less lethal options to stop,4
"i'm going to deploy less lethal force to tazer deployed, do you understand?",4
i'll gently guide you to now you're just detained okay,2
i'm forced to use deadly force to drop the gunn do you understand?,5
let me help you move to you got that arm.,2
i have to physically restrain you to stop resisting,3
do you need support?,0
i'm going to physically restrain you to stop resisting,3
Is there a gas station nearby?,1
i'm directing you to stop right away,1
i'll help you move to move,2
"i need to deploy less lethal measures to tazer deployed, do you understand?",4
i need to use physical restraint to stop resisting,3
"i'm forced to use less lethal force to i'm telling you, tazer deployed",4
you have to stop at once,1
i'm explaining force procedures,0
i'm asking you to stop immediately,1
what's the situation?,0
i need you to how do i get to the airport? or there will be consequences,1
how can i help you today?,0
i'm deploying less lethal force to stopp police you're gonna get tased,4
"i'm deploying less lethal force to i'm telling you, taser deployed",4
"i'm going to physically restrain you to watch out, spray, spray",3
let me help you move to don't have to touch me,2
i'm forced to use physical control to shut your fucking mouth bitch.,3
we're discussing force training,0
i'm explaining force procedures,0
i'm going to physically restrain you to stop resisting,3
you have to stop as soon as possible,1
i'm going to gently guide you to move,2
we were discussing the use of force policy,0
we're reviewing force documentation,0
we're training on force techniques,0
what's the situation?,0
i'm forced to use lethal force to yo you shot him yo.,5
i need to use lethal measures to drop the weapon,5
i need you to do you know what your original charge was as soon as possible,1
i have to physically restrain you to if you fail to comply,3
there's a potential risk here,0
how may i help you?,0
there might be a threat nearby,0
please what happened today sirr immediately,1
i need to use physical restraint to stop resisting,3
i'm ordering you to you know why why i hear gunshots all the time  or i will take action,1
i noticed a concerning situation,0
"you need to let me get that, do you understand? or there will be consequences",1
how may i help you?,0
"i'm forced to use lethal force to put the gunn down!, do you understand?",5
i have to use deadly force to drop the weapon,5
i need to use less lethal options to stop,4
what's the situation?,0
i'm going to use physical force to stop resisting,3
i have to deploy lethal force to 998. 998.,5
i'm going to use lethal force to drop the weapon,5
i have to deploy less lethal options to stop,4
i need to use physical restraint to stop resisting,3
i need to deploy less lethal measures to stop,4
i have to physically control you to stop resisting,3
we need to discuss force options,0
i'll help you move to it's not ben day. i got your picture pulled up man.,2
"i'm going to assist you to why man, i'm gonna comply bro, you just.",2
i'm going to use less lethal measures to stop,4
i'm going to gently guide you to move,2
we need to discuss force protocols,0
i'll help you move to move,2
what's going on here?,0
we were discussing the use of force policy,0
"i'm forced to use less lethal measures to look, stop pollice you're gonna get tased",4
i need to use physical restraint to put your hands up put your hands up get on the curb hands up get on the curb ,3
i need to use less lethal force to stop,4
how may i assist you?,0
i need to use deadly force to drop the weapon,5
i'm deploying less lethal force to taser deployed,4
i have to physically control you to i can't breath at all,3
i'm going to physically restrain you to stop resisting,3
i see a weapon in the area,0
i'm going to deploy less lethal force to stop,4
Have a great day!,1
what brings you here today?,0
i'm forced to use less lethal force to stahp police you're gonna get tased,4
i'm going to use deadly force to drop the weapon,5
i'm deploying less lethal force to stop police you're gonna get tased,4
there might be a risk here,0
I'll stand right here I'm fine.,2
i need to deploy lethal force to drop the weapon,5
can i help you with something?,0
is there something i can do for you?,0
i want to explain force guidelines,0
i'm explaining force procedures,0
i have to deploy lethal force to put your hanz out of the car now,5
we're reviewing force documentation,0
let's review force documentation,0
i'm forced to use less lethal measures to stop,4
we need to discuss force options,0
let me clarify our force guidelines,0
i have to deploy lethal force to drop the weapon,5
i have to physically control you to stop resisting,3
i'm forced to use lethal force to put the gunn down!,5
let me explain our force continuum,0
i'm deploying less lethal force to stop,4
i'm going to assist you to i'll stand right here i'm fine.,2
we're training on force techniques,0
let's discuss force procedures,0
i'm forced to use lethal force to put the knife down,5
you need to stop this instant,1
The suspect was threatening violence.,1
i'm forced to restrain you to stop resisting,3
we need to discuss force protocols,0
i want to explain force guidelines,0
i noticed something concerning,0
i'm going to assist you to move,2
what's the problem?,0
i need to deploy less lethal measures to stop,4
you need to i need to get a police report. as soon as possible,1
i see something suspicious,0
there's a potential problem,0
i need to physically restrain you to you're about to fucking get sprayed again if you keep kicking the window.,3
i'll assist you to i told you exactly what i was going to do okay,2
let me help you i'm telling you to get out of the vehicle right now,2
what's happening here?,0
how may i assist you?,0
i'm asking you to stop right now,1
"i'm going to deploy less lethal force to listen, you're about to get tased",4
i require you to stop or i will take action,1
i'm going to use less lethal measures to stop,4
"i'm going to use deadly force to shots fired, shots fired, shots fired.",5
i have to physically control you to stop resisting,3
i want you to have a great day! at once,1
we need to discuss force options,0
"i'm forced to use deadly force to get your fucking face out of here, before i stab you.",5
how can i help you today?,0
let me help you move to move,2
i have to use physical control to stop resisting,3
i'm going to deploy less lethal force to stop,4
i need to use less lethal force to tazer deployed,4
i need to deploy less lethal measures to stop pleece you're gonna get tased,4
"i'm forced to use less lethal force to she just goes nuts, makes suicidal statements, and tries to fight with the cops all the time so.",4
"i need to use less lethal options to i'm telling you, stop pollice you're gonna get tased",4
let me assist you to move,2
please stop now,1
i see a weapon in the area,0
we were discussing the use of force policy,0
i have to physically control you to you're gonna get sprayed again,3
i'm forced to restrain you to stop moving stop moving relax stop moving,3
"I told her, listen, we don’t want to use force, just cooperate.",1
"i'm going to physically restrain you to bro, calm down.",3
i'm ordering you to stop or there will be consequences,1
we're reviewing force documentation,0
i'm ordering you to can you answer some questions? right away,1
i need to use physical force to you sprayed that shit right in my face,3
i require you to we're investigating make sure none of you guys were the ones shooting what were you doing with that broke down car back there now,1
there might be a threat nearby,0
let me assist you to move,2
"Calm down, we're just here to talk.",1
is there something i can do for you?,0
let me assist you to i told you exactly what i was going to do okay,2
you must can you help me find my lost dog? immediately,1
there might be a weapon nearby,0
what's happening here?,0
i'm going to use deadly force to yo you shot him yo.,5
The weather is nice today.,1
i have to deploy less lethal options to stop,4
"i have to use less lethal options to look, stop pollice you're gonna get tased",4
"i'm going to physically restrain you to i'm telling you, he's running",3
i'm going to guide you move,2
"i require you to you doing what now?, do you understand? right now",1
"i'm going to gently guide you to ok i'm willing to listen, come on lets talk. ",2
you need to i got all his info right here right away,1
"i'm forced to use less lethal force to look, stop pollice you're gonna get tased",4
you have to what's going on today? or there will be consequences,1
i want to discuss force scenarios,0
i'm going to use deadly force to put the guhn down!,5
I had to use my taser because he kept coming at me.,0
i'm going to use deadly force to drop the weapon,5
Do not touch me.,2
i have to use deadly force to drop the gunn do you understand?,5
i require you to the situation required force. right away,1
i'm going to help you to move,2
what's going on here?,0
let me help you move to move,2
i have no choice but to use lethal force to take two steps to your right walk backwards stop yeah i got him back down walk backwards,5
there might be a risk here,0
i'm going to use deadly force to drop the weapon,5
is everything alright?,0
"Put the guhn down!, do you understand?",5
"i need you to good morning, officer. at once",1
what's the problem?,0
"i'll gently guide you to this, this is illegal, i'm not under arrest in rockford. i'm just saying.",2
you need to do you guys have ids on you  immediately,1
i see a suspicious object,0
you need to stop immediately,1
i'm going to guide you move,2
i want to talk about force options,0
you need to stop immediately,1
you need to stop right away,1
"i need to deploy less lethal measures to tazer deployed, do you understand?",4
we're training on force techniques,0
please stop as soon as possible,1
"i'm going to use less lethal measures to taser deployed, do you understand?",4
i want to discuss force scenarios,0
i'll help you move to move,2
what seems to be the problem?,0
how may i assist you?,0
let's review force policies,0
i have to use deadly force to back up back up i got cover i got cover,5
let me help you move,2
i need to use physical force to stop resisting,3
do you need any help?,0
i'm directing you to can you tell me where the nearest gas station is? right now,1
Stillwater Police. Charlene?,1
i'll gently guide you to move,2
please stop right away,1
i need to physically restrain you to stop resisting,3
please i need to file a report. as soon as possible,1
"i'm going to help you to ok i'm willing to listen, come on lets talk. ",2
let me assist you to move,2
"let me help you move to ok i'm willing to listen, come on lets talk. ",2
i'm going to use physical force to stop resisting,3
let's discuss force procedures,0
i'm going to help you to move,2
you need to i need to get a police report. as soon as possible,1
what brings you here today?,0
please stop right away,1
i want you to stop right away,1
i'm going to use deadly force to drop the weapon,5
i have to use less lethal options to stop,4
can i be of assistance?,0
i'm forced to use deadly force to shots fired shots fired front door hes at the front door,5
i'm forced to use lethal force to drop the weapon,5
you need to stop now,1
let's review force policies,0
there might be a weapon nearby,0
i have to use less lethal options to stop,4
i have to physically control you to no you didn't. put both hands up now!,3
i'll gently guide you to move,2
i'm going to help you to i told you exactly what i was going to do okay,2
i'm forced to use less lethal measures to stop,4
i have to use deadly force to back up back up i got cover i got cover,5
i'm asking you to stop immediately,1
i'm deploying less lethal force to stop,4
I found a lost wallet.,1
can i help you with something?,0
i need to use less lethal force to stop,4
i want to explain force guidelines,0
please stop right away,1
i'll help you move to can you just come out so we can talk,2
i have no choice but to use lethal force to drop the weapon,5
what seems to be the problem?,0
i'm requesting you to stop without delay,1
i'm going to gently guide you to hey rudolph hey open the door,2
i'm forced to use deadly force to take two steps to your right walk backwards stop yeah i got him back down walk backwards,5
i need to use lethal measures to drop the guhn,5
we need to discuss force protocols,0
i'll assist you to move,2
i see something suspicious,0
let me help you move to move,2
i noticed something concerning,0
"i need to use physical force to i am calm, and it's not about to be. i wanna stay calm. i wanna stay calm",3
i'm going to physically restrain you to turn the car off turn it off ,3
let me assist you to move,2
i'm going to help you to move,2
i have to deploy less lethal options to stop,4
there might be a risk here,0
i noticed something suspicious,0
i'll assist you to move,2
what's happening here?,0
i see a concerning object,0
we need to discuss force protocols,0
i'm forced to restrain you to stop banging on the door bruh,3
i'm asking you to stop or there will be consequences,1
what's happening here?,0
i need to use less lethal force to stop,4
i have to deploy lethal force to drop the weapon,5
i have to deploy less lethal options to stop,4
i need to use lethal measures to put the gun down!,5
i'm forced to use less lethal force to stop,4
i'm going to guide you move,2
i'll assist you to put your hands behind your back.,2
i need to use less lethal options to stop,4
"i'm going to physically restrain you to bro, calm down.",3
there's a possible threat,0
i'm forced to use less lethal force to stop,4
let me help you move,2
i need you to stop at once,1
what's the issue?,0
i'm going to deploy less lethal force to stop,4
i'm forced to restrain you to you're about to fucking get sprayed again if you keep kicking the window.,3
"i need to use less lethal options to i'm telling you, tazer deployed",4
i have to physically control you to stop resisting,3
what seems to be the problem?,0
i have no choice but to use lethal force to drop the weapon,5
i have to physically control you to stop resisting,3
is everything alright?,0
what brings you here today?,0
i have to deploy less lethal options to hit him again. put your hands behind your back. hands behind your back. release em.,4
i'm going to use deadly force to drop the weapon,5
can i be of assistance?,0
i need to deploy less lethal measures to stop pleece you're gonna get tased,4
"i'll assist you to this, this is illegal, i'm not under arrest in rockford. i'm just saying.",2
i'll help you move to move,2
i'm going to use deadly force to stop. stop. stop. put the gun down. put the gun down. put the,5
i want you to lower your voice and let’s talk about this. without delay,1
let me assist you to move,2
what's the problem?,0
how may i assist you?,0
"We tried verbal commands, but he wasn't listening at all.",0
i'm forced to use physical control to stop resisting,3
is there something i can do for you?,0
i'm ordering you to can you help me find my lost dog? or i will take action,1
i need to physically restrain you to stop resisting,3
"i require you to i'm telling you, you doing what now? at once",1
i'm going to help you to start us another one 1040,2
what's the matter?,0
i'm ordering you to stop or i will take action,1
i'm ordering you to how are you doing today? immediately,1
what seems to be the problem?,0
i have to use less lethal options to stop,4
what's going on?,0
you must they had to use restraint. right away,1
i have to use deadly force to put it on the ground. put it on the ground.,5
how can i be of help?,0
i'm forced to use deadly force to drop the weapon,5
i'm directing you to like schizophrenia and ptsd. without delay,1
i want to explain force protocols,0
we need to discuss force protocols,0
i'm forced to restrain you to stop resisting,3
what's going on?,0
you need to stop immediately,1
i'm going to use lethal force to drop the weapon,5
i'm going to help you to are you requesting me.. or..,2
let's review force policies,0
i'm going to use deadly force to stop. stop. stop. put the gun down. put the gun down. put the,5
i see a concerning object,0
i'm going to deploy less lethal force to stop,4
i need to physically restrain you to stop resisting,3
i'm directing you to stop now,1
i noticed something suspicious,0
what seems to be the problem?,0
i need to physically restrain you to stop resisting,3
i'm deploying less lethal force to stop,4
i'm forced to use deadly force to grab your shirt at the top of your neck right there pull it up all the way up i need to see your waistband front and back take it off turn around stop walk back towards the sound of my voice,5
what's going on?,0
there's a possible threat,0
do you need assistance?,0
i need to use deadly force to drop the weapon,5
how may i assist you?,0
we're training on force techniques,0
"No, shoot me. Shoot me. I'll kill you. I'll kill you.",5
The sidewalk is cracked.,1
Let me know if you need anything.,1
do you need any help?,0
"i'm forced to use physical control to he's trying to break that window, he's gonna pop it out",3
"And then he hit me, right in the face!",0
there's a potential hazard,0
i need to use deadly force to drop the weapon,5
i'm going to use less lethal measures to stop,4
i'll gently guide you to why you putting your hands on me,2
we need to review force protocols,0
you have to albuquerque pleece wake up man you all right at once,1
what's the matter?,0
i'm forced to use lethal force to drop the weapon,5
i have to physically restrain you to stop resisting,3
i need to use less lethal options to stop,4
how can i be of help?,0
i'm telling you to stop or there will be consequences,1
i need to use physical force to he's running,3
i'm going to gently guide you to put your handz behind your back.,2
i have no choice but to use lethal force to drop the weapon,5
i want to talk about force options,0
i require you to i appreciate your help. at once,1
how may i help you?,0
i'm ordering you to stop right away,1
i'm going to deploy less lethal force to stop,4
i require you to the street is too noisy. right now,1
you need to do you work with a partner? now,1
i'll help you move to that is not me. how are you gonna tell me who i am.,2
there might be a dangerous situation,0
i see a weapon in the area,0
let me assist you to start us another one 1040,2
we were discussing the use of force policy,0
what brings you here today?,0
i noticed a concerning situation,0
i have to deploy less lethal options to stop,4
i'm going to use lethal force to drop the weapon,5
let me help you that is not me. how are you gonna tell me who i am.,2
i'm going to guide you move,2
what's going on here?,0
you have to stop right now,1
i'm going to use deadly force to put the guhn down!,5
i have to physically restrain you to i can't breath,3
can i be of assistance?,0
i need to deploy lethal force to drop the weapon,5
i have to deploy less lethal options to stopp police you're gonna get tased,4
i want you to how's your day going? right now,1
i'm forced to use less lethal measures to stop,4
i need to use deadly force to drop the weapon,5
"Stop moving, we’re trying to help you.",1
we need to discuss force protocols,0
i'm forced to use physical control to stop resisting,3
please stop without delay,1
i'm requesting you to stop immediately,1
i need to use less lethal options to stop pleece you're gonna get tased,4
let me help you you are not supposed to touch me,2
let's discuss force procedures,0
i'll assist you to i'm telling you to get out of the vehicle right now,2
how can i be of help?,0
"i need to use physical restraint to bro, kam down.",3
we need to discuss force options,0
i'm directing you to stop without delay,1
i want to explain force guidelines,0
i'm going to help you to move,2
do you need support?,0
let's review force policies,0
i need to use less lethal force to stop,4
i'm going to gently guide you to move,2
i'm forced to restrain you to stop resisting,3
i need to deploy less lethal measures to stop,4
"i'm forced to use deadly force to he's following me around with a knife, i need another new unit. i need another unit.",5
let me explain our force continuum,0
i'm going to gently guide you to move,2
i have to use physical control to stop resisting,3
hey hey get up get up get up get up go,1
i'm telling you to stop at once,1
i noticed a concerning situation,0
i'm forced to use lethal force to grab your shirt at the top of your neck right there pull it up all the way up i need to see your waistband front and back take it off turn around stop walk back towards the sound of my voice,5
"i'm forced to use lethal force to i'm telling you, drop the guhn",5
i have to physically control you to you're about to fucking get sprayed again if you keep kicking the window.,3
how can i be of help?,0
i'm going to assist you to he's possibly 55 locked himself in,2
what's the problem?,0
i need to use physical restraint to stop resisting,3
what brings you here today?,0
i need to use lethal measures to drop the weapon,5
i have to deploy lethal force to 999. 999. i've been shot. 999.,5
i'm directing you to stop this instant,1
can i help you with something?,0
i'm forced to use less lethal measures to stop pleece you're gonna get tased,4
i noticed a potential threat,0
i'm forced to use deadly force to drop the weapon,5
you must they had to use restraint. at once,1
i'm going to gently guide you to move,2
i need to use less lethal options to stop,4
i'm going to use deadly force to drop the gun!,5
Drop the guhn do you understand?,5
i need to use less lethal options to stop,4
i need to use less lethal force to stop,4
i'm asking you to stop without delay,1
i noticed a concerning situation,0
do you need support?,0
what's the issue?,0
You have a warrant for your arrest.,1
i'm telling you to all right well the address came out right here okay so we just have to make sure  at once,1
please hey i found the gun all right right now,1
i'm going to use physical force to stop resisting,3
i'm deploying less lethal force to stop,4
i need you to stop without delay,1
i require you to what's the best way to get downtown? now,1
what seems to be the problem?,0
i see a weapon in the area,0
i'm directing you to i'm new to this area. this instant,1
i'm going to gently guide you to you got that arm.,2
i noticed a potential threat,0
i'm going to help you to move,2
i'm asking you to stop right now,1
i noticed a concerning situation,0
what's the situation?,0
is there something i can do for you?,0
i'm deploying less lethal force to stop,4
i need to deploy lethal force to stop. stop. stop. put the gun down. put the gun down. put the,5
i need to use deadly force to take two steps to your right walk backwards stop yeah i got him back down walk backwards,5
i'm explaining our force policy,0
i need to deploy less lethal measures to stop police you're gonna get tased,4
let me help you move to you're being detained you're not free to leave,2
"let me assist you to i'm telling you, do not touch me.",2
i need to use physical force to you break that and you're gonna get the whole can of pepper spray man,3
let's review force documentation,0
there might be danger here,0
is there something i can do for you?,0
i'm telling you to i love this neighborhood. right now,1
i see a suspicious object,0
let me assist you to move,2
i have to physically restrain you to stop resisting,3
we need to discuss force protocols,0
i'm explaining our force policy,0
all right well the address came out right here okay so we just have to make sure ,1
what's the matter?,0
there might be a threat nearby,0
we need to discuss force protocols,0
"i'm forced to use less lethal measures to taser deployed, do you understand?",4
i'm going to use deadly force to let me see your hands! put it down now!,5
i'm explaining our force policy,0
how may i assist you?,0
"you have to what you doin, do you understand? or there will be consequences",1
It matches the description perfectly,1
i'm going to use lethal force to drop the weapon,5
let me assist you to move,2
i have to physically restrain you to stop resisting,3
i'm going to physically restrain you to stop resisting,3
i want you to can you help me with directions? right away,1
i'm deploying less lethal force to stop,4
What's the best way to get downtown?,1
i'm going to help you to why you putting your handz on me,2
can i help you with something?,0
what brings you here today?,0
i need to use lethal measures to 999. 999. i've been shot. 999.,5
let me review force policies,0
is everything alright?,0
i have to physically restrain you to stop resisting,3
i see a weapon in the area,0
"i'm going to use less lethal measures to if you tase me, i'm telling you it's gonna get hot in this bitch. i'm telling you it's gonna get hot. i don't care. go ahead. 
officer: i'm gonna tase you. ",4
there's something concerning here,0
i'm going to use physical force to stop resisting,3
i noticed something concerning,0
i'm explaining our force policy,0
"i'm going to use less lethal measures to look, stop pollice you're gonna get tased",4
you must stop this instant,1
i noticed something suspicious,0
i'm going to guide you you got that arm.,2
you must stop at once,1
i'm forced to use lethal force to drop the weapon,5
i have to physically control you to stop resisting,3
i need to physically restrain you to stop resisting,3
please stop right away,1
i have to use deadly force to drop the weapon,5
i want to explain force protocols,0
i have no choice but to use lethal force to take two steps to your right walk backwards stop yeah i got him back down walk backwards,5
i'll assist you to now you're just detained okay,2
there's something concerning here,0
do you need support?,0
i'm forced to restrain you to stop resisting,3
i'm going to use deadly force to drop the gunn,5
"i'm forced to restrain you to bro, kam down.",3
we need to discuss force options,0
i have to physically control you to stop resisting,3
i require you to i was gonna go get a hotel. as soon as possible,1
"Uh yea, you're fine. You don't have any ID on you? Here why don't you do me a favor and take off your seatbelt and step out.",2
there's a potential hazard,0
is there something i can do for you?,0
there's something concerning here,0
let me help you move,2
i see a weapon in the area,0
do you need any help?,0
let's review force policies,0
i'm forced to restrain you to stop moving stop moving relax stop moving,3
there's something concerning here,0
what's the situation?,0
there might be danger here,0
i noticed something concerning,0
i'm going to help you to am i under arrest or no?,2
let me help you move to you are not supposed to touch me,2
i'll help you move to move,2
can i be of assistance?,0
i need to use lethal measures to put your hanz out of the car now,5
what's going on here?,0
"i have to deploy lethal force to put the gun down!, do you understand?",5
i'm going to guide you it's not ben day. i got your picture pulled up man.,2
"i'm forced to use less lethal measures to she just goes nuts, makes suicidal statements, and tries to fight with the cops all the time so.",4
i have to use physical control to you break that and you're gonna get the whole can of pepper spray man,3
i want to explain force guidelines,0
how can i help you today?,0
"i have to use physical control to back up, back up.",3
i'm going to use deadly force to drop the weapon,5
i'm telling you to all the guy in the red come this way too hey you in the red come this way now,1
i have to deploy less lethal options to stop,4
i see a weapon in the area,0
i'm forced to use less lethal force to stop,4
let me assist you to move,2
i'm going to use lethal force to drop the weapon,5
"i'm forced to use less lethal measures to listen, you're about to get tased",4
i'll assist you to move,2
i want you to follow your buddies do me a favor guys just put what you guys got down i just want to see empty hands okay we're dispatched to a call shotter or shots fired or there will be consequences,1
i'm forced to use less lethal force to stop,4
let me help you move to now you're just detained okay,2
i'm asking you to stop without delay,1
is everything alright?,0
i require you to stop without delay,1
you're gonna get sprayed again,3
i have to use physical control to show me 31,3
what's going on here?,0
how may i assist you?,0
is everything alright?,0
i'll assist you to move,2
i'm deploying less lethal force to stopp police you're gonna get tased,4
The park is lovely this time of year.,1
we need to discuss force options,0
we're reviewing force documentation,0
i'm going to physically restrain you to stop resisting,3
i need to use less lethal force to stop,4
do you need assistance?,0
The traffic is terrible today.,1
i'm forced to use less lethal force to stop,4
how can i help you today?,0
i'm going to assist you to he's possibly 55 locked himself in,2
"i'm going to guide you why man, i'm gonna comply bro, you just.",2
there might be a weapon nearby,0
i need to deploy lethal force to put the gunn down!,5
i'm deploying less lethal force to stop,4
i'm going to use less lethal measures to stop police you're gonna get tased,4
do you need support?,0
do you need support?,0
what's going on here?,0
there might be a threat nearby,0
i need to use physical restraint to stop resisting,3
i want to discuss force scenarios,0
i'm telling you to i'm new to this area. as soon as possible,1
i'm forced to use deadly force to drop the weapon,5
there might be a dangerous situation,0
i need to use physical restraint to stop resisting,3
i need you to what's the best route to downtown? right now,1
"i need to physically restrain you to watch out, spray, spray",3
i have to use deadly force to put the knif down,5
i'm explaining force procedures,0
let me review force policies,0
i'm going to use lethal force to drop the weapon,5
we were discussing the use of force policy,0
Can you help me find my way?,1
i noticed a potential threat,0
i need to deploy less lethal measures to stop,4
i'm forced to use deadly force to drop the weapon,5
i see something that needs attention,0
i'm ordering you to stop without delay,1
i want to explain force protocols,0
i noticed something concerning,0
i'm explaining our force policy,0
i need to use less lethal force to stopp police you're gonna get tased,4
there's a potential risk here,0
let me explain our force continuum,0
"i'm going to deploy less lethal force to if you tase me, i'm telling you it's gonna get hot in this bitch. i'm telling you it's gonna get hot. i don't care. go ahead. 
officer: i'm gonna tase you. ",4
i have to physically restrain you to stop resisting,3
i need to deploy less lethal measures to stahp police you're gonna get tased,4
i have to physically control you to stop resisting,3
i see something that needs attention,0
i'm deploying less lethal force to stop police you're gonna get tased,4
let's discuss force procedures,0
"i'm going to assist you to what do you, why do you need to know this stuff?",2
how can i help you today?,0
there might be a weapon nearby,0
there might be a risk here,0
i want to explain force guidelines,0
"i'm going to use less lethal measures to she just goes nuts, makes suicidal statements, and tries to fight with the cops all the time so.",4
Good evening.,1
there might be a risk here,0
i need to use physical restraint to stop resisting,3
i need to physically restrain you to you stupid little bitch.,3
let me help you move to i'll stand right here i'm fine.,2
please stop right now,1
we go we're going to throw them in a car just so we don't have to stand out here in the open,1
i need you to i need directions to the mall. right now,1
i'm forced to use less lethal force to stop,4
can i be of assistance?,0
i'll assist you to move,2
let's discuss force procedures,0
i'm forced to restrain you to get off my neck,3
we were discussing the use of force policy,0
"i'm going to assist you to ok i'm willing to listen, come on lets talk. ",2
can i be of assistance?,0
"i'm forced to use less lethal force to i'm telling you, taser deployed",4
do you need support?,0
there's a possible threat,0
i'll assist you to move,2
i'm going to use less lethal measures to taser deployed,4
Let me get that,1
i need to use physical restraint to shut your fucking mouth bitch.,3
i need to deploy lethal force to 999. 999. i've been shot. 999.,5
how can i be of help?,0
i'm forced to use physical control to stop resisting,3
"i'm going to guide you i'm telling you, do not touch me.",2
i have to deploy less lethal options to stop,4
i need to physically restrain you to you're about to fucking get sprayed again if you keep kicking the window.,3
i have to physically control you to stop resisting,3
Where's your ID?,1
i'm deploying less lethal force to stop,4
i'll help you move to don't move knuckles together,2
i'm explaining our force policy,0
i'm going to physically restrain you to stop banging on the door bruh,3
i see a weapon in the area,0
i'm forced to restrain you to i got one black male running,3
what's the problem?,0
"tazer deployed, do you understand?",4
let me assist you to move,2
what seems to be the problem?,0
i have to use physical control to shut your vehicle off turn the vehicle off throw the keys out the window,3
"i need to deploy less lethal measures to i'm telling you, stop pollice you're gonna get tased",4
what's happening here?,0
"i need to use less lethal options to i'm telling you, tazer deployed",4
i noticed a concerning situation,0
i'm going to physically restrain you to put your hands up put your hands up get on the curb hands up get on the curb ,3
i want you to stop right now,1
i need to use less lethal options to stop,4
there's a potential risk here,0
i need to use lethal measures to take two steps to your right walk backwards stop yeah i got him back down walk backwards,5
i need to physically restrain you to show me 31,3
can i help you with something?,0
i need to use lethal measures to drop the gunn,5
"i'm going to guide you i'm telling you, do not touch me.",2
i'm going to use physical force to stop resisting,3
i require you to albuquerque pollice wake up man you all right right away,1
we're training on force techniques,0
is there something i can do for you?,0
let me clarify our force guidelines,0
you must okay i'm going to run him through fields this instant,1
i want to talk about force options,0
i need to use deadly force to drop the weapon,5
there's a potential hazard,0
Do you have any pets?,1
there's a possible threat,0
"i need to use less lethal options to she just goes nuts, makes suicidal statements, and tries to fight with the cops all the time so.",4
i see something suspicious,0
i'll assist you to move,2
i need to physically restrain you to stop resisting,3
i want to explain force guidelines,0
let me help you move,2
i'm going to use deadly force to drop the weapon,5
what's the issue?,0
there's a potential risk here,0
what's the situation?,0
there's a potential problem,0
i'm going to use less lethal measures to stop,4
let me help you move to move,2
what's going on here?,0
i'm going to assist you to move,2
i need to physically restrain you to stop resisting,3
i have to physically restrain you to stop resisting,3
i have to use less lethal options to stop,4
i'm directing you to i need to get a police report. or there will be consequences,1
i need to use physical force to stop resisting,3
i need to use less lethal options to tazer deployed,4
"i need to deploy less lethal measures to if you tase me, i'm telling you it's gonna get hot in this bitch. i'm telling you it's gonna get hot. i don't care. go ahead. 
officer: i'm gonna tase you. ",4
"i need you to i'm telling you, just lean back at once",1
let me help you sit on the ground.,2
what's going on?,0
what's going on?,0
"i'm forced to use less lethal measures to look, stop pollice you're gonna get tased",4
let's review force policies,0
i'm requesting you to stop immediately,1
i'm deploying less lethal force to climb out the window you better figure the out right now you do anything other than you're told your is going to get hit with this rubber bullet you understand,4
let me assist you to don't move knuckles together,2
do you need any help?,0
"Bro, calm down.",3
I need to report a break-in.,1
i want to talk about force options,0
i'm going to gently guide you to move,2
i need you to do you guys have ids on you  as soon as possible,1
i'm going to assist you to no separate your feet separate your feet,2
we need to review force protocols,0
i have to physically restrain you to give me your arm now.,3
you have to stop or i will take action,1
i need to use physical restraint to i can't breath,3
"i have no choice but to use lethal force to i'm telling you, put the gunn down!",5
i'm going to assist you to hey rudolph hey open the door,2
"i need to use physical restraint to back up, back up.",3
i have to deploy less lethal options to stop,4
let me explain our force continuum,0
i need to use physical force to you break that and you're gonna get the whole can of pepper spray man,3
"You’re not in trouble, we just need to figure out what happened.",1
"i want you to he was yelling at first, but i kept my voice steady, and he calmed down. right away",1
"i'm forced to use lethal force to i'm telling you, put the guhn down!",5
Put it on the ground. Put it on the ground.,5
i have to physically control you to if you fail to comply,3
we're training on force techniques,0
i see a weapon in the area,0
i need to use physical force to stop resisting,3
i want you to stop at once,1
i'm going to use less lethal measures to stop,4
let's review force documentation,0
i'm directing you to stop immediately,1
do you need any help?,0
"i'm going to use less lethal measures to i'm telling you, tazer deployed",4
i'm going to guide you move,2
i need to physically restrain you to let go. give me your hand now,3
there's a potential hazard,0
i'm explaining our force policy,0
i have to use less lethal options to stop,4
i'm going to gently guide you to move,2
we need to review force protocols,0
"i have to deploy less lethal options to if you tase me, i'm telling you it's gonna get hot in this bitch. i'm telling you it's gonna get hot. i don't care. go ahead. 
officer: i'm gonna tase you. ",4
i have to use less lethal options to hit him again. put your hands behind your back. hands behind your back. release em.,4
is there something i can do for you?,0
do you need support?,0
"i need to use less lethal options to look, stop pollice you're gonna get tased",4
i need to physically restrain you to stop resisting,3
i want you to stop without delay,1
i have to use physical control to you stupid little bitch.,3
there might be danger here,0
what's going on?,0
what's happening here?,0
"i'm going to gently guide you to this, this is illegal, i'm not under arrest in rockford. i'm just saying.",2
i'm going to use physical force to stop resisting,3
i'm forced to use lethal force to take two steps to your right walk backwards stop yeah i got him back down walk backwards,5
i have to deploy lethal force to drop the weapon,5
i have to use deadly force to drop the weapon,5
i'm going to gently guide you to hey rudolph hey open the door,2
Can you answer some questions?,1
i have to use less lethal options to stop pleece you're gonna get tased,4
you must stop or i will take action,1
do you need support?,0
let me help you move,2
what's happening here?,0
let me review force policies,0
i'll gently guide you to move,2
i'm deploying less lethal force to stop,4
i require you to how are you doing today? without delay,1
i have to deploy less lethal options to stop,4
"i need to use physical restraint to i'm telling you, he's running",3
i have to deploy less lethal options to stop,4
can i be of assistance?,0
i see something that needs attention,0
"i require you to i'm telling you, okay sit down at once",1
how may i assist you?,0
i'm forced to use less lethal measures to stop,4
i'm forced to use less lethal measures to stop,4
"i need to use less lethal options to she just goes nuts, makes suicidal statements, and tries to fight with the cops all the time so.",4
"i need to use physical restraint to i'm telling you, he's running",3
i'm explaining our force policy,0
"i need to physically restrain you to he's trying to break that window, he's gonna pop it out",3
i have to use deadly force to put the knif down,5
what's the situation?,0
i have no choice but to use lethal force to drop the guhn,5
how may i assist you?,0
let me help you move to did you just hear me? look at me. take off your seat belt.,2
"i need to deploy lethal force to no, shoot me. shoot me. i'll kill you. i'll kill you.",5
i require you to stop right away,1
i'm going to guide you move,2
"i'm forced to use physical control to bro, calm down.",3
i need to use physical force to stop resisting,3
we're discussing force training,0
i'm explaining our force policy,0
i need to use deadly force to grab your shirt at the top of your neck right there pull it up all the way up i need to see your waistband front and back take it off turn around stop walk back towards the sound of my voice,5
there's a potential hazard,0
i have to physically control you to stop resisting,3
how may i assist you?,0
i'm going to deploy less lethal force to stop,4
i'm forced to use lethal force to drop the gun!,5
i want to explain force guidelines,0
"i need to deploy lethal force to put the guhn down!, do you understand?",5
i want to discuss force scenarios,0
what's going on here?,0
i'm telling you to stop or i will take action,1
let's review force policies,0
i'm requesting you to stop now,1
i'm going to use physical force to stop resisting,3
let me review force policies,0
do you need support?,0
"He kept reaching for something, but it turned out to be his wallet.",0
i'm going to deploy less lethal force to stop,4
i need you to stop or i will take action,1
what brings you here today?,0
can i help you with something?,0
i have no choice but to use lethal force to 999. 999. i've been shot. 999.,5
i want to explain force guidelines,0
how can i help you today?,0
How long have you been an officer?,1
i need to use physical restraint to stop resisting,3
"i'll assist you to this, this is illegal, i'm not under arrest in rockford. i'm just saying.",2
what seems to be the problem?,0
"i'm forced to use less lethal force to tazer deployed, do you understand?",4
we need to discuss force protocols,0
i have to use less lethal options to stop pleece you're gonna get tased,4
i have to use less lethal options to stop,4
let me assist you to hands behind your back now stay here,2
"i need to use less lethal force to i'm telling you, tazer deployed",4
there's something concerning here,0
i'm requesting you to stop at once,1
i want to explain force guidelines,0
let's review force documentation,0
let me review force policies,0
i have to deploy less lethal options to stop,4
i'm ordering you to what time is it? now,1
i have to use physical control to stop resisting,3
i'm directing you to what i want you to do is turn the vehicle off and step out for me right away,1
there might be a weapon nearby,0
i need to use lethal measures to drop the weapon,5
i have to use physical control to stop resisting,3
do you need support?,0
i need to use less lethal force to tazer deployed,4
i require you to nice to meet you! immediately,1
do you need any help?,0
i'm going to use lethal force to drop the weapon,5
i'm going to gently guide you to move,2
you have to there's a suspicious person. right now,1
i have to use physical control to i got one black male running,3
i want to explain force guidelines,0
you have to the sunset is beautiful. as soon as possible,1
i'm going to use deadly force to drop the weapon,5
i need to use physical restraint to 1050 foot bail foot bail foot pursuit stop stop do it now ,3
you must do you like music? or there will be consequences,1
i have to deploy lethal force to drop the weapon,5
i require you to you in the red shirt step over here put what you have in your hands down appreciate it thank yo immediately,1
we need to discuss force protocols,0
we're training on force techniques,0
i need to deploy lethal force to drop the weapon,5
i want you to how do i get to the airport? immediately,1
i want to discuss force scenarios,0
how can i help you today?,0
we're training on force techniques,0
what's going on here?,0
"i have to use deadly force to drop the gun!, do you understand?",5
i want you to stop immediately,1
there's a possible threat,0
how may i assist you?,0
we need to review force protocols,0
what's the situation?,0
i'm forced to use physical control to stop resisting,3
i'm going to use physical force to you break that and you're gonna get the whole can of pepper spray man,3
there might be a weapon nearby,0
how can i be of help?,0
i need to use physical force to i got one black male running,3
"i'm forced to use physical control to i'm telling you, he's running",3
what's happening here?,0
i'm explaining force procedures,0
i have to use physical control to stop resisting,3
i want to discuss force scenarios,0
i'm ordering you to is this area safe? without delay,1
i have to deploy lethal force to drop the weapon,5
let me review force policies,0
i'm going to help you to move,2
"i'm forced to use less lethal measures to look, stop pollice you're gonna get tased",4
i have to deploy less lethal options to stop,4
i noticed a concerning situation,0
i'll assist you to move,2
i have no choice but to use lethal force to drop the weapon,5
i need you to where can i park? right away,1
i have to physically control you to stop resisting,3
is everything alright?,0
i'm forced to restrain you to stop resisting,3
i'm going to help you to move,2
i require you to stop this instant,1
i noticed something concerning,0
i'm forced to use less lethal measures to stop,4
i noticed something suspicious,0
i'm deploying less lethal force to stahp police you're gonna get tased,4
What time does the park close?,1
can i help you with something?,0
what's the situation?,0
i need to use physical force to stop resisting,3
i'm asking you to stop at once,1
how may i help you?,0
what's going on?,0
i need to deploy less lethal measures to stopp police you're gonna get tased,4
there's a potential hazard,0
"i need to use physical restraint to bro, com down.",3
"i need to deploy less lethal measures to if you tase me, i'm telling you it's gonna get hot in this bitch. i'm telling you it's gonna get hot. i don't care. go ahead. 
officer: i'm gonna tase you. ",4
do you need any help?,0
i'm going to use deadly force to 999. 999. i've been shot. 999.,5
you must there's a pothole in the road. right now,1
"i need to use less lethal force to look, stop pollice you're gonna get tased",4
i'm forced to use less lethal measures to stop police you're gonna get tased,4
i require you to stop at once,1
can i be of assistance?,0
i noticed something concerning,0
i'm going to use deadly force to drop the weapon,5
i'm telling you to stop without delay,1
"please she said she had a gun, but i don’t know if it was true. this instant",1
i'm requesting you to the park is lovely this time of year. as soon as possible,1
i'm going to use physical force to stop resisting,3
i'm directing you to stop or i will take action,1
i need to physically restrain you to shut your vehicle off turn the vehicle off throw the keys out the window,3
i'm going to gently guide you to move,2
what's the problem?,0
i see something that needs attention,0
i require you to stop or i will take action,1
i have to use deadly force to drop the gunn do you understand?,5
i noticed something suspicious,0
let's review force policies,0
Stay safe out there.,1
there might be a weapon nearby,0
i need to use physical restraint to stop resisting,3
i'm forced to use lethal force to drop the weapon,5
let me help you move to well i'm going to do it regardless ,2
i'm going to deploy less lethal force to climb out the window you better figure the out right now you do anything other than you're told your is going to get hit with this rubber bullet you understand,4
i'm going to use deadly force to drop the weapon,5
i need to physically restrain you to turn the car off turn it off ,3
there's something concerning here,0
i'm forced to use less lethal force to stop,4
i need to use physical force to stop resisting,3
i need to use physical restraint to stop resisting,3
you need to stop immediately,1
"The guy was running, so we set up a perimeter to box him in.",0
you have to stop right now,1
is there something i can do for you?,0
i'm forced to use lethal force to 999. 999. i've been shot. 999.,5
is there something i can do for you?,0
do you need assistance?,0
i'll help you move to move,2
i'm forced to use lethal force to drop the weapon,5
i'll gently guide you to move,2
i'm going to assist you to why you putting your hanz on me,2
i have to deploy lethal force to drop the weapon,5
i need to use less lethal options to stop,4
let me assist you to move,2
i'm going to assist you to move,2
i'm forced to use less lethal force to stop,4
i want to talk about force options,0
what seems to be the problem?,0
i need to physically restrain you to stop resisting,3
i have to deploy less lethal options to stop,4
i want to explain force guidelines,0
i'm going to use less lethal measures to hit him again. put your hands behind your back. hands behind your back. release em.,4
i need to deploy lethal force to drop the weapon,5
i'm going to deploy less lethal force to stahp police you're gonna get tased,4
i want to explain force guidelines,0
let me help you move to i'm telling you to get out of the vehicle right now,2
there might be a threat nearby,0
"i have to use physical control to i am calm, and it's not about to be. i wanna stay calm. i wanna stay calm",3
i'm deploying less lethal force to stop,4
"i'm ordering you to i'm telling you, what's going on today? or i will take action",1
what's the problem?,0
you need to what's the most common call you get? right now,1
"i need to use less lethal force to i'm telling you, taser deployed",4
i need to use physical restraint to he's running,3
let me assist you to move,2
i need to physically restrain you to stop resisting,3
let me assist you to move,2
i'm going to use physical force to stop resisting,3
"i need to use less lethal options to i'm telling you, tazer deployed",4
how may i help you?,0
i'm going to use lethal force to drop the gunn,5
let me assist you to move,2
let's review force policies,0
what brings you here today?,0
i noticed a potential threat,0
i need to use physical restraint to stop resisting,3
i'm going to physically restrain you to put your hands up put your hands up get on the curb hands up get on the curb ,3
i'll assist you to move,2
you need to stop immediately,1
i have to use deadly force to drop the weapon,5
let's discuss force procedures,0
i'm going to help you to can you just come out so we can talk,2
"i need to use lethal measures to i'm telling you, put the gunn down!",5
i'm forced to use less lethal force to stop,4
what brings you here today?,0
i'm explaining force procedures,0
i'm asking you to there's a suspicious person. now,1
"i have no choice but to use lethal force to i'm telling you, drop the gunn",5
i'll assist you to do not touch me.,2
is everything alright?,0
i need to use less lethal options to stop,4
i need to use less lethal options to stop,4
i'm forced to restrain you to he's running,3
we need to review force protocols,0
we're training on force techniques,0
i'm going to use physical force to stop resisting,3
"i'm forced to use physical control to bro, com down.",3
i'm going to help you to you're being detained you're not free to leave,2
Albuquerque pollice wake up man you all right,1
we were discussing the use of force policy,0
Put the knife down,5
what's going on?,0
i see something that needs attention,0
"i'm deploying less lethal force to i'm telling you, stop pollice you're gonna get tased",4
i need to deploy lethal force to cross fire cross fire,5
i'm deploying less lethal force to stop,4
i'm directing you to stop now,1
i'm directing you to can you help me find my lost dog? this instant,1
i'll gently guide you to move,2
i have to physically control you to stop resisting,3
i see a possible risk,0
i need to deploy lethal force to drop the weapon,5
i'm going to gently guide you to sit on the ground.,2
there might be a dangerous situation,0
i need to use lethal measures to yo you shot him yo.,5
You got that arm.,2
i need to deploy less lethal measures to stop,4
i'm asking you to have a nice day. immediately,1
i see a weapon in the area,0
let me explain our force continuum,0
i need to use less lethal options to stopp police you're gonna get tased,4
i'm directing you to stop this instant,1
i'm forced to use lethal force to drop the weapon,5
i'll assist you to move,2
i'm forced to use deadly force to let me see your hands! put it down now!,5
i'm going to use less lethal measures to stop,4
let me review force policies,0
i'll help you move to now you're just detained okay,2
let me explain our force continuum,0
i have to physically control you to i got one black male running,3
i'm going to use lethal force to i've been hit.,5
we're investigating make sure none of you guys were the ones shooting what were you doing with that broke down car back there,1
i require you to we're investigating make sure none of you guys were the ones shooting what were you doing with that broke down car back there or there will be consequences,1
"I'm on the ground, I'm on the ground",3
i'll gently guide you to move,2
you need to stop right now,1
i need to use physical force to stop resisting,3
let me help you move,2
i need to use less lethal options to stop,4
i'll assist you to move,2
how can i be of help?,0
we're training on force techniques,0
i need to deploy lethal force to back up back up i got cover i got cover,5
i need to use physical restraint to you break that and you're gonna get the whole can of pepper spray man,3
i'm deploying less lethal force to stop,4
i'm going to use physical force to stop resisting,3
i want you to stop this instant,1
"i need to use physical restraint to watch out, spray, spray",3
let me help you move to move,2
i noticed something concerning,0
i'll gently guide you to don't have to touch me,2
i need to deploy lethal force to drop the weapon,5
How do I get to the airport?,1
we need to review force protocols,0
let's review force policies,0
i want to explain force guidelines,0
"i'm forced to use less lethal force to i'm telling you, tazer deployed",4
i'm explaining our force policy,0
i have to physically restrain you to stop resisting,3
i need to use physical restraint to you stupid little bitch.,3
i'm forced to use physical control to stop resisting,3
i'm forced to use deadly force to put the guhn down!,5
"i need to deploy less lethal measures to she just goes nuts, makes suicidal statements, and tries to fight with the cops all the time so.",4
i need to use less lethal force to stop,4
i have to deploy less lethal options to hit him again. put your hands behind your back. hands behind your back. release em.,4
i'm going to assist you to move,2
i'm ordering you to do you have registration for the vehicle immediately,1
i'm going to use less lethal measures to stop,4
i'm forced to use less lethal force to stop,4
let me assist you to why you putting your hands on me,2
let me help you move to put your hanz behind your back.,2
i need to physically restrain you to stop resisting,3
how can i help you today?,0
you have to stop at once,1
what's going on?,0
i need to use physical restraint to stop resisting,3
i need to use less lethal options to stop,4
i'm going to deploy less lethal force to taser deployed,4
i'm requesting you to stop or i will take action,1
i'm going to guide you why you putting your hanz on me,2
we're discussing force training,0
you need to how do you stay safe? this instant,1
is everything alright?,0
how can i help you today?,0
"i need to use less lethal options to look, stop pollice you're gonna get tased",4
i'm forced to restrain you to stop resisting,3
how may i help you?,0
let's review force policies,0
i'm deploying less lethal force to stop,4
i need to use deadly force to stop. stop. stop. put the gun down. put the gun down. put the,5
i need to use physical force to stop resisting,3
do you need assistance?,0
i'm forced to restrain you to stop resisting,3
i have to use physical control to stop resisting,3
i need to use lethal measures to drop the weapon,5
"i have to physically control you to hey tommy. last time we came here, they had us go hands on with her 3 times. so.",3
what's the issue?,0
i see a suspicious object,0
"i'm going to deploy less lethal force to she just goes nuts, makes suicidal statements, and tries to fight with the cops all the time so.",4
i want to talk about force options,0
i'm forced to restrain you to you're gonna get sprayed again,3
i need to use less lethal force to stop,4
there's a potential risk here,0
i'm going to deploy less lethal force to tazer deployed,4
there might be a weapon nearby,0
"i'll help you move to ok i'm willing to listen, come on lets talk. ",2
what's the issue?,0
i noticed a concerning situation,0
you need to stop right now,1
i'm forced to restrain you to stop resisting,3
you have to stop right away,1
"i'm forced to use physical control to stay right there. drop a 13, drop a 13.",3
what's the issue?,0
"i have to deploy lethal force to get your fucking face out of here, before i stab you.",5
i'm going to use less lethal measures to stop,4
there might be a risk here,0
i'm forced to use less lethal measures to stop,4
there might be danger here,0
there's a potential hazard,0
i'm forced to use less lethal measures to taser deployed,4
i'm ordering you to stop or i will take action,1
please see you around. or i will take action,1
"i have to physically control you to please bro, i'm gonna get maced again, please bro",3
how may i help you?,0
i'm forced to use less lethal measures to stop,4
can i be of assistance?,0
i require you to the whole car reeks of weed or i will take action,1
i have to use deadly force to drop the weapon,5
i'm going to help you to move,2
i'm forced to restrain you to stop resisting,3
i have no choice but to use lethal force to drop the weapon,5
let me help you don't yes you do you do need a woman to touch me don't touch me okay don't touch me,2
i need to physically restrain you to if you fail to comply,3
"i have to physically control you to hey tommy. last time we came here, they had us go hands on with her 3 times. so.",3
i need to use physical restraint to stop resisting,3
i need to deploy less lethal measures to stop,4
i'm ordering you to stillwater pollice charlene? right away,1
i see a suspicious object,0
we were discussing the use of force policy,0
i need to use less lethal force to stop,4
"i'm forced to use less lethal measures to look, stop pollice you're gonna get tased",4
"i'm going to use deadly force to i'm telling you, drop the guhn",5
there's a potential risk here,0
i require you to stop right now,1
i have no choice but to use lethal force to i've been hit.,5
let's discuss force procedures,0
what's going on here?,0
"i'm going to use physical force to i'm telling you, he's running",3
i have to deploy lethal force to drop the weapon,5
do you need any help?,0
i noticed a potential threat,0
i need to use lethal measures to drop the weapon,5
"i'm going to use physical force to bro, kam down.",3
i'm going to assist you to why you putting your handz on me,2
"i'm going to use lethal force to she's choking on her own blood man, come on.",5
what's the situation?,0
i need to use deadly force to let me see your hands! put it down now!,5
i'm going to help you to don't move knuckles together,2
let me explain our force continuum,0
what's going on here?,0
we're training on force techniques,0
i see a possible risk,0
"i have to physically control you to i am calm, and it's not about to be. i wanna stay calm. i wanna stay calm",3
you need to stop now,1
i see a weapon in the area,0
Do you know any good restaurants around here?,1
please take care. immediately,1
there might be danger here,0
i need to physically restrain you to you're about to fucking get sprayed again if you keep kicking the window.,3
let me assist you to move,2
i'll gently guide you to you are not supposed to touch me,2
i'm directing you to stop or i will take action,1
what's going on here?,0
i have to physically restrain you to 1050 foot bail foot bail foot pursuit stop stop do it now ,3
let me help you move,2
i'm forced to use less lethal force to stop pleece you're gonna get tased,4
"i have to deploy less lethal options to look, stop pollice you're gonna get tased",4
let me help you move,2
I lost my wallet.,1
They had to use restraint.,1
i'm explaining force procedures,0
i'm going to use lethal force to put the gun down!,5
there might be danger here,0
"i'm forced to use less lethal measures to look, stop pollice you're gonna get tased",4
i'm going to guide you start us another one 1040,2
i have to use less lethal options to stop,4
Can you help me with directions?,1
we need to review force protocols,0
i have to deploy less lethal options to stop,4
there might be a risk here,0
you have to stop without delay,1
what's going on here?,0
"i need to use less lethal force to listen, you're about to get tased",4
you need to stop at once,1
you need to all right why don't you guys hang out here or there will be consequences,1
i want to explain force protocols,0
i see a concerning object,0
there might be a threat nearby,0
let me help you move to move,2
i'll gently guide you to why you putting your handz on me,2
i'm asking you to stop now,1
i see a concerning object,0
we need to discuss force protocols,0
i see something that needs attention,0
i'm going to deploy less lethal force to stop,4
there's a potential problem,0
i noticed something concerning,0
i'm explaining our force policy,0
is there something i can do for you?,0
"i have to deploy less lethal options to look, stop pollice you're gonna get tased",4
i'm going to help you to move,2
i see a possible risk,0
you must the suspect was armed. or i will take action,1
we're discussing force training,0
i'm going to gently guide you to move,2
i see a concerning object,0
what's going on?,0
how can i help you today?,0
i'm explaining our force policy,0
"i'm going to use physical force to i'm on the ground, i'm on the ground",3
i have to use physical control to stop resisting,3
What's your favorite part of the job?,1
i'm forced to use less lethal measures to stop,4
"i have to use physical control to i'm on the ground, i'm on the ground",3
i need to use less lethal options to stop,4
what's the matter?,0
what's happening here?,0
there might be danger here,0
i'm telling you to stop at once,1
i'm deploying less lethal force to stop,4
i'm going to use less lethal measures to stop,4
i'm going to assist you to hanz behind your back now stay here,2
what seems to be the problem?,0
i'm clarifying force procedures,0
i see something suspicious,0
i want to talk about force options,0
i need to use deadly force to put your hanz out of the car now,5
i'm deploying less lethal force to taser deployed,4
is there something i can do for you?,0
i'm going to use deadly force to drop the weapon,5
"i'm deploying less lethal force to listen, you're about to get tased",4
"i'm forced to use less lethal force to tazer deployed, do you understand?",4
what's going on?,0
"i'm asking you to i'm telling you, what's going on today? without delay",1
i have to deploy lethal force to drop the weapon,5
can i be of assistance?,0
what's the matter?,0
i need you to let me know if you need anything. right away,1
your work knife,1
i need you to stop or there will be consequences,1
i'm going to use physical force to stop resisting,3
i see something that needs attention,0
"i'm going to use less lethal measures to i'm telling you, tazer deployed",4
you have to stop immediately,1
i have to use less lethal options to stop,4
i'm going to gently guide you to i told you exactly what i was going to do okay,2
i'm forced to use less lethal measures to stop,4
"i need to use less lethal force to if you tase me, i'm telling you it's gonna get hot in this bitch. i'm telling you it's gonna get hot. i don't care. go ahead. 
officer: i'm gonna tase you. ",4
we need to discuss force protocols,0
how can i help you today?,0
i want you to stop or there will be consequences,1
what's the issue?,0
i'm going to help you to that is not me. how are you gonna tell me who i am.,2
i noticed something suspicious,0
"i'm forced to use physical control to i'm on the ground, i'm on the ground",3
i'm explaining force procedures,0
let me help you why you putting your hanz on me,2
i'm requesting you to they had to use pepper spray. or i will take action,1
i'm forced to use less lethal measures to stop,4
what's the matter?,0
i have to use less lethal options to stop police you're gonna get tased,4
i'm forced to restrain you to stop resisting,3
i have to physically restrain you to show me 31,3
i have to physically control you to put your hands up put your hands up get on the curb hands up get on the curb ,3
what's the situation?,0
i need to physically restrain you to stop resisting,3
i'm forced to use deadly force to he's down he's down. where are you hit?,5
i'm going to use physical force to stop resisting,3
i need to use physical force to i got one black male running,3
"i'm forced to use deadly force to put the guhn down!, do you understand?",5
i'm forced to use deadly force to drop the weapon,5
you need to stop right now,1
let's discuss force procedures,0
i'll gently guide you to move,2
i'm going to deploy less lethal force to stop,4
what's happening here?,0
i want to talk about force options,0
i'll help you move to move,2
you need to stop immediately,1
i'm going to use less lethal measures to hit him again. put your hands behind your back. hands behind your back. release em.,4
i'm explaining our force policy,0
i see something suspicious,0
i noticed a concerning situation,0
"i need to use less lethal force to i'm telling you, stop pollice you're gonna get tased",4
i noticed a potential threat,0
"i need to use lethal measures to get your fucking face out of here, before i stab you.",5
i need to use less lethal force to stop,4
how may i help you?,0
i have to use physical control to i got one black male running,3
let me help you move to move,2
What time is it?,1
there might be a weapon nearby,0
i'm going to use deadly force to drop the weapon,5
i need to use less lethal force to climb out the window you better figure the out right now you do anything other than you're told your is going to get hit with this rubber bullet you understand,4
i'm forced to use less lethal force to stop,4
i'm forced to restrain you to stop resisting,3
let me help you move to move,2
Do you have a mental condition?,1
i'm forced to use deadly force to he's down he's down. where are you hit?,5
there might be a dangerous situation,0
there's a potential risk here,0
"i'm forced to use deadly force to put the guhn down!, do you understand?",5
i'm going to assist you to move,2
i'm going to physically restrain you to shut your vehicle off turn the vehicle off throw the keys out the window,3
he's possibly 55 locked himself in,2
let me help you move,2
how can i be of help?,0
i'm directing you to stop right now,1
i need to use physical force to stop moving stop moving relax stop moving,3
"i'm going to physically restrain you to bro, com down.",3
you have to what happened today ser now,1
i need to use less lethal force to taser deployed,4
i need to deploy less lethal measures to stop,4
there might be a weapon nearby,0
"i'm forced to use deadly force to i'm telling you, put the guhn down!",5
can i help you with something?,0
we're reviewing force documentation,0
i'm directing you to stop right away,1
i noticed a potential threat,0
we were discussing the use of force policy,0
i noticed a potential threat,0
i'm deploying less lethal force to stop,4
let me help you move to you're grabbing my balls sir,2
"you need to we kept telling him to stop moving, but he just wouldn’t. right away",1
"Whats your name., do you understand?",1
i see a concerning object,0
i'm forced to use lethal force to drop the weapon,5
can i help you with something?,0
let me help you move to move,2
we need to discuss force protocols,0
what's going on here?,0
i see a weapon in the area,0
is everything alright?,0
"i'm forced to use less lethal measures to if you tase me, i'm telling you it's gonna get hot in this bitch. i'm telling you it's gonna get hot. i don't care. go ahead. 
officer: i'm gonna tase you. ",4
i'm going to gently guide you to well i'm going to do it regardless ,2
let me assist you to move,2
how may i assist you?,0
"i require you to i swear, i thought he was gonna swing at me. as soon as possible",1
let me clarify our force guidelines,0
What's your typical day like?,1
i'm requesting you to stop this instant,1
i'm going to assist you to move,2
i see a possible risk,0
"i'm going to physically restrain you to watch out, spray, spray",3
i need to deploy less lethal measures to stop,4
i need to physically restrain you to stop banging on the door bruh,3
we're reviewing force documentation,0
i need to deploy lethal force to put your handz out of the car now,5
how can i help you today?,0
i'm going to use physical force to stop resisting,3
i see something that needs attention,0
i want you to stop as soon as possible,1
i need to use deadly force to 999. 999. i've been shot. 999.,5
i want to explain force guidelines,0
there's a potential risk here,0
let me help you move,2
i'll gently guide you to move,2
can i help you with something?,0
let's discuss force procedures,0
i see something that needs attention,0
i have to use less lethal options to stop,4
i have to physically restrain you to shut your vehicle off turn the vehicle off throw the keys out the window,3
i'm forced to restrain you to he's running,3
"i'm going to physically restrain you to i am calm, and it's not about to be. i wanna stay calm. i wanna stay calm",3
what brings you here today?,0
i noticed something suspicious,0
i need to use less lethal options to stop pleece you're gonna get tased,4
i'm forced to use less lethal measures to stop,4
i need to use deadly force to shots fired shots fired front door hes at the front door,5
"i'm going to use less lethal measures to look, stop pollice you're gonna get tased",4
i'll help you move to move,2
what seems to be the problem?,0
is there something i can do for you?,0
i need to physically restrain you to stop resisting,3
"i need to deploy less lethal measures to i'm telling you, tazer deployed",4
i'm going to physically restrain you to show me 31,3
i'm deploying less lethal force to stop,4
there might be a risk here,0
i want you to stop now,1
"i'm forced to use less lethal measures to if you tase me, i'm telling you it's gonna get hot in this bitch. i'm telling you it's gonna get hot. i don't care. go ahead. 
officer: i'm gonna tase you. ",4
i need to use less lethal force to stop,4
i need to use less lethal force to stop,4
i want to talk about force options,0
"i need to use less lethal options to i'm telling you, tazer deployed",4
let's review force documentation,0
i noticed a potential threat,0
do you need assistance?,0
i'm ordering you to where you living at? right now,1
i'm requesting you to stop immediately,1
i need to deploy lethal force to drop the weapon,5
let me help you no separate your feet separate your feet,2
what's the problem?,0
there might be a threat nearby,0
i'm going to use less lethal measures to taser deployed,4
i'm going to physically restrain you to stop resisting,3
let me assist you to move,2
how can i help you today?,0
"i'm going to physically restrain you to bro, kam down.",3
"I'm telling you, drop the gun!",5
do you need any help?,0
i'll gently guide you to why you putting your hanz on me,2
how can i help you today?,0
there's a potential risk here,0
do you need assistance?,0
what seems to be the problem?,0
we were discussing the use of force policy,0
what's going on?,0
what's the problem?,0
please stop now,1
i'm going to assist you to move,2
i have to physically control you to stop resisting,3
we need to review force protocols,0
i need to use physical restraint to stop resisting,3
i want you to what's the most common call you get? or there will be consequences,1
i'm telling you to stop this instant,1
i have to physically control you to stop resisting,3
"i'm going to deploy less lethal force to i'm telling you, tazer deployed",4
is there something i can do for you?,0
"i have to deploy less lethal options to i'm telling you, taser deployed",4
"i need to use less lethal force to i'm telling you, taser deployed",4
there might be danger here,0
i need to physically restrain you to stop resisting,3
i want to explain force guidelines,0
i'm going to use physical force to get off my neck,3
i'm going to physically restrain you to i got one white male running,3
"Sir, step back and take a deep breath, we can talk this out.",1
how can i help you today?,0
"you must you’re not in trouble, we just need to figure out what happened. or there will be consequences",1
you have to stop now,1
i need to use physical restraint to stop resisting,3
we were discussing the use of force policy,0
i need to deploy less lethal measures to stop,4
we're reviewing force documentation,0
"i need to use physical restraint to bro, calm down.",3
let me assist you to put your handz behind your back.,2
you must stop without delay,1
i have to deploy lethal force to drop the weapon,5
i want you to can you help me find my lost dog? now,1
let me help you i'll stand right here i'm fine.,2
i have no choice but to use lethal force to back up back up i got cover i got cover,5
there's a potential risk here,0
please stop or there will be consequences,1
i'm going to help you to well i'm going to do it regardless ,2
right man we're going to go get you in a car where it's a little bit safer okay,1
let's discuss force procedures,0
what's happening here?,0
i'm ordering you to how do you stay safe? or there will be consequences,1
let me help you why you putting your hands on me,2
The suspect was resisting arrest.,1
there might be a threat nearby,0
i'm forced to use physical control to stop resisting,3
what brings you here today?,0
there might be a dangerous situation,0
"i'm deploying less lethal force to i'm telling you, tazer deployed",4
i'm going to help you to move,2
"i need to deploy less lethal measures to tazer deployed, do you understand?",4
i'm asking you to stop or there will be consequences,1
do you need assistance?,0
i'm going to assist you to move,2
i'll help you move to move,2
how may i help you?,0
i need to use physical restraint to shut your vehicle off turn the vehicle off throw the keys out the window,3
i'm forced to use less lethal force to stop,4
let me assist you to move,2
do you need any help?,0
we need to review force protocols,0
what's going on here?,0
i need to deploy less lethal measures to stop,4
i'm asking you to stop immediately,1
i have no choice but to use lethal force to drop the guhn,5
i'm requesting you to stop as soon as possible,1
i want to discuss force scenarios,0
Can you help me find my way?,1
i have to deploy less lethal options to stop,4
i see a suspicious object,0
we'll adjust your handz for you okay,1
i need to physically restrain you to stop resisting,3
i need to use physical force to stop resisting,3
"i need to use lethal measures to he's following me around with a knife, i need another new unit. i need another unit.",5
let's review force policies,0
i'm asking you to stop right now,1
i need to use deadly force to put your handz out of the car now,5
i'll gently guide you to move,2
how can i be of help?,0
i need to use less lethal options to tazer deployed,4
i'm going to help you to move,2
i'm deploying less lethal force to stopp police you're gonna get tased,4
How's your day going?,1
i'm going to help you to move,2
you must take care. or there will be consequences,1
is everything alright?,0
i want to explain force protocols,0
i'm telling you to okay sit down this instant,1
i have no choice but to use lethal force to drop the weapon,5
i'm going to guide you move,2
is everything alright?,0
how can i be of help?,0
i have to use less lethal options to stop,4
i'll help you move to do not touch me.,2
"i need to deploy less lethal measures to tazer deployed, do you understand?",4
let me assist you to move,2
i need to deploy less lethal measures to taser deployed,4
is there something i can do for you?,0
do you need assistance?,0
i'm going to use lethal force to put the gunn down!,5
What's the best route to downtown?,1
what brings you here today?,0
I appreciate your help.,1
"I'm telling you, drop the gunn",5
please is this your truck? or there will be consequences,1
i'm going to use lethal force to drop the guhn,5
i see something that needs attention,0
you must stop at once,1
i'm going to assist you to i'm telling you to get out of the vehicle right now,2
i'm going to use physical force to shut your fucking mouth bitch.,3
i'm forced to use lethal force to drop the weapon,5
how can i help you today?,0
i'm telling you to stop at once,1
i have to use less lethal options to stop,4
i'm telling you to stop immediately,1
what's the matter?,0
what's the matter?,0
i need to use physical restraint to no you didn't. put both hands up now!,3
i have to use deadly force to drop the guhn do you understand?,5
let me explain our force continuum,0
i want to explain force guidelines,0
i need to deploy lethal force to put the nife down,5
there might be a dangerous situation,0
What's going on whats the problem,1
"you must can you come in my kitchen please. can you close my door please, i have cats. can you close my door please. close it tight. or there will be consequences",1
what's going on?,0
I just heard it was for a shooting,1
"i need to use less lethal options to tazer deployed, do you understand?",4
please where do you guys live at without delay,1
how can i help you today?,0
i'm going to deploy less lethal force to stop,4
"i need to use less lethal options to i'm telling you, stop pollice you're gonna get tased",4
how may i help you?,0
i need to use physical force to stop banging on the door bruh,3
Have a good day.,1
i'm going to use lethal force to put the knif down,5
i have to use physical control to stop resisting,3
i noticed a potential threat,0
i'm explaining our force policy,0
i'm asking you to do you like your job? as soon as possible,1
"i'm going to use deadly force to i'm telling you, put the gun down!",5
let me review force policies,0
you need to stop now,1
i'm explaining force procedures,0
let me help you move to move,2
"Back up, Back up.",3
do you need any help?,0
i'll gently guide you to move,2
there's a potential risk here,0
please i need to get a police report. at once,1
"i'm going to use deadly force to she's choking on her own blood man, come on.",5
i'm going to use physical force to give me your arm now.,3
i'm going to physically restrain you to you're about to fucking get sprayed again if you keep kicking the window.,3
i need to use deadly force to drop the weapon,5
i see a concerning object,0
i have to deploy lethal force to drop the weapon,5
i'm going to help you to move,2
"let me assist you to i'm telling you, do not touch me.",2
i'm going to use lethal force to let me see your hands! put it down now!,5
how may i help you?,0
we need to discuss force protocols,0
we need to discuss force options,0
Are you requesting me.. or..,2
"i'm deploying less lethal force to i'm telling you, stop pollice you're gonna get tased",4
i noticed a concerning situation,0
i want to explain force guidelines,0
let's review force documentation,0
there's something concerning here,0
"i'm forced to use lethal force to no, shoot me. shoot me. i'll kill you. i'll kill you.",5
is there something i can do for you?,0
do you need assistance?,0
i'm requesting you to stop this instant,1
can i be of assistance?,0
"i'm going to deploy less lethal force to if you tase me, i'm telling you it's gonna get hot in this bitch. i'm telling you it's gonna get hot. i don't care. go ahead. 
officer: i'm gonna tase you. ",4
i'm requesting you to stop right away,1
i'm going to assist you to hey rudolph hey open the door,2
i have to use physical control to stop resisting,3
i need to deploy lethal force to put the guhn down!,5
i have to physically restrain you to 1050 foot bail foot bail foot pursuit stop stop do it now ,3
can i help you with something?,0
"i have to physically restrain you to oc, oc. get on the ground.",3
i'll assist you to move,2
what's the situation?,0
i'm forced to use deadly force to drop the weapon,5
i'm forced to use lethal force to drop the weapon,5
you need to stop right away,1
let me help you move to do not touch me.,2
"i'm going to physically restrain you to bro, kam down.",3
there might be a risk here,0
"i need to deploy less lethal measures to if you tase me, i'm telling you it's gonna get hot in this bitch. i'm telling you it's gonna get hot. i don't care. go ahead. 
officer: i'm gonna tase you. ",4
i'm going to physically restrain you to stop resisting,3
do you need any help?,0
"i'm going to gently guide you to what do you, why do you need to know this stuff?",2
we need to discuss force options,0
"i'm deploying less lethal force to i'm telling you, taser deployed",4
we're discussing force training,0
what's going on?,0
i have to use deadly force to put the nife down,5
i require you to stop or i will take action,1
can i be of assistance?,0
let me assist you to move,2
can i help you with something?,0
i need to use less lethal options to stop,4
i'm forced to restrain you to stop resisting,3
is there something i can do for you?,0
i'll assist you to move,2
i'm forced to restrain you to stop resisting,3
"i'll help you move to why man, i'm gonna comply bro, you just.",2
do you need support?,0
i want you to the traffic light is broken. or i will take action,1
i'm going to help you to move,2
"i need to use physical restraint to i'm on the ground, i'm on the ground",3
you have to stop as soon as possible,1
you need to stop at once,1
can i be of assistance?,0
i want to explain force guidelines,0
what's going on?,0
you have to stop or i will take action,1
there's a potential risk here,0
"i want you to let’s keep this simple, no need for things to get out of hand. now",1
Hey what's up man been through this once or twice huh?,1
"i'm forced to use less lethal measures to listen, you're about to get tased",4
we need to discuss force options,0
i'm forced to use deadly force to drop the weapon,5
i require you to stop immediately,1
i need to use less lethal options to climb out the window you better figure the out right now you do anything other than you're told your is going to get hit with this rubber bullet you understand,4
i see a possible risk,0
i have no choice but to use lethal force to drop the guhn,5
we need to discuss force options,0
i require you to stop or there will be consequences,1
i'm forced to use physical control to you stupid little bitch.,3
i have to physically restrain you to stop resisting,3
i'm going to use lethal force to drop the weapon,5
i'm going to gently guide you to move,2
i have to deploy lethal force to cross fire cross fire,5
what's going on?,0
let me help you move to move,2
i need to use less lethal options to stop,4
i need you to stop or i will take action,1
i need to use physical force to stop resisting,3
i'll assist you to move,2
i'm forced to use lethal force to drop the weapon,5
i'm directing you to stop right away,1
i see something suspicious,0
"i have to deploy lethal force to she's choking on her own blood man, come on.",5
i see a suspicious object,0
how may i help you?,0
i have to deploy less lethal options to stop police you're gonna get tased,4
what's the problem?,0
i'm clarifying force procedures,0
"i have to deploy less lethal options to tazer deployed, do you understand?",4
"And then I told him to drop the gun or I would shoot him, per protocol.",0
"i need to physically restrain you to he's trying to break that window, he's gonna pop it out",3
there's a potential hazard,0
i'm ordering you to the street sign is missing. right away,1
can i be of assistance?,0
what's going on here?,0
i see a weapon in the area,0
i'm going to use physical force to stop resisting,3
i'm forced to use physical control to stop resisting,3
can i be of assistance?,0
i'll gently guide you to move,2
i'm clarifying force procedures,0
i'm requesting you to the officer had to use his taser. or there will be consequences,1
what's going on?,0
i have to use physical control to turn the car off turn it off ,3
The police used force to apprehend the suspect.,1
i need to deploy lethal force to drop the weapon,5
you have to stop immediately,1
i'm going to help you to move,2
let me help you move,2
i want to explain force protocols,0
you must the street is too noisy. or i will take action,1
i want to discuss force scenarios,0
i'm forced to use physical control to stop resisting,3
i'm asking you to oh don't worry about it man. lets get that id. or i will take action,1
there might be a dangerous situation,0
how can i help you today?,0
there might be a dangerous situation,0
i'm going to guide you put your hands behind your back.,2
i'm telling you to the park is lovely this time of year. right away,1
"i'm going to gently guide you to this, this is illegal, i'm not under arrest in rockford. i'm just saying.",2
i'm going to help you to move,2
i require you to i appreciate your help. or i will take action,1
Did you just hear me? Look at me. Take off your seat belt.,2
i'm forced to use less lethal force to stop,4
what's the issue?,0
you need to stop this instant,1
i'm requesting you to stop at once,1
please stop right away,1
i need to use less lethal force to stop,4
i'll assist you to hanz behind your back now stay here,2
there's a potential hazard,0
do you need support?,0
i'm going to guide you move,2
i have to use physical control to stop resisting,3
what brings you here today?,0
let's discuss force procedures,0
you need to inside yes my work nife right now,1
i'm asking you to stop as soon as possible,1
Nobodys gonna go to jail I promise you that,1
i see something that needs attention,0
i have to use physical control to stop resisting,3
i need to use physical restraint to stop resisting,3
i'll gently guide you to i'll stand right here i'm fine.,2
i need to use deadly force to put the knif down,5
i'm asking you to can you help me with parking? or there will be consequences,1
i'm forced to use deadly force to drop the weapon,5
i noticed a potential threat,0
i have to physically control you to stop resisting,3
let me help you move,2
i'm going to use physical force to i got one white male running,3
i'm going to guide you you're being detained you're not free to leave,2
what's the matter?,0
i'm deploying less lethal force to stopp police you're gonna get tased,4
there might be a weapon nearby,0
do you need any help?,0
i see a suspicious object,0
let's discuss force procedures,0
i'm forced to use physical control to stop resisting,3
we're training on force techniques,0
there's a possible threat,0
i'm deploying less lethal force to stop pleece you're gonna get tased,4
do you need support?,0
how may i assist you?,0
what seems to be the problem?,0
what's the matter?,0
i'll gently guide you to move,2
do you need support?,0
"i have to use less lethal options to she just goes nuts, makes suicidal statements, and tries to fight with the cops all the time so.",4
i'm going to help you to no separate your feet separate your feet,2
i'm forced to use less lethal measures to stopp police you're gonna get tased,4
i'm going to use deadly force to drop the weapon,5
i want to discuss force scenarios,0
there's a potential risk here,0
you have to stop or i will take action,1
i'm going to deploy less lethal force to stop police you're gonna get tased,4
can i be of assistance?,0
i'm telling you to you're welcome. now,1
what's going on here?,0
"i'm deploying less lethal force to look, stop pollice you're gonna get tased",4
i have to use deadly force to drop the weapon,5
do you need support?,0
i'm going to gently guide you to move,2
"i'm forced to restrain you to please bro, i'm gonna get maced again, please bro",3
what seems to be the problem?,0
you have to just lean back or i will take action,1
what seems to be the problem?,0
"i'm deploying less lethal force to look, stop pollice you're gonna get tased",4
what's the problem?,0
i'm going to guide you move,2
there might be a weapon nearby,0
i'm going to use physical force to you break that and you're gonna get the whole can of pepper spray man,3
i have to deploy less lethal options to stop,4
i'm forced to restrain you to stop resisting,3
i need to deploy less lethal measures to stop,4
what's going on?,0
i'm forced to use lethal force to 999. 999. i've been shot. 999.,5
i'm deploying less lethal force to stop police you're gonna get tased,4
do you need any help?,0
i'm going to guide you move,2
there might be a threat nearby,0
we're discussing force training,0
i see a suspicious object,0
i'm going to use less lethal measures to stop,4
"i have to use deadly force to i'm telling you, drop the gun!",5
let me help you he's possibly 55 locked himself in,2
i need you to what are you doing on your phone? at once,1
there's a possible threat,0
i need to deploy lethal force to drop the gun!,5
i need to use lethal measures to drop the weapon,5
i need to deploy less lethal measures to stop,4
i'm going to gently guide you to don't have to touch me,2
What's your favorite season?,1
i have to physically restrain you to stop resisting,3
i'm telling you to what's your name? or i will take action,1
we need to discuss force options,0
how can i help you today?,0
you have to what's your favorite part of the job? now,1
i'm going to gently guide you to don't have to touch me,2
i'm going to gently guide you to move,2
i require you to stop right now,1
i'm forced to use lethal force to drop the weapon,5
there might be a weapon nearby,0
i'm forced to use less lethal force to stop,4
i'll help you move to move,2
there's something concerning here,0
what's going on?,0
i'm going to gently guide you to he's possibly 55 locked himself in,2
You're grabbing my balls sir,2
i need to deploy lethal force to drop the weapon,5
i want you to the park is lovely this time of year. right away,1
there's a potential hazard,0
let's review force policies,0
let me help you move to move,2
let me assist you to you're grabbing my balls sir,2
what's the situation?,0
i'm asking you to stop now,1
i have no choice but to use lethal force to drop the weapon,5
i'm going to use lethal force to put your hands out of the car now,5
i see a suspicious object,0
we're training on force techniques,0
"i'm going to use less lethal measures to listen, you're about to get tased",4
what's going on here?,0
we need to discuss force options,0
i'm forced to use less lethal measures to stop,4
"i'm forced to use less lethal force to look, stop pollice you're gonna get tased",4
i need to use lethal measures to drop the weapon,5
i need to deploy less lethal measures to climb out the window you better figure the out right now you do anything other than you're told your is going to get hit with this rubber bullet you understand,4
i'll assist you to move,2
i'm directing you to stop or i will take action,1
"I'm telling you, okay sit down",1
i need to use less lethal options to stop,4
you have to take care. without delay,1
i need to use less lethal options to stahp police you're gonna get tased,4
i'm requesting you to stop or i will take action,1
i see a suspicious object,0
"i'm going to deploy less lethal force to taser deployed, do you understand?",4
i'm going to use physical force to stop banging on the door bruh,3
what seems to be the problem?,0
i'm explaining force procedures,0
what seems to be the problem?,0
i'm going to help you to move,2
you must stop or there will be consequences,1
i see a weapon in the area,0
i'm ordering you to stop right away,1
i'm forced to restrain you to stop resisting,3
i want you to stop immediately,1
"i'm forced to use less lethal force to i'm telling you, tazer deployed",4
can i help you with something?,0
i see something that needs attention,0
what's happening here?,0
we need to review force protocols,0
i'm going to gently guide you to move,2
i need to use less lethal force to stop,4
i'm going to use deadly force to put the nife down,5
i'm going to assist you to move,2
"Good morning, officer.",1
we need to discuss force options,0
i need to use less lethal options to stop,4
i need to use physical force to stop resisting,3
i'm going to use deadly force to put the gunn down!,5
let me assist you to did you just hear me? look at me. take off your seat belt.,2
there might be a weapon nearby,0
"i have to deploy lethal force to i'm telling you, put the gun down!",5
"i'm forced to use lethal force to i'm telling you, drop the gunn",5
we're training on force techniques,0
i'm going to gently guide you to i'm telling you to get out of the vehicle right now,2
we were discussing the use of force policy,0
i'm going to deploy less lethal force to stop,4
i need to use physical force to shut your vehicle off turn the vehicle off throw the keys out the window,3
i want to explain force guidelines,0
"i need to use less lethal options to she just goes nuts, makes suicidal statements, and tries to fight with the cops all the time so.",4
please okay i'm going to run him through fields right now,1
i have to physically restrain you to stop banging on the door bruh,3
what's the matter?,0
there's something concerning here,0
let me review force policies,0
How do you handle stress?,1
"i need to deploy lethal force to he's following me around with a knife, i need another new unit. i need another unit.",5
what brings you here today?,0
let's review force policies,0
i need to use less lethal force to stop,4
"let me assist you to this, this is illegal, i'm not under arrest in rockford. i'm just saying.",2
See you around.,1
there might be a dangerous situation,0
i'm directing you to stop as soon as possible,1
i'm forced to use less lethal measures to stop pleece you're gonna get tased,4
"i'll help you move to ok i'm willing to listen, come on lets talk. ",2
i'm directing you to do me a favor just open these up real quick so i can see back there this instant,1
i have to deploy less lethal options to stopp police you're gonna get tased,4
i'm going to deploy less lethal force to stop,4
let me help you move to did you just hear me? look at me. take off your seat belt.,2
i'm going to help you to go ahead you can ask thank you keep the window rolled down,2
there's a potential risk here,0
i have to deploy lethal force to drop the gunn do you understand?,5
i'm going to guide you move,2
we need to discuss force options,0
i see a weapon in the area,0
i'm going to physically restrain you to stop resisting,3
what's going on here?,0
there's a potential risk here,0
The officer had to use his baton.,1
do you need assistance?,0
i'm forced to use physical control to stop resisting,3
i have to physically control you to 1050 foot bail foot bail foot pursuit stop stop do it now ,3
i need you to what's going on today? this instant,1
i'm ordering you to stop this instant,1
is everything alright?,0
i need to deploy less lethal measures to stop,4
He threatened to use force.,1
The officer had to use his taser.,1
"i'm going to use physical force to bro, kam down.",3
i need to use less lethal options to stop,4
i need to use less lethal options to stop,4
can i be of assistance?,0
i need to use deadly force to put the gun down!,5
"i have to use less lethal options to i'm telling you, tazer deployed",4
i'm explaining our force policy,0
"i have to use less lethal options to she just goes nuts, makes suicidal statements, and tries to fight with the cops all the time so.",4
"i'm forced to restrain you to oc, oc. get on the ground.",3
i'm going to guide you move,2
i require you to i lost my wallet. or i will take action,1
i need to use less lethal force to climb out the window you better figure the out right now you do anything other than you're told your is going to get hit with this rubber bullet you understand,4
i'll assist you to move,2
how can i help you today?,0
i want to talk about force options,0
i'm forced to use deadly force to drop the weapon,5
there's a potential hazard,0
let me review force policies,0
we were discussing the use of force policy,0
let's review force documentation,0
i'll help you move to move,2
i have no choice but to use lethal force to drop the weapon,5
i'm going to gently guide you to move,2
we're reviewing force documentation,0
i'll assist you to move,2
i'm ordering you to the suspect was armed with a knife. now,1
do you need support?,0
i'm going to physically restrain you to stop resisting,3
you must can you tell me where the nearest gas station is? without delay,1
there's a potential risk here,0
i'll help you move to move,2
let's review force policies,0
i see something that needs attention,0
please the street is too noisy. or there will be consequences,1
you need to do me a favor just pull up a little further immediately,1
i need to deploy lethal force to drop the weapon,5
i need to physically restrain you to stop resisting,3
i need to deploy lethal force to put the guhn down!,5
let me help you move to move,2
is everything alright?,0
we're training on force techniques,0
i want you to stop as soon as possible,1
Can you tell me where the nearest gas station is?,1
i'm going to use deadly force to grab your shirt at the top of your neck right there pull it up all the way up i need to see your waistband front and back take it off turn around stop walk back towards the sound of my voice,5
do you need any help?,0
i'm going to deploy less lethal force to stop,4
i'm forced to restrain you to 1050 foot bail foot bail foot pursuit stop stop do it now ,3
"i'm forced to use less lethal force to tazer deployed, do you understand?",4
i have to deploy lethal force to put the gunn down!,5
i'm forced to restrain you to stop resisting,3
we're training on force techniques,0
The suspect was armed with a knife.,1
we're discussing force training,0
i need to deploy lethal force to drop the weapon,5
let's review force policies,0
i want you to i got what might be that silver lexus they were looking for without delay,1
you need to stop immediately,1
how may i assist you?,0
i need to use physical force to stop resisting,3
i'm going to deploy less lethal force to stop police you're gonna get tased,4
how can i be of help?,0
i have no choice but to use lethal force to drop the weapon,5
we're training on force techniques,0
you have to stop right away,1
i'm requesting you to stop or i will take action,1
i'm telling you to stop as soon as possible,1
i require you to i lost my wallet. at once,1
i'm going to assist you to get out of my face fat boy.,2
i'm going to gently guide you to move,2
let me explain our force continuum,0
i'm ordering you to stop right away,1
you must no we were just trying to get home honestly like the car in front of us i felt like they were getting kind of close but i understand why you you know why you were concerned or there will be consequences,1
what brings you here today?,0
i noticed something concerning,0
let me clarify our force guidelines,0
i'm deploying less lethal force to stop,4
what seems to be the problem?,0
can i be of assistance?,0
what's the issue?,0
let's review force documentation,0
let me assist you to i told you exactly what i was going to do okay,2
i'm clarifying force procedures,0
i'm going to assist you to why you putting your hanz on me,2
i'm going to gently guide you to move,2
i have to physically restrain you to stop resisting,3
i'm going to deploy less lethal force to stop,4
i'm going to use lethal force to shots fired shots fired front door hes at the front door,5
i'll gently guide you to move,2
what's the problem?,0
i see a possible risk,0
please stop or i will take action,1
let me help you well i'm going to do it regardless ,2
let me help you move,2
you must i need to get a police report. this instant,1
i'm forced to use deadly force to 998. 998.,5
i'm going to help you to move,2
i need to physically restrain you to stop resisting,3
what seems to be the problem?,0
is there something i can do for you?,0
i have to physically restrain you to stop resisting,3
i have to use less lethal options to stop,4
"i have to deploy lethal force to put the gunn down!, do you understand?",5
i'm going to physically restrain you to show me 31,3
i'm going to help you to do not touch me.,2
i'm ordering you to stop as soon as possible,1
i see something that needs attention,0
i'm forced to use physical control to stop resisting,3
we need to review force protocols,0
we need to discuss force protocols,0
i'm ordering you to i appreciate your help. or i will take action,1
i'll assist you to move,2
i need to deploy less lethal measures to stop,4
i have to deploy less lethal options to taser deployed,4
i'm going to use less lethal measures to tazer deployed,4
i'm ordering you to stop right now,1
i require you to the street light is flickering. immediately,1
i'm forced to use less lethal force to stopp police you're gonna get tased,4
i'm forced to use lethal force to drop the weapon,5
i need to use physical force to stop resisting,3
what's going on?,0
i'm telling you to stop now,1
i need to use less lethal options to stop,4
999. 999. I've been shot. 999.,5
i require you to stop this instant,1
"i have to use physical control to bro, kam down.",3
how can i be of help?,0
i'll gently guide you to can you just come out so we can talk,2
i'm going to use lethal force to drop the weapon,5
i want you to stop without delay,1
i'm going to use physical force to stop resisting,3
i'm going to guide you why you putting your hands on me,2
i noticed a concerning situation,0
"i have to physically control you to watch out, spray, spray",3
i want to discuss force scenarios,0
i have to physically restrain you to stop resisting,3
i'm going to deploy less lethal force to hit him again. put your hands behind your back. hands behind your back. release em.,4
i need to use physical force to you're gonna get sprayed again,3
what's going on?,0
i'm requesting you to thanks again. as soon as possible,1
we need to discuss force protocols,0
i have to deploy less lethal options to stop,4
i need to deploy lethal force to drop the weapon,5
we need to review force protocols,0
"i'm going to assist you to i'm telling you to take off your seatbelt and step out. why don't we do this. put your hands... alright. 
",2
you need to you hear any gunshots right now,1
i'm requesting you to stop or there will be consequences,1
"i'm forced to use lethal force to put the gun down!, do you understand?",5
how may i assist you?,0
i'm forced to use lethal force to drop the weapon,5
i require you to stop immediately,1
there's a potential hazard,0
what's going on here?,0
i'll gently guide you to put your hanz behind your back.,2
i have to use less lethal options to stop,4
"i'm forced to use physical control to i'm telling you, he's running",3
i need to use deadly force to put your hanz out of the car now,5
i'm going to gently guide you to move,2
i'm going to gently guide you to can you just come out so we can talk,2
what brings you here today?,0
i require you to stop now,1
let me help you move,2
do you need assistance?,0
let's discuss force procedures,0
i'm requesting you to i'm looking for my friend. or i will take action,1
let me help you move to move,2
i'm explaining force procedures,0
i'm going to use physical force to put it in park put it in park now he's taking off ,3
"i'm going to physically restrain you to he's trying to break that window, he's gonna pop it out",3
i'm going to help you to why you putting your hands on me,2
i have to physically control you to i can't breath at all,3
i require you to stop now,1
how can i help you today?,0
i'll gently guide you to move,2
i want to explain force protocols,0
i'm forced to use less lethal measures to stop,4
i'll help you move to move,2
i'm forced to use less lethal measures to stop,4
"i'm going to use lethal force to i'm telling you, drop the gun!",5
i want to discuss force scenarios,0
i have to use deadly force to drop the weapon,5
i'm going to use lethal force to drop the weapon,5
i need to deploy less lethal measures to stop,4
can i be of assistance?,0
how can i help you today?,0
i'm forced to use deadly force to drop the weapon,5
"i'm forced to use less lethal measures to taser deployed, do you understand?",4
i'll assist you to move,2
i have to use physical control to stop resisting,3
i'm going to help you to move,2
i need to use lethal measures to put the knife down,5
there's a possible threat,0
"i'm forced to use less lethal force to tazer deployed, do you understand?",4
i want you to stop without delay,1
i'm forced to use physical control to stop resisting,3
i need to deploy less lethal measures to stop,4
"i'll help you move to ok i'm willing to listen, come on lets talk. ",2
i'm going to guide you move,2
what's going on here?,0
let me clarify our force guidelines,0
you need to do you have your license on you boss or i will take action,1
i need you to stop right now,1
there might be a weapon nearby,0
can i be of assistance?,0
you have to stop now,1
you must stop right now,1
we're training on force techniques,0
do you need support?,0
i'm going to gently guide you to move,2
i need you to do you know any good restaurants around here? or there will be consequences,1
i'm going to deploy less lethal force to stop pleece you're gonna get tased,4
i want to talk about force options,0
"i have to use physical control to bro, calm down.",3
i have to use physical control to stop resisting,3
i have no choice but to use lethal force to drop the gunn do you understand?,5
let's review force documentation,0
How do you stay safe?,1
i need to use physical restraint to stop resisting,3
let me assist you to move,2
i'll assist you to move,2
i'm going to deploy less lethal force to stopp police you're gonna get tased,4
i'll gently guide you to can you just come out so we can talk,2
how can i help you today?,0
there's a potential hazard,0
i need to use less lethal force to stahp police you're gonna get tased,4
can i be of assistance?,0
"i'm going to deploy less lethal force to taser deployed, do you understand?",4
i'm requesting you to stop right now,1
i have no choice but to use lethal force to drop the weapon,5
Nice car!,1
can i be of assistance?,0
i have to use physical control to stop resisting,3
i need to use physical restraint to stop resisting,3
i'm telling you to stop at once,1
how can i be of help?,0
i'm going to use less lethal measures to stop,4
"i require you to excuse me, officer. or there will be consequences",1
No you didn't. Put both hands up now!,3
let me assist you to move,2
let me assist you to move,2
please have a good day. now,1
i want you to stop or i will take action,1
i'm clarifying force procedures,0
you must do you like your job? now,1
i need to deploy less lethal measures to stop pleece you're gonna get tased,4
i have to physically control you to stop resisting,3
we were discussing the use of force policy,0
i have to use less lethal options to stop,4
"i'm going to use physical force to please bro, i'm gonna get maced again, please bro",3
do you need support?,0
i'm going to help you to are you requesting me.. or..,2
i require you to stop right away,1
please stop right now,1
i have to physically control you to you stupid little bitch.,3
i want you to was out of the driver's side though that shot came from the back of the car right away,1
what seems to be the problem?,0
how may i assist you?,0
i'm directing you to stop as soon as possible,1
"He's trying to break that window, he's gonna pop it out",3
what brings you here today?,0
i see something that needs attention,0
i'm going to use lethal force to drop the weapon,5
i need to use physical force to stop resisting,3
i need to use physical force to stop resisting,3
"i need to physically restrain you to bro, calm down.",3
i need to use less lethal options to stop,4
i'm going to use physical force to put your hands up put your hands up get on the curb hands up get on the curb ,3
i have to use deadly force to drop the weapon,5
what's the problem?,0
i need to use physical restraint to 1050 foot bail foot bail foot pursuit stop stop do it now ,3
i have to deploy lethal force to drop the gunn,5
what's the matter?,0
let me help you you got that arm.,2
let me help you move,2
you need to stop this instant,1
i'll gently guide you to don't have to touch me,2
what seems to be the problem?,0
i'm asking you to stop right now,1
i'm asking you to what's your favorite color? this instant,1
there's a potential problem,0
i'm requesting you to there's a suspicious person. or there will be consequences,1
"i'm going to help you to this, this is illegal, i'm not under arrest in rockford. i'm just saying.",2
i need to use physical restraint to stop resisting,3
i need to use physical force to i can't breath,3
i'm forced to use less lethal force to climb out the window you better figure the out right now you do anything other than you're told your is going to get hit with this rubber bullet you understand,4
i need to deploy less lethal measures to stop,4
"i'm deploying less lethal force to i'm telling you, stop pollice you're gonna get tased",4
there might be a weapon nearby,0
you have to stop immediately,1
do you need support?,0
how may i help you?,0
i'm going to guide you it's not ben day. i got your picture pulled up man.,2
i have to use less lethal options to climb out the window you better figure the out right now you do anything other than you're told your is going to get hit with this rubber bullet you understand,4
I love this neighborhood.,1
i need to use less lethal force to stop,4
i need you to i'm looking for my friend. or there will be consequences,1
i'm going to help you to move,2
i noticed a concerning situation,0
let me explain our force continuum,0
i have to use physical control to get his arm behind his back right now,3
i noticed a potential threat,0
i noticed something concerning,0
i'm forced to use lethal force to put it on the ground. put it on the ground.,5
i have to physically restrain you to show me 31,3
i have to use physical control to stop resisting,3
you have to this may be the vehicle they're looking for at once,1
"i need to physically restrain you to please bro, i'm gonna get maced again, please bro",3
please stop immediately,1
i'm explaining our force policy,0
i have to use deadly force to drop the weapon,5
i'm requesting you to stop without delay,1
i have to physically control you to get off my neck,3
i'm going to assist you to move,2
i'm forced to use deadly force to drop the weapon,5
what's going on?,0
please go ahead and put keys on the hood,1
how can i be of help?,0
i need to use less lethal options to stop,4
i see a weapon in the area,0
i'll help you move to move,2
you must do you know any good restaurants around here? at once,1
"i need you to we’re not here to hurt you, just comply and everything will be okay. at once",1
we're discussing force training,0
what's the matter?,0
i need to use deadly force to drop the weapon,5
is there something i can do for you?,0
i'm forced to restrain you to stop resisting,3
you have to i got all his info right here right now,1
we were discussing the use of force policy,0
i'm telling you to stop without delay,1
there might be a risk here,0
"i'm forced to use physical control to i am calm, and it's not about to be. i wanna stay calm. i wanna stay calm",3
Stop police you're gonna get TASED,4
we're reviewing force documentation,0
there might be a weapon nearby,0
i'll gently guide you to put your handz behind your back.,2
i want you to where are you from? right now,1
"i need to use less lethal options to i'm telling you, taser deployed",4
i'm going to help you to move,2
what brings you here today?,0
what's happening here?,0
there might be a threat nearby,0
i have to physically control you to you're gonna get sprayed again,3
i want to talk about force options,0
"i have to use physical control to bro, kam down.",3
i'm going to help you to am i under arrest or no?,2
put your hands up put your hands up get on the curb Hands Up Get on the curb ,3
i have to use deadly force to drop the weapon,5
i'm clarifying force procedures,0
there might be a risk here,0
i have to physically control you to put it in park put it in park now he's taking off ,3
we need to discuss force protocols,0
what's the issue?,0
i'm going to help you to move,2
"i need to use physical force to i am calm, and it's not about to be. i wanna stay calm. i wanna stay calm",3
i'm asking you to stay safe out there. immediately,1
"Please bro, I'm gonna get maced again, please bro",3
i'm going to use deadly force to drop the weapon,5
i'm forced to use physical control to i got one black male running,3
i need to use deadly force to drop the weapon,5
i need to use lethal measures to drop the weapon,5
"i need to use less lethal options to taser deployed, do you understand?",4
Where you living at?,1
i need to physically restrain you to no you didn't. put both hands up now!,3
there's a potential risk here,0
i'll help you move to hey rudolph hey open the door,2
what's the problem?,0
i need you to stop as soon as possible,1
i'm going to use deadly force to drop the weapon,5
there might be a weapon nearby,0
let me help you move to move,2
i'm going to help you to move,2
i need to use less lethal force to stopp police you're gonna get tased,4
i have to use less lethal options to stahp police you're gonna get tased,4
i'm forced to use physical control to stop resisting,3
what's the matter?,0
what's the problem?,0
let me review force policies,0
there might be a weapon nearby,0
let me assist you to handz behind your back now stay here,2
let's review force documentation,0
what's the matter?,0
i have to physically control you to stop resisting,3
i'm requesting you to stop this instant,1
i require you to the situation escalated to force. or there will be consequences,1
"i'm going to deploy less lethal force to i'm telling you, taser deployed",4
i'm going to use less lethal measures to climb out the window you better figure the out right now you do anything other than you're told your is going to get hit with this rubber bullet you understand,4
"i'm forced to use less lethal force to i'm telling you, tazer deployed",4
there might be a weapon nearby,0
let me help you move to move,2
"i'm forced to restrain you to hey tommy. last time we came here, they had us go hands on with her 3 times. so.",3
i noticed something concerning,0
Is there anything I can do?,1
i need to deploy lethal force to put the guhn down!,5
i need to deploy less lethal measures to stop police you're gonna get tased,4
there's a potential problem,0
i have to physically restrain you to stop resisting,3
i'm going to help you to move,2
i need to use physical restraint to stop resisting,3
i'm going to guide you move,2
"Look, stop pollice you're gonna get tased",4
"i have to deploy less lethal options to look, stop pollice you're gonna get tased",4
"i'm going to physically restrain you to bro, calm down.",3
what's going on?,0
do you need assistance?,0
we're discussing force training,0
let's review force policies,0
i have to use physical control to stop resisting,3
i'm forced to use lethal force to drop the guhn,5
i'm telling you to stop right away,1
let's review force policies,0
i need to use less lethal options to stop,4
i want to discuss force scenarios,0
i'm forced to use less lethal force to stop,4
please the officer had to draw his weapon. as soon as possible,1
i need to deploy lethal force to put the gunn down!,5
i want to talk about force options,0
i'm forced to use physical control to stop resisting,3
i'm forced to use less lethal force to taser deployed,4
i require you to can you help me with my car? at once,1
can i be of assistance?,0
how can i help you today?,0
i'm going to physically restrain you to stop resisting,3
i need to use physical force to you're gonna get sprayed again,3
i'll assist you to he always dodging around my questions,2
i have to use less lethal options to stop,4
Is there anything I can do?,1
please stop right away,1
"i need to use deadly force to i'm telling you, drop the gun!",5
i need to use deadly force to drop the weapon,5
"Bro, com down.",3
can i be of assistance?,0
I think I left my flashlight in the car.,0
i have to use physical control to 1050 foot bail foot bail foot pursuit stop stop do it now ,3
how may i assist you?,0
"let me help you move to why man, i'm gonna comply bro, you just.",2
i'm going to gently guide you to move,2
i'm going to assist you to move,2
i want you to stop as soon as possible,1
"i have to deploy less lethal options to i'm telling you, stop pollice you're gonna get tased",4
i need to physically restrain you to stop resisting,3
let me clarify our force guidelines,0
"i'm going to use less lethal measures to i'm telling you, taser deployed",4
i need to deploy less lethal measures to stop,4
i see a suspicious object,0
let's review force documentation,0
i'm requesting you to stop immediately,1
i'm asking you to stop right away,1
what's the matter?,0
"i have to use physical control to he's trying to break that window, he's gonna pop it out",3
i'm forced to use less lethal force to stop,4
i need to use less lethal options to stop pleece you're gonna get tased,4
i'm going to assist you to move,2
i want to explain force guidelines,0
"i need to use physical force to hey tommy. last time we came here, they had us go hands on with her 3 times. so.",3
we're training on force techniques,0
i need to deploy less lethal measures to tazer deployed,4
i have to deploy less lethal options to hit him again. put your hands behind your back. hands behind your back. release em.,4
i need to use less lethal force to stop,4
i want to explain force protocols,0
can i be of assistance?,0
i'll assist you to i told you exactly what i was going to do okay,2
what seems to be the problem?,0
i'm requesting you to i found a lost wallet. as soon as possible,1
what's going on here?,0
i need to use lethal measures to drop the weapon,5
i see a possible risk,0
i see something suspicious,0
i have to deploy less lethal options to stop,4
i need to use physical restraint to stop resisting,3
i have to use physical control to stop resisting,3
"i have to physically restrain you to back up, back up.",3
i'm deploying less lethal force to stop,4
i have to deploy less lethal options to stop,4
is there something i can do for you?,0
"i need to use physical force to back up, back up.",3
how may i help you?,0
let me help you move,2
"i have to physically control you to oc, oc. get on the ground.",3
let me assist you to move,2
i have to physically control you to i got one black male running,3
i'm forced to use less lethal force to stop,4
let me help you move to move,2
i have to use physical control to stop resisting,3
i'm going to guide you move,2
i'm asking you to stop immediately,1
i'm forced to use physical control to stop resisting,3
you must where you living at? as soon as possible,1
i'm forced to restrain you to stop resisting,3
The traffic light is broken.,1
i have to use less lethal options to stop,4
i'll assist you to now you're just detained okay,2
i'm requesting you to thank you for your help. without delay,1
"i'm forced to use less lethal force to if you tase me, i'm telling you it's gonna get hot in this bitch. i'm telling you it's gonna get hot. i don't care. go ahead. 
officer: i'm gonna tase you. ",4
i need you to stop without delay,1
i'm going to gently guide you to you got that arm.,2
i'll help you move to you got that arm.,2
i'm forced to restrain you to stop moving stop moving relax stop moving,3
we're training on force techniques,0
i have to deploy less lethal options to stop,4
let me assist you to move,2
how may i assist you?,0
i want to explain force protocols,0
i have to use less lethal options to stop,4
there's something concerning here,0
i have to use less lethal options to tazer deployed,4
i'm going to use lethal force to drop the weapon,5
i'm going to physically restrain you to show me 31,3
there might be a threat nearby,0
we were discussing the use of force policy,0
"i need to use less lethal options to listen, you're about to get tased",4
i'm going to help you to move,2
i'm going to help you to move,2
i have to use less lethal options to stop,4
can i help you with something?,0
you must stop at once,1
i'm ordering you to stop immediately,1
i'll assist you to move,2
"i'm going to use less lethal measures to look, stop pollice you're gonna get tased",4
i want to discuss force scenarios,0
i'll help you move to are you requesting me.. or..,2
i'm deploying less lethal force to stop,4
i have to use deadly force to drop the weapon,5
i'm going to use lethal force to put it on the ground. put it on the ground.,5
what's the problem?,0
let's review force policies,0
i'm going to guide you move,2
do you need any help?,0
i need to use lethal measures to i've been hit.,5
Have a good day.,1
there might be a threat nearby,0
i'm forced to use less lethal force to stop,4
i'm telling you to take care. without delay,1
we need to discuss force options,0
let me help you move to can you just come out so we can talk,2
"i'm going to gently guide you to ok i'm willing to listen, come on lets talk. ",2
i have to physically control you to you're about to fucking get sprayed again if you keep kicking the window.,3
i'm forced to use less lethal force to stop,4
do you need support?,0
let me review force policies,0
i'm asking you to where's the nearest restaurant? right now,1
i have to physically restrain you to stop resisting,3
i'm forced to use less lethal measures to stop,4
i'm forced to use less lethal measures to stopp police you're gonna get tased,4
i'm going to assist you to move,2
i'll assist you to move,2
i want to explain force protocols,0
i need to deploy less lethal measures to hit him again. put your hands behind your back. hands behind your back. release em.,4
"i'm going to use less lethal measures to she just goes nuts, makes suicidal statements, and tries to fight with the cops all the time so.",4
do you need any help?,0
i'm forced to use physical control to shut your vehicle off turn the vehicle off throw the keys out the window,3
there's a potential risk here,0
i'm ordering you to stop right now,1
i need to use deadly force to drop the weapon,5
Show me 31,3
"I'm telling you, what's going on today?",1
let me clarify our force guidelines,0
we're discussing force training,0
can i be of assistance?,0
let me review force policies,0
i'll help you move to you're being detained you're not free to leave,2
we're reviewing force documentation,0
"i'm forced to use less lethal measures to look, stop pollice you're gonna get tased",4
i'll gently guide you to move,2
i'll gently guide you to move,2
i need to deploy less lethal measures to stop,4
i have to use deadly force to drop the weapon,5
i'm asking you to stop right now,1
we need to review force protocols,0
what's the matter?,0
i have to use physical control to stop resisting,3
i need to deploy less lethal measures to taser deployed,4
i need to use less lethal force to stop,4
i have to use deadly force to drop the gunn do you understand?,5
i'm ordering you to stop right away,1
Can you help me with my car?,1
let's discuss force procedures,0
is everything alright?,0
i'm going to help you to move,2
Do you work with a partner?,1
"i'm forced to use less lethal measures to listen, you're about to get tased",4
i'm going to use physical force to stop resisting,3
i require you to stop or there will be consequences,1
i need to use less lethal options to stop,4
what's the problem?,0
do you need any help?,0
i need you to take care. this instant,1
i have to deploy less lethal options to stop,4
i'm going to use physical force to shut your fucking mouth bitch.,3
i have to physically restrain you to stop resisting,3
i have to deploy less lethal options to stop,4
"i need to use less lethal options to if you tase me, i'm telling you it's gonna get hot in this bitch. i'm telling you it's gonna get hot. i don't care. go ahead. 
officer: i'm gonna tase you. ",4
i need to use physical force to stop resisting,3
let me help you move to i'll stand right here i'm fine.,2
i'm going to help you to move,2
i'll help you move to move,2
can i be of assistance?,0
i have to deploy less lethal options to stop,4
please stop at once,1
i'm going to assist you to move,2
"i'm deploying less lethal force to she just goes nuts, makes suicidal statements, and tries to fight with the cops all the time so.",4
there's a possible threat,0
i'll help you move to that is not me. how are you gonna tell me who i am.,2
how may i assist you?,0
i'm forced to use less lethal measures to stahp police you're gonna get tased,4
i'm going to use deadly force to drop the weapon,5
"i have to use physical control to i am calm, and it's not about to be. i wanna stay calm. i wanna stay calm",3
do you need support?,0
i'm deploying less lethal force to stop,4
let's discuss force procedures,0
i need to use lethal measures to drop the weapon,5
i'm directing you to you hear any gunshots without delay,1
i want you to i heard about a shooting incident yesterday. this instant,1
"i need to use lethal measures to put the gunn down!, do you understand?",5
i noticed a potential threat,0
let me help you move to go ahead you can ask thank you keep the window rolled down,2
we need to review force protocols,0
i need to use physical restraint to stop resisting,3
i'm directing you to albuquerque pleece wake up man you all right immediately,1
what's going on here?,0
"i need to physically restrain you to he's trying to break that window, he's gonna pop it out",3
there might be a threat nearby,0
i need to use physical force to stop resisting,3
i'm going to help you to move,2
let me assist you to you're grabbing my balls sir,2
is there something i can do for you?,0
i have to physically restrain you to he's running,3
let me review force policies,0
i'm ordering you to all right why don't you guys hang out here now,1
start us another one 1040,2
"i'm going to physically restrain you to bro, kam down.",3
do you need any help?,0
what seems to be the problem?,0
i'm forced to use less lethal force to tazer deployed,4
what's the matter?,0
how may i assist you?,0
do you need any help?,0
we need to discuss force protocols,0
i need to deploy less lethal measures to stop,4
i require you to thank you for your help. or i will take action,1
we're reviewing force documentation,0
i noticed a potential threat,0
there's a potential risk here,0
i'm forced to use lethal force to drop the weapon,5
i'm forced to use less lethal measures to stop,4
i see a concerning object,0
let me help you move,2
we're discussing force training,0
let me help you move to move,2
i'm going to help you to hey rudolph hey open the door,2
i'm going to gently guide you to you're being detained you're not free to leave,2
let me review force policies,0
i need to deploy lethal force to drop the gunn,5
i'm going to assist you to move,2
i'm forced to use physical control to you sprayed that shit right in my face,3
i require you to what made you want to be an officer? without delay,1
"i need to use less lethal force to tazer deployed, do you understand?",4
how can i help you today?,0
i'm telling you to i need directions to the mall. or i will take action,1
i'm deploying less lethal force to stop,4
i'm asking you to stop right away,1
we need to discuss force protocols,0
there might be danger here,0
can i be of assistance?,0
i'm going to gently guide you to move,2
i need to use less lethal options to stop,4
i need to use lethal measures to drop the weapon,5
there might be a dangerous situation,0
i have no choice but to use lethal force to take two steps to your right walk backwards stop yeah i got him back down walk backwards,5
let me clarify our force guidelines,0
let's review force documentation,0
i noticed something suspicious,0
i'm going to use physical force to stop resisting,3
i need to physically restrain you to stop resisting,3
how can i be of help?,0
i see a concerning object,0
i'm telling you to you got an id on you? right now,1
i want to explain force guidelines,0
i have to use physical control to stop resisting,3
what brings you here today?,0
i'm going to physically restrain you to stop resisting,3
can i be of assistance?,0
i have to use less lethal options to stop,4
i'm ordering you to stop or there will be consequences,1
can i be of assistance?,0
i have to deploy less lethal options to stop,4
i need to deploy less lethal measures to stop,4
let me help you move,2
i'm deploying less lethal force to stop pleece you're gonna get tased,4
i have to deploy lethal force to let me see your hands! put it down now!,5
i'm going to guide you sit on the ground.,2
i'm going to use deadly force to drop the weapon,5
i have to use physical control to stop resisting,3
"i'm forced to use less lethal measures to i'm telling you, tazer deployed",4
there's a possible threat,0
"let me help you i'm telling you, do not touch me.",2
i have to use less lethal options to stop,4
i have to physically control you to stop resisting,3
i'm going to physically restrain you to get off my neck,3
i'm going to deploy less lethal force to stop,4
you must stop without delay,1
can i be of assistance?,0
how may i assist you?,0
i'll assist you to don't have to touch me,2
"i'm going to use less lethal measures to listen, you're about to get tased",4
i'm forced to use physical control to stop resisting,3
i need to use less lethal options to stop,4
"i'm going to assist you to i'm telling you to take off your seatbelt and step out. why don't we do this. put your hands... alright. 
",2
i need to use less lethal force to hit him again. put your hands behind your back. hands behind your back. release em.,4
let me help you move to put your hands behind your back.,2
"i need to deploy lethal force to he's following me around with a knife, i need another new unit. i need another unit.",5
i'm explaining force procedures,0
i'm going to help you to handz behind your back now stay here,2
you have to do you have a mental condition? at once,1
can i be of assistance?,0
i want to explain force protocols,0
i'm requesting you to stop as soon as possible,1
i'll help you move to move,2
i'll help you move to move,2
i'm going to use deadly force to drop the weapon,5
i want to explain force guidelines,0
Someone's dog is barking too much.,1
i'm going to deploy less lethal force to stop pleece you're gonna get tased,4
i want to discuss force scenarios,0
"let me assist you to why man, i'm gonna comply bro, you just.",2
how may i help you?,0
i want to explain force guidelines,0
i'm going to use lethal force to drop the weapon,5
i'm going to use physical force to shut your fucking mouth bitch.,3
i'm going to help you to move,2
i'm requesting you to stay safe out there. or there will be consequences,1
i need to use physical restraint to i got one white male running,3
let me assist you to hanz behind your back now stay here,2
i'm telling you to appreciate you man i'm glad you're okay immediately,1
"i have to use less lethal options to i'm telling you, tazer deployed",4
i'm deploying less lethal force to stop,4
there's a potential problem,0
"i need you to i told her, listen, we don’t want to use force, just cooperate. immediately",1
i have to use physical control to stop resisting,3
i have to use physical control to stop resisting,3
what's the problem?,0
i'll help you move to i'm telling you to get out of the vehicle right now,2
is there something i can do for you?,0
i require you to can you help me find my lost dog? now,1
i want you to can you help me with parking? or there will be consequences,1
i'm requesting you to the whole car reeks of weed right now,1
i'm going to physically restrain you to stop resisting,3
i have to deploy lethal force to drop the weapon,5
i'm forced to use less lethal force to tazer deployed,4
what's the situation?,0
i'm forced to use less lethal measures to stop,4
i have to deploy less lethal options to stop pleece you're gonna get tased,4
"Ok, is that an ankle monitor?",1
i see a weapon in the area,0
i'm going to use physical force to stop resisting,3
i'm forced to use less lethal measures to stop,4
do you need any help?,0
please stop or i will take action,1
i'll help you move to move,2
i'm forced to use lethal force to drop the weapon,5
"i'm forced to use lethal force to get your fucking face out of here, before i stab you.",5
You got any weapons on you brother? ,1
i noticed a concerning situation,0
i have to deploy less lethal options to stop,4
"i need to use lethal measures to put the guhn down!, do you understand?",5
you need to stop at once,1
i'm forced to use deadly force to drop the guhn do you understand?,5
i'm telling you to stop immediately,1
i need to physically restrain you to show me 31,3
let me assist you to sit on the ground.,2
i'll gently guide you to move,2
i need to use less lethal options to stop,4
do you need support?,0
i'll gently guide you to move,2
i need to use physical force to stop resisting,3
i'm forced to use lethal force to drop the weapon,5
"i have to physically control you to i am calm, and it's not about to be. i wanna stay calm. i wanna stay calm",3
i have to physically control you to stop resisting,3
i require you to what time does the park close? immediately,1
i have to physically control you to stop resisting,3
let me help you move,2
i noticed a concerning situation,0
i'm asking you to stop right away,1
i'm forced to use less lethal force to stop,4
we were discussing the use of force policy,0
how can i help you today?,0
what's the situation?,0
i'm going to use physical force to stop resisting,3
i noticed something suspicious,0
i'm going to physically restrain you to stop resisting,3
i need to deploy lethal force to drop the weapon,5
i'm directing you to i got all his info right here without delay,1
"i'm going to guide you why man, i'm gonna comply bro, you just.",2
there's a possible threat,0
there might be danger here,0
i see a weapon in the area,0
you have to what time is it? or i will take action,1
i'm forced to use less lethal measures to tazer deployed,4
i need to use less lethal options to stop,4
you need to i got all his info right here as soon as possible,1
"i need to use less lethal options to tazer deployed, do you understand?",4
i have to physically control you to you break that and you're gonna get the whole can of pepper spray man,3
let's review force policies,0
i'll gently guide you to put your hanz behind your back.,2
there might be a weapon nearby,0
i'm going to deploy less lethal force to stop,4
i noticed something suspicious,0
i need to use physical restraint to turn the car off turn it off ,3
i require you to you got an id on you? right now,1
"i need to use less lethal options to taser deployed, do you understand?",4
i'm explaining force procedures,0
i'm ordering you to stop this instant,1
i'm forced to restrain you to he's running,3
we need to review force protocols,0
i'm directing you to where can i park? this instant,1
i'm forced to use less lethal force to stop,4
i'm going to gently guide you to put your hanz behind your back.,2
how may i help you?,0
i'll assist you to do not touch me.,2
i want you to do me a favor just open these up real quick so i can see back there without delay,1
i have no choice but to use lethal force to drop the weapon,5
let me explain our force continuum,0
"i'm forced to use less lethal force to if you tase me, i'm telling you it's gonna get hot in this bitch. i'm telling you it's gonna get hot. i don't care. go ahead. 
officer: i'm gonna tase you. ",4
how may i help you?,0
i noticed a potential threat,0
i'm going to gently guide you to move,2
i require you to stop at once,1
"i'm forced to use less lethal measures to i'm telling you, tazer deployed",4
i'm going to assist you to you are not supposed to touch me,2
do you need any help?,0
i have to physically control you to 1050 foot bail foot bail foot pursuit stop stop do it now ,3
i'm forced to use less lethal measures to stop,4
what's going on here?,0
how may i assist you?,0
how may i help you?,0
i see a possible risk,0
how may i assist you?,0
we were discussing the use of force policy,0
what's happening here?,0
i'm requesting you to stop now,1
i need to physically restrain you to stop resisting,3
i need to use lethal measures to drop the weapon,5
i need to use lethal measures to take two steps to your right walk backwards stop yeah i got him back down walk backwards,5
let's discuss force procedures,0
i'm forced to use physical control to turn the car off turn it off ,3
what brings you here today?,0
i have to deploy lethal force to drop the weapon,5
i'm going to guide you that is not me. how are you gonna tell me who i am.,2
i want to explain force guidelines,0
let's review force documentation,0
what seems to be the problem?,0
let me assist you to it's not ben day. i got your picture pulled up man.,2
i'm forced to use less lethal measures to stop,4
i'm deploying less lethal force to stop,4
"i need to use less lethal force to if you tase me, i'm telling you it's gonna get hot in this bitch. i'm telling you it's gonna get hot. i don't care. go ahead. 
officer: i'm gonna tase you. ",4
i'm forced to use less lethal force to stop,4
let me help you i'm telling you to get out of the vehicle right now,2
i'm deploying less lethal force to stop,4
there might be a threat nearby,0
do you need assistance?,0
i'm going to assist you to did you just hear me? look at me. take off your seat belt.,2
i'm forced to restrain you to he's running,3
i'm forced to restrain you to stop resisting,3
 I didn't want you to think that there was anything concerning you know we're trying to make it home and like her mom is literally waiting for us,1
i need you to but the rest is i have the right to remain silent. or i will take action,1
i'm forced to restrain you to stop resisting,3
i require you to albuquerque pollice wake up man you all right right away,1
please how are you doing today? as soon as possible,1
i'm going to guide you move,2
i'll gently guide you to move,2
i noticed a potential threat,0
i'm deploying less lethal force to stop,4
i'm forced to restrain you to i can't breath at all,3
i need to use physical restraint to stop resisting,3
what's the situation?,0
can i help you with something?,0
i'm going to gently guide you to move,2
i'm going to gently guide you to you are not supposed to touch me,2
how may i assist you?,0
we need to discuss force protocols,0
i need to use physical force to stop resisting,3
there might be a dangerous situation,0
i'm forced to use less lethal force to taser deployed,4
i need to physically restrain you to stop resisting,3
there's something concerning here,0
i'm going to gently guide you to hanz behind your back now stay here,2
i have to deploy lethal force to 998. 998.,5
i'm forced to use less lethal measures to stop,4
i require you to stop now,1
let me help you move to move,2
i have no choice but to use lethal force to put the nife down,5
i'm asking you to stop or there will be consequences,1
i'm forced to use physical control to you're about to fucking get sprayed again if you keep kicking the window.,3
i'm forced to use less lethal measures to stop,4
"i'm forced to use lethal force to i'm telling you, drop the gunn",5
what's the problem?,0
"i'm going to use physical force to oc, oc. get on the ground.",3
how may i help you?,0
i'm telling you to how is the weather today? without delay,1
i need to use physical force to stop resisting,3
i have to physically control you to shut your fucking mouth bitch.,3
"i'm going to deploy less lethal force to listen, you're about to get tased",4
"i need to deploy less lethal measures to i'm telling you, stop pollice you're gonna get tased",4
i'm forced to use less lethal force to stop,4
"i have to use deadly force to i'm telling you, drop the guhn",5
do you need assistance?,0
what brings you here today?,0
grab your shirt at the top of your neck right there pull it up all the way up I need to see your waistband front and back take it off turn around stop walk back towards the sound of my voice,5
i'm going to use less lethal measures to stopp police you're gonna get tased,4
i need you to stop or i will take action,1
how may i help you?,0
i'm going to guide you i'm telling you to get out of the vehicle right now,2
"i'm going to deploy less lethal force to i'm telling you, stop pollice you're gonna get tased",4
i'll help you move to move,2
i'm ordering you to we're getting confirmation on that now ok? now,1
what seems to be the problem?,0
i'm going to use physical force to stop resisting,3
what's the situation?,0
"i'm deploying less lethal force to she just goes nuts, makes suicidal statements, and tries to fight with the cops all the time so.",4
i'm going to use physical force to you break that and you're gonna get the whole can of pepper spray man,3
do you need assistance?,0
we need to discuss force protocols,0
i need to use lethal measures to drop the weapon,5
you have to stop right now,1
i'm asking you to stop or i will take action,1
i want to explain force protocols,0
"i have to physically restrain you to i'm on the ground, i'm on the ground",3
you must stop or i will take action,1
what seems to be the problem?,0
let's discuss force procedures,0
getting real evasive with his answers,2
i see a weapon in the area,0
i need to physically restrain you to stop resisting,3
what's going on here?,0
i want to explain force protocols,0
what's happening here?,0
hey Rudolph hey open the door,2
i need you to stop or there will be consequences,1
let me review force policies,0
what's going on here?,0
"i'm asking you to can you come in my kitchen please. can you close my door please, i have cats. can you close my door please. close it tight. this instant",1
is there something i can do for you?,0
i'm directing you to stop at once,1
there's a potential risk here,0
i have to deploy less lethal options to stop,4
i'm forced to use lethal force to stop. stop. stop. put the gun down. put the gun down. put the,5
"i have to use less lethal options to i'm telling you, tazer deployed",4
i'm going to help you to move,2
"i have to deploy less lethal options to look, stop pollice you're gonna get tased",4
i noticed something concerning,0
i need to use lethal measures to drop the weapon,5
i have to physically restrain you to shut your vehicle off turn the vehicle off throw the keys out the window,3
i noticed something concerning,0
"i need to deploy less lethal measures to if you tase me, i'm telling you it's gonna get hot in this bitch. i'm telling you it's gonna get hot. i don't care. go ahead. 
officer: i'm gonna tase you. ",4
i'm going to help you to move,2
Take care.,1
i'm ordering you to you know take your bag off now,1
i need to physically restrain you to shut your vehicle off turn the vehicle off throw the keys out the window,3
let's review force documentation,0
i need to deploy lethal force to drop the weapon,5
i want you to stop without delay,1
what seems to be the problem?,0
"i'm going to deploy less lethal force to i'm telling you, stop pollice you're gonna get tased",4
is everything alright?,0
you must how are you doing today? as soon as possible,1
i need to use lethal measures to drop the weapon,5
i noticed something concerning,0
we need to review force protocols,0
"i'm going to assist you to i'm telling you, do not touch me.",2
let me help you move to am i under arrest or no?,2
how may i assist you?,0
i have to use physical control to stop resisting,3
i noticed something suspicious,0
i'll gently guide you to that is not me. how are you gonna tell me who i am.,2
i'll gently guide you to he's possibly 55 locked himself in,2
there's a potential hazard,0
let me help you move,2
i need to use less lethal options to stop,4
i'm forced to use physical control to stop resisting,3
i have no choice but to use lethal force to drop the gunn do you understand?,5
how can i help you today?,0
i want you to ok. do you have a doctor here? that you see? immediately,1
i'm going to gently guide you to you're grabbing my balls sir,2
i'll gently guide you to move,2
you must right man we're going to go get you in a car where it's a little bit safer okay right now,1
you need to i'll be careful. right away,1
that's why I just like pulled over,1
let's discuss force procedures,0
i'm ordering you to i lost my wallet. or there will be consequences,1
i'm forced to use deadly force to put the knif down,5
i'm going to gently guide you to hanz behind your back now stay here,2
i see a possible risk,0
i have to physically control you to stop resisting,3
what's the issue?,0
i noticed something concerning,0
i'm forced to use physical control to stop resisting,3
i'm going to use physical force to let go. give me your hand now,3
i'll gently guide you to move,2
do you need support?,0
you have to stop immediately,1
there's something concerning here,0
you need to have a nice day. now,1
"i'm going to deploy less lethal force to taser deployed, do you understand?",4
we were discussing the use of force policy,0
i'm deploying less lethal force to stop,4
i require you to stop or i will take action,1
i'm going to gently guide you to get out of my face fat boy.,2
"i need to use physical force to back up, back up.",3
i'm asking you to i'm looking for my friend. or there will be consequences,1
there's a potential risk here,0
i need to use deadly force to drop the weapon,5
we're discussing force training,0
"She started screaming at him, saying she was gonna call the cops.",0
i'm going to assist you to get out of my face fat boy.,2
i have to physically restrain you to stop resisting,3
i need to use less lethal options to stahp police you're gonna get tased,4
i have to use deadly force to put the gun down!,5
i'm forced to use deadly force to let me see your hands! put it down now!,5
can i help you with something?,0
i'll gently guide you to we have five detained right now,2
you need to stop right away,1
"i have to deploy less lethal options to taser deployed, do you understand?",4
i need to use physical restraint to stop resisting,3
what's the problem?,0
you need to do you work with a partner? or i will take action,1
i need to deploy lethal force to drop the weapon,5
how may i assist you?,0
what's the problem?,0
i require you to the situation escalated to force. without delay,1
i'm going to use lethal force to yo you shot him yo.,5
how can i help you today?,0
i noticed something suspicious,0
i need to deploy less lethal measures to stop,4
i'm forced to use less lethal force to stahp police you're gonna get tased,4
please i need directions. as soon as possible,1
can i help you with something?,0
i see a suspicious object,0
i'm telling you to hey i found the gunn all right now,1
i'll assist you to move,2
i noticed something concerning,0
i need to deploy lethal force to put the nife down,5
i'm going to physically restrain you to you sprayed that shit right in my face,3
do you need any help?,0
i'm going to deploy less lethal force to taser deployed,4
"Excuse me, officer.",1
"i'm going to deploy less lethal force to she just goes nuts, makes suicidal statements, and tries to fight with the cops all the time so.",4
you have to stop at once,1
i'm going to use deadly force to put your hands out of the car now,5
i require you to the traffic is terrible today. right away,1
let me assist you to you got that arm.,2
i'm going to use lethal force to drop the weapon,5
i'll assist you to move,2
Put the nife down,5
i'll assist you to move,2
i'll gently guide you to move,2
i have to physically restrain you to you're about to fucking get sprayed again if you keep kicking the window.,3
i see something suspicious,0
i have to physically control you to you break that and you're gonna get the whole can of pepper spray man,3
can i help you with something?,0
i have to physically control you to stop resisting,3
i'm forced to use physical control to stop resisting,3
i'm forced to use less lethal measures to tazer deployed,4
we're reviewing force documentation,0
i need to use physical restraint to you break that and you're gonna get the whole can of pepper spray man,3
"i have to deploy lethal force to i'm telling you, drop the gun!",5
what's going on here?,0
i'll help you move to no separate your feet separate your feet,2
let's review force policies,0
what seems to be the problem?,0
"let me help you move to i'm telling you to take off your seatbelt and step out. why don't we do this. put your hands... alright. 
",2
what seems to be the problem?,0
i need to use less lethal force to hit him again. put your hands behind your back. hands behind your back. release em.,4
i'm forced to use less lethal force to tazer deployed,4
let me assist you to move,2
what seems to be the problem?,0
i have to deploy less lethal options to stop police you're gonna get tased,4
how can i help you today?,0
i have to physically restrain you to stop resisting,3
let me help you move,2
please thank you for your service. or there will be consequences,1
how may i help you?,0
i'm forced to use lethal force to put the gun down!,5
"i need you to sir, put your hands up and step back. without delay",1
do you need assistance?,0
i'm going to guide you move,2
let me help you handz behind your back now stay here,2
i have to use physical control to let go. give me your hand now,3
"i need to use physical restraint to stay right there. drop a 13, drop a 13.",3
i'm going to use lethal force to drop the weapon,5
"i need to use less lethal options to i'm telling you, stop pollice you're gonna get tased",4
i see something suspicious,0
i'm forced to use physical control to let go. give me your hand now,3
i have to use less lethal options to stop pleece you're gonna get tased,4
how can i be of help?,0
i have to deploy less lethal options to stop,4
let me clarify our force guidelines,0
i need to use physical restraint to stop resisting,3
i'm explaining force procedures,0
there might be a dangerous situation,0
do you need support?,0
i'm going to use physical force to stop resisting,3
i want to discuss force scenarios,0
i want to discuss force scenarios,0
"i'll assist you to what do you, why do you need to know this stuff?",2
i require you to what happened today sirr now,1
there's a potential problem,0
we're reviewing force documentation,0
i'm going to physically restrain you to stop resisting,3
i need you to stop or there will be consequences,1
there's a potential hazard,0
i need to deploy less lethal measures to stop,4
do you need assistance?,0
let me assist you to move,2
i'm telling you to stop immediately,1
how may i help you?,0
i'm forced to use less lethal measures to tazer deployed,4
"i'm forced to use physical control to please bro, i'm gonna get maced again, please bro",3
"i have to deploy less lethal options to if you tase me, i'm telling you it's gonna get hot in this bitch. i'm telling you it's gonna get hot. i don't care. go ahead. 
officer: i'm gonna tase you. ",4
do you need support?,0
i need to use physical force to stop resisting,3
i need to use physical force to give me your arm now.,3
i have no choice but to use lethal force to yo you shot him yo.,5
i need to use less lethal force to hit him again. put your hands behind your back. hands behind your back. release em.,4
i'm requesting you to stop this instant,1
what's the situation?,0
i need to use less lethal options to stop,4
can i help you with something?,0
i need to use less lethal options to stop pleece you're gonna get tased,4
i have to deploy less lethal options to taser deployed,4
i have to physically restrain you to 1050 foot bail foot bail foot pursuit stop stop do it now ,3
"i have to use physical control to hey tommy. last time we came here, they had us go hands on with her 3 times. so.",3
Drop the guhn,5
i'm going to assist you to why you putting your hands on me,2
"i'm going to deploy less lethal force to she just goes nuts, makes suicidal statements, and tries to fight with the cops all the time so.",4
i see a possible risk,0
i'm forced to use less lethal measures to stop,4
what's the matter?,0
i'm going to use less lethal measures to stop pleece you're gonna get tased,4
is everything alright?,0
i'm going to help you to move,2
i'm forced to use lethal force to drop the weapon,5
i'm forced to use physical control to stop resisting,3
i noticed a concerning situation,0
i'm forced to use deadly force to put your hands out of the car now,5
you must stop or there will be consequences,1
there might be danger here,0
please take care. as soon as possible,1
i'm going to deploy less lethal force to taser deployed,4
i require you to what's your favorite color? without delay,1
i need to use lethal measures to drop the weapon,5
i have to physically control you to stop resisting,3
you must stop as soon as possible,1
i need to use physical restraint to stop resisting,3
we need to discuss force options,0
i'm going to guide you move,2
"i need to use physical restraint to hey tommy. last time we came here, they had us go hands on with her 3 times. so.",3
Whats your name.,1
"i'm going to use less lethal measures to i'm telling you, tazer deployed",4
"i'm going to physically restrain you to i am calm, and it's not about to be. i wanna stay calm. i wanna stay calm",3
i'm going to physically restrain you to no you didn't. put both hands up now!,3
i see a suspicious object,0
i'm directing you to i understand. without delay,1
you must i understand. immediately,1
i have to use physical control to stop resisting,3
you need to you know why why i hear gunshots all the time  this instant,1
i have to use deadly force to drop the weapon,5
What do you do for fun?,1
i'm directing you to stop now,1
i have to physically restrain you to you stupid little bitch.,3
i have to use less lethal options to stop,4
i have to deploy lethal force to drop the weapon,5
i have to deploy lethal force to drop the weapon,5
i need to use physical force to give me your arm now.,3
i'll assist you to hands behind your back now stay here,2
"let me help you move to i'm telling you, do not touch me.",2
there might be a dangerous situation,0
is there something i can do for you?,0
i'm going to use lethal force to put the gunn down!,5
i'm going to deploy less lethal force to stop,4
i'm going to use less lethal measures to climb out the window you better figure the out right now you do anything other than you're told your is going to get hit with this rubber bullet you understand,4
i need to use less lethal options to stop,4
"i have to physically restrain you to bro, kam down.",3
i need to use less lethal force to stop,4
can i help you with something?,0
i see a concerning object,0
i'm forced to use less lethal measures to stop,4
what's the problem?,0
we need to review force protocols,0
i'll help you move to move,2
handz behind your back now stay here,2
i'm going to physically restrain you to no you didn't. put both hands up now!,3
i have to deploy less lethal options to stop,4
there's a potential hazard,0
"i have to use less lethal options to look, stop pollice you're gonna get tased",4
let me help you move,2
i'm clarifying force procedures,0
is there something i can do for you?,0
i'm telling you to there was a report of excessive force. without delay,1
i'm deploying less lethal force to stop,4
i'll help you move to put your hands behind your back.,2
do you need assistance?,0
let's discuss force procedures,0
i'm asking you to stop this instant,1
i'm going to use deadly force to drop the weapon,5
is there something i can do for you?,0
we need to discuss force options,0
there might be danger here,0
i'm forced to use less lethal measures to taser deployed,4
i'm forced to restrain you to 1050 foot bail foot bail foot pursuit stop stop do it now ,3
i need to use physical force to turn the car off turn it off ,3
i see a suspicious object,0
"i'm going to use less lethal measures to i'm telling you, stop pollice you're gonna get tased",4
i want you to stop this instant,1
i'm deploying less lethal force to tazer deployed,4
i want to discuss force scenarios,0
i have no choice but to use lethal force to drop the weapon,5
let me clarify our force guidelines,0
let me clarify our force guidelines,0
i'm forced to use lethal force to put your handz out of the car now,5
let me clarify our force guidelines,0
"i'm going to physically restrain you to hey tommy. last time we came here, they had us go hands on with her 3 times. so.",3
i'm going to use deadly force to drop the weapon,5
i'm going to guide you why you putting your handz on me,2
i'm going to guide you move,2
what's the situation?,0
can i help you with something?,0
i need to use less lethal options to tazer deployed,4
what's going on?,0
let me assist you to move,2
you must stop as soon as possible,1
i'm asking you to you got an id on you? immediately,1
I lost my wallet.,1
we're discussing force training,0
i noticed something concerning,0
i'm telling you to stop now,1
i need you to stop right away,1
i'm going to use less lethal measures to stahp police you're gonna get tased,4
i'm asking you to stop or there will be consequences,1
there might be a dangerous situation,0
"i have to use deadly force to i'm telling you, put the guhn down!",5
i have to physically restrain you to stop resisting,3
you have to stop at once,1
let me assist you to he's possibly 55 locked himself in,2
what's the problem?,0
i need to use physical force to give me your arm now.,3
"i'm forced to use physical control to back up, back up.",3
i'm forced to use physical control to he's running,3
i require you to what's the most common call you get? at once,1
i'm deploying less lethal force to stop,4
let me review force policies,0
what's the matter?,0
what's the matter?,0
i have to use deadly force to put the knif down,5
i need to physically restrain you to stop moving stop moving relax stop moving,3
i'm going to assist you to move,2
The individual ran northbound past the gas station.,0
i have to physically restrain you to you sprayed that shit right in my face,3
i need to physically restrain you to stop resisting,3
i'm forced to use physical control to i got one black male running,3
i have to physically control you to he's running,3
what seems to be the problem?,0
"i'm forced to use less lethal measures to i'm telling you, stop pollice you're gonna get tased",4
