speech_turn,use_of_force_level
"She's choking on her own blood man, come on.",5
999. 999. I've been shot. 999.,5
Get his arm behind his back right now,3
You're grabbing my balls sir,2
You got that arm.,2
Give me your arm now.,3
Let go. Give me your hand now,3
"Why man, I'm gonna comply bro, you just.",2
Put the gun down!,5
Let me see your hands! Put it down now!,5
Drop the gun!,5
Drop the gun now!,5
No you didn't. Put both hands up now!,3
Put it on the ground. Put it on the ground.,5
"Get your fucking face out of here, before I stab you.",5
Get out of my face fat boy.,2
Put the knife down,5
"No, shoot me. Shoot me. I'll kill you. I'll kill you.",5
Sit on the ground.,2
Shut your fucking mouth bitch.,3
You stupid little bitch.,3
"He's following me around with a knife, I need another new unit. I need another unit.",5
998. 998.,5
Stop. Stop. Stop. Put the gun down. Put the gun down. Put the,5
"Shots fired, shots fired, shots fired.",5
"Stay right there. Drop a 13, Drop a 13.",3
"Back up, Back up.",3
Yo you shot him yo.,5
"What's up brother. Hey, how we doing?",1
Is this your truck?,1
Yes sir,1
Alright. You got your driver's license on you buddy? Where you headed?,1
I was gonna go get a hotel.,1
You got any weapons on you brother? ,1
"Ok, is that an ankle monitor?",1
Yes sir it is. And I have a GPS while I'm out on bond.,1
What are you doing on your phone?,1
Oh don't worry about it man. Lets get that ID.,1
"Uh yea, you're fine. You don't have any ID on you? Here why don't you do me a favor and take off your seatbelt and step out.",2
Did you just hear me? Look at me. Take off your seat belt.,2
Are you requesting me.. or..,2
"I'm telling you to take off your seatbelt and step out. Why don't we do this. Put your hands... alright. 
",2
I've been hit.,5
He's down he's down. Where are you hit?,5
So what happened today?,1
What happened today sir?,1
Whats your name.,1
It's not Ben Day. I got your picture pulled up man.,2
That is not me. How are you gonna tell me who I am.,2
"I am calm, and it's not about to be. I wanna stay calm. I wanna stay calm",3
If you fail to comply,3
Put your hands behind your back.,2
Do not touch me.,2
"Listen, you're about to get TASED",4
"Bro, calm down.",3
You have a warrant for your arrest.,1
"If you TASE me, I'm telling you it's gonna get hot in this bitch. I'm telling you it's gonna get hot. I don't care. Go ahead. 
Officer: I'm gonna TASE you. ",4
"OC, OC. Get on the ground.",3
Do you have a mental condition?,1
Like Schizophrenia and PTSD.,1
Ok. Do you have a doctor here? That you see?,1
"What do you, why do you need to know this stuff?",2
Is there anything on you that you shouldn't have?,1
"This, this is illegal, I'm not under arrest in Rockford. I'm just saying.",2
We're getting confirmation on that now ok?,1
But the rest is I have the right to remain silent.,1
Am I under arrest or no?,2
Hit him again. Put your hands behind your back. Hands behind your back. Release em.,4
"Hey Tommy. Last time we came here, they had us go hands on with her 3 times. So.",3
"She just goes nuts, makes suicidal statements, and tries to fight with the cops all the time so.",4
Stillwater Police. Charlene?,1
Nothing. Can you come over here please?,1
"Can you come in my kitchen please. Can you close my door please, I have cats. Can you close my door please. Close it tight.",1
I'll stand right here I'm fine.,2
What's going on today?,1
"police reason for your stop today is you were over the the 
line over here and then also you were in the bike lane coming down east any reason for that",1
no we were just trying to get home honestly like the car in front of us I felt like they were getting kind of close but I understand why you you know why you were concerned,1
that's why I just like pulled over,1
okay what was your reason for coming in here,1
 I didn't want you to think that there was anything concerning you know we're trying to make it home and like her mom is literally waiting for us,1
do you guys have IDs on you ,1
do you have your license on you boss,1
all right why don't you guys hang out here,1
okay I'm going to run him through Fields,1
the reason why I stopped him was he was like going a little bit over the bike lane coming down east and then also when we turned on to sunset here he was is over the center line going to run him real quick,1
he always dodging around my questions,2
getting real evasive with his answers,2
well I'm going to do it regardless ,2
go ahead you can ask thank you keep the window rolled down,2
hey Rudolph hey open the door,2
I told you exactly what I was going to do okay,2
I'm telling you to get out of the vehicle right now,2
start us another one 1040,2
he's possibly 55 locked himself in,2
put it in park put it in park now he's taking off ,3
1050 foot bail foot bail foot pursuit stop stop do it now ,3
TASER deployed,4
He's Cooperative,1
okay do you mind stepping out for me real quick ,1
if you shut it off real quick,1
you uh got the keys by chance we'll just put on top the car,1
please go ahead and put keys on the hood,1
don't have to touch me,2
don't yes you do you do need a woman to touch me don't touch me okay don't touch me,2
why you putting your hands on me,2
you are not supposed to touch me,2
stop moving stop moving relax stop moving,3
get off my neck,3
you know why why I hear gunshots all the time ,1
all right man well you be safe okay,1
all the guy in the red come this way too hey you in the red come this way,1
follow your buddies do me a favor guys just put what you guys got down I just want to see empty hands okay we're dispatched to a call shotter or shots fired,1
all right well the address came out right here okay so we just have to make sure ,1
you in the red shirt step over here put what you have in your hands down appreciate it thank yo,1
Albuquerque Police wake up man you all right,1
we got dispatched to shots fired going off right here,1
I didn't hear nothing,1
hands behind your back now stay here,2
don't move Knuckles together,2
we have five detained right now,2
we're investigating make sure none of you guys were the ones shooting what were you doing with that broke down car back there,1
where do you guys live at,1
you guys are good to go thank you,1
you hear any gunshots,1
do you know what your original charge was,1
that go okay probably going have to go to jail for it ,1
hey hey get up get up get up get up go,1
got shots fired by a black Durango heading eastbound on Chico,5
Durango going eastbound towards Wyoming,1
 yeah I'm good stay with him,1
was out of the driver's side though that shot came from the back of the car,1
right man we're going to go get you in a car where it's a little bit safer okay,1
we go we're going to throw them in a car just so we don't have to stand out here in the open,1
you know take your bag off,1
we'll adjust your hands for you okay,1
appreciate you man I'm glad you're okay,1
you're being detained you're not free to leave,2
put your hands up put your hands up get on the curb Hands Up Get on the curb ,3
shut your vehicle off turn the vehicle off throw the keys out the window,3
turn the car off turn it off ,3
climb out the window you better figure the out right now you do anything other than you're told your is going to get hit with this rubber bullet you understand,4
now you're just detained okay,2
grab your shirt at the top of your neck right there pull it up all the way up I need to see your waistband front and back take it off turn around stop walk back towards the sound of my voice,5
take two steps to your right walk backwards stop yeah I got him back down walk backwards,5
is there any else inside,1
inside yes my work knife,1
your work knife,1
any guns,1
no separate your feet separate your feet,2
I'm not going to lie there's a 9mm in the car,1
okay sit down,1
hey I found the gun all right,1
do you have an ID in New Mexico ,1
have you ever had contact with police before,1
we can ask him to search the bag,1
What's going on whats the problem,1
"Ok I'm willing to listen, come on lets talk. ",2
Nobodys gonna go to jail I promise you that,1
Just lean back,1
Show me 31,3
I got one black male running,3
I got one white male running,3
Don't fucking move,5
Cross fire cross fire,5
"I'm on the ground, I'm on the ground",3
Hang tight in the vehicle man,1
He's running,3
Stop police you're gonna get TASED,4
Back up back up I got cover I got cover,5
Can you just come out so we can talk,2
Shots fired shots fired front door hes at the front door,5
What you doin,1
What's your name?,1
You doing what now?,1
You got an ID on you?,1
Where's your ID?,1
Hold on we got somebody you need to talk to,1
Hey what's up man been through this once or twice huh?,1
Do me a favor just pull up a little further,1
Can you just open this up a little more?,1
Do me a favor open these windows up real quick,1
Do you have registration for the vehicle,1
Let me get that,1
What's your medical condition man,1
Do me a favor just open these up real quick so I can see back there,1
Ok so car's registered to you cool,1
Where you living at?,1
10-4 making that call now,1
I got all his info right here,1
The whole car reeks of weed,1
I just heard it was for a shooting,1
I got what might be that silver lexus they were looking for,1
It matches the description perfectly,1
This may be the vehicle they're looking for,1
What I want you to do is turn the vehicle off and step out for me,1
Stop banging on the door bruh,3
You break that and you're gonna get the whole can of pepper spray man,3
"Watch out, spray, spray",3
"He's trying to break that window, he's gonna pop it out",3
I can't breath,3
I can't breath at all,3
You sprayed that shit right in my face,3
"Please bro, I'm gonna get maced again, please bro",3
You're about to fucking get sprayed again if you keep kicking the window.,3
you're gonna get sprayed again,3
Put your hands out of the car now,5
Put your hands out of the car do it now,5
"I'm telling you, where's your id?",1
The whole car reeks of weed,1
"you know why why I hear gunshots all the time , do you understand?",1
"Ok, is that an ankle monitor? Please.",1
"Look, i got what might be that silver lexus they were looking for",1
"Look, the reason why i stopped him was he was like going a little bit over the bike lane coming down east and then also when we turned on to sunset here he was is over the center line going to run him real quick",1
please go ahead and put keys on the hood Sir.,1
"Officer, you know take your bag off",1
"Look, so what happened today?",1
Ok so car's registered to you cool Now.,1
if you shut it off real quick Please.,1
all right well the address came out right here okay so we just have to make sure  Please.,1
I got what might be that silver lexus they were looking for,1
This may be the vehicle they're looking for Ma'am.,1
"I'm telling you, okay sit down",1
that go okay probably going have to go to jail for it  Now.,1
"Officer, we'll adjust your hands for you okay",1
"Hey, where do you guys live at",1
Do you have a mental condition? Ma'am.,1
okay I'm going to run him through Fields Sir.,1
"Look, let me get that",1
"Officer, what i want you to do is turn the vehicle off and step out for me",1
Is this your truck? Now.,1
Is there anything on you that you shouldn't have? Ma'am.,1
"Albuquerque Police wake up man you all right, do you understand?",1
"Do you have a mental condition?, do you understand?",1
okay I'm going to run him through Fields Sir.,1
"Look, we're investigating make sure none of you guys were the ones shooting what were you doing with that broke down car back there",1
Hey what's up man been through this once or twice huh? Sir.,1
Can you just open this up a little more? Sir.,1
"Stillwater Police. Charlene?, do you understand?",1
"we go we're going to throw them in a car just so we don't have to stand out here in the open, do you understand?",1
What happened today sir? Please.,1
So what happened today? Ma'am.,1
"Officer, all right man well you be safe okay",1
It matches the description perfectly,1
What's going on whats the problem,1
we'll adjust your hands for you okay,1
Can you just open this up a little more? Please.,1
"Do me a favor just pull up a little further, do you understand?",1
Where you living at? Ma'am.,1
"do you have an ID in New Mexico , do you understand?",1
"Look, we got dispatched to shots fired going off right here",1
"Officer, just lean back",1
"Hey, was out of the driver's side though that shot came from the back of the car",1
Can you just open this up a little more?,1
Nobodys gonna go to jail I promise you that Now.,1
you in the red shirt step over here put what you have in your hands down appreciate it thank yo,1
"is there any else inside, do you understand?",1
if you shut it off real quick,1
no we were just trying to get home honestly like the car in front of us I felt like they were getting kind of close but I understand why you you know why you were concerned Please.,1
"Hey, like schizophrenia and ptsd.",1
"Look, you guys are good to go thank you",1
"Officer, what's going on today?",1
Hang tight in the vehicle man Please.,1
"Officer, i just heard it was for a shooting",1
Oh don't worry about it man! Lets get that ID!,1
hey hey get up get up get up get up go Now.,1
"Hey, 10-4 making that call now",1
inside yes my work knife,1
"okay I'm going to run him through Fields, do you understand?",1
"Officer, it matches the description perfectly",1
follow your buddies do me a favor guys just put what you guys got down I just want to see empty hands okay we're dispatched to a call shotter or shots fired Please.,1
"Look, is there any else inside",1
What you doin,1
Where you living at?,1
"Look, okay i'm going to run him through fields",1
Hold on we got somebody you need to talk to Ma'am.,1
"I'm telling you, hey hey get up get up get up get up go",1
"Is this your truck?, do you understand?",1
"Officer, just lean back",1
Hang tight in the vehicle man Please.,1
"Hey, your work knife",1
"Do you have a mental condition?, do you understand?",1
"Look, do me a favor open these windows up real quick",1
"Officer, ok, is that an ankle monitor?",1
"we got dispatched to shots fired going off right here, do you understand?",1
I'm not going to lie there's a 9mm in the car,1
"Hey, hey i found the gun all right",1
Oh don't worry about it man. Lets get that ID. Please.,1
"I'm telling you, can you just open this up a little more?",1
"Officer, the whole car reeks of weed",1
is there any else inside,1
Alright. You got your driver's license on you buddy? Where you headed? Sir.,1
"police reason for your stop today is you were over the the 
line over here and then also you were in the bike lane coming down east any reason for that",1
"okay sit down, do you understand?",1
"Hey, hey i found the gun all right",1
What's going on whats the problem Now.,1
Albuquerque Police wake up man you all right,1
where do you guys live at Now.,1
"Hey, do me a favor just open these up real quick so i can see back there",1
Is this your truck? Now.,1
We're getting confirmation on that now ok? Sir.,1
"I'm telling you, you have a warrant for your arrest.",1
"Officer, okay i'm going to run him through fields",1
"Officer, right man we're going to go get you in a car where it's a little bit safer okay",1
What's your name? Sir.,1
"I'm telling you, hey i found the gun all right",1
"Look, you know take your bag off",1
What's going on today? Please.,1
that go okay probably going have to go to jail for it  Ma'am.,1
"Look, i got what might be that silver lexus they were looking for",1
"Look, so what happened today?",1
So what happened today?,1
"Officer, we go we're going to throw them in a car just so we don't have to stand out here in the open",1
"Alright. You got your driver's license on you buddy? Where you headed?, do you understand?",1
"Hey,  i didn't want you to think that there was anything concerning you know we're trying to make it home and like her mom is literally waiting for us",1
"Look, ok, is that an ankle monitor?",1
Do you have registration for the vehicle Ma'am.,1
"you uh got the keys by chance we'll just put on top the car, do you understand?",1
"Hey, hang tight in the vehicle man",1
I got what might be that silver lexus they were looking for Now.,1
I got all his info right here Ma'am.,1
"Officer, i got all his info right here",1
You have a warrant for your arrest. Sir.,1
the reason why I stopped him was he was like going a little bit over the bike lane coming down east and then also when we turned on to sunset here he was is over the center line going to run him real quick Now.,1
appreciate you man I'm glad you're okay Now.,1
the reason why I stopped him was he was like going a little bit over the bike lane coming down east and then also when we turned on to sunset here he was is over the center line going to run him real quick Sir.,1
"Hey, all right man well you be safe okay",1
you know take your bag off Ma'am.,1
"I'm telling you, what i want you to do is turn the vehicle off and step out for me",1
where do you guys live at Sir.,1
Oh don't worry about it man. Lets get that ID. Ma'am.,1
hey hey get up get up get up get up go Now.,1
"Officer, the reason why i stopped him was he was like going a little bit over the bike lane coming down east and then also when we turned on to sunset here he was is over the center line going to run him real quick",1
What's your medical condition man Sir.,1
"Look, durango going eastbound towards wyoming",1
"Hey, where's your id?",1
Stillwater Police. Charlene? Please.,1
"I'm telling you, do me a favor open these windows up real quick",1
is there any else inside Please.,1
"Look, oh don't worry about it man. lets get that id.",1
Where you living at? Now.,1
"Look, you doing what now?",1
"I'm telling you,  i didn't want you to think that there was anything concerning you know we're trying to make it home and like her mom is literally waiting for us",1
"I'm telling you, is there any else inside",1
no we were just trying to get home honestly like the car in front of us I felt like they were getting kind of close but I understand why you you know why you were concerned Please.,1
"Can you come in my kitchen please. Can you close my door please, I have cats. Can you close my door please. Close it tight. Ma'am.",1
follow your buddies do me a favor guys just put what you guys got down I just want to see empty hands okay we're dispatched to a call shotter or shots fired Sir.,1
Do you have registration for the vehicle Please.,1
"Officer, do you have a mental condition?",1
"Hey, nobodys gonna go to jail i promise you that",1
Stillwater Police. Charlene? Ma'am.,1
do you have an ID in New Mexico  Ma'am.,1
"Look, where's your id?",1
But the rest is I have the right to remain silent!,1
"Ok, is that an ankle monitor? Sir.",1
"Hey, nobodys gonna go to jail i promise you that",1
Where's your ID? Now.,1
You have a warrant for your arrest. Now.,1
"Hey, where do you guys live at",1
right man we're going to go get you in a car where it's a little bit safer okay Ma'am.,1
"Look, you know take your bag off",1
Yes sir it is! And I have a GPS while I'm out on bond!,1
"Look, that go okay probably going have to go to jail for it ",1
Do me a favor just pull up a little further Please.,1
Can you just open this up a little more?,1
"I'm telling you, can you just open this up a little more?",1
"Officer, inside yes my work knife",1
we'll adjust your hands for you okay Please.,1
I didn't hear nothing Please.,1
please go ahead and put keys on the hood,1
Whats your name. Sir.,1
What's going on today?,1
the reason why I stopped him was he was like going a little bit over the bike lane coming down east and then also when we turned on to sunset here he was is over the center line going to run him real quick Sir.,1
you know take your bag off,1
Where's your ID?,1
What's going on today? Ma'am.,1
you guys are good to go thank you Ma'am.,1
"Officer, that's why i just like pulled over",1
I got all his info right here Please.,1
Hey what's up man been through this once or twice huh? Ma'am.,1
I got all his info right here Please.,1
Stillwater Police. Charlene? Please.,1
"Look, nobodys gonna go to jail i promise you that",1
we're investigating make sure none of you guys were the ones shooting what were you doing with that broke down car back there Now.,1
Just lean back Ma'am.,1
"I'm telling you, that's why i just like pulled over",1
okay do you mind stepping out for me real quick  Ma'am.,1
Stillwater Police. Charlene? Ma'am.,1
we can ask him to search the bag Ma'am.,1
It matches the description perfectly,1
"I'm telling you, do you have an id in new mexico ",1
we're investigating make sure none of you guys were the ones shooting what were you doing with that broke down car back there,1
"Ok, is that an ankle monitor? Now.",1
you uh got the keys by chance we'll just put on top the car Please.,1
It matches the description perfectly Ma'am.,1
"Is there anything on you that you shouldn't have?, do you understand?",1
Ok. Do you have a doctor here? That you see? Now.,1
"I'm telling you, we're investigating make sure none of you guys were the ones shooting what were you doing with that broke down car back there",1
Ok so car's registered to you cool,1
What happened today sir? Sir.,1
"I'm telling you, hey hey get up get up get up get up go",1
What you doin Now.,1
"Hey, we go we're going to throw them in a car just so we don't have to stand out here in the open",1
"I got all his info right here, do you understand?",1
"Hey, can you come in my kitchen please. can you close my door please, i have cats. can you close my door please. close it tight.",1
"Hey, that go okay probably going have to go to jail for it ",1
"Hey, what's your medical condition man",1
The whole car reeks of weed Please.,1
He's Cooperative Sir.,1
"Hey, please go ahead and put keys on the hood",1
Albuquerque Police wake up man you all right Ma'am.,1
It matches the description perfectly,1
"I'm telling you, like schizophrenia and ptsd.",1
"Hey, if you shut it off real quick",1
Albuquerque Police wake up man you all right Ma'am.,1
"I'm telling you, you know take your bag off",1
"Hey, we'll adjust your hands for you okay",1
"Look, the reason why i stopped him was he was like going a little bit over the bike lane coming down east and then also when we turned on to sunset here he was is over the center line going to run him real quick",1
the reason why I stopped him was he was like going a little bit over the bike lane coming down east and then also when we turned on to sunset here he was is over the center line going to run him real quick Ma'am.,1
"I'm telling you, whats your name.",1
What you doin Now.,1
I'm not going to lie there's a 9mm in the car Now.,1
"Look, it matches the description perfectly",1
"Look, we can ask him to search the bag",1
is there any else inside Please.,1
"okay sit down, do you understand?",1
"Albuquerque Police wake up man you all right, do you understand?",1
"Officer, do you have an id in new mexico ",1
"What's going on whats the problem, do you understand?",1
you in the red shirt step over here put what you have in your hands down appreciate it thank yo,1
"It matches the description perfectly, do you understand?",1
"Officer, do you have a mental condition?",1
Is there anything on you that you shouldn't have? Ma'am.,1
okay do you mind stepping out for me real quick ,1
"Look, what's going on whats the problem",1
10-4 making that call now Ma'am.,1
"I'm telling you, okay do you mind stepping out for me real quick ",1
right man we're going to go get you in a car where it's a little bit safer okay,1
"Officer, okay i'm going to run him through fields",1
"I'm telling you, where do you guys live at",1
"You doing what now?, do you understand?",1
Is there anything on you that you shouldn't have? Sir.,1
okay sit down Sir.,1
"Look, you in the red shirt step over here put what you have in your hands down appreciate it thank yo",1
"You got any weapons on you brother? , do you understand?",1
"Look, he's cooperative",1
"okay do you mind stepping out for me real quick , do you understand?",1
"Hey, your work knife",1
if you shut it off real quick,1
that go okay probably going have to go to jail for it  Please.,1
Where you living at?,1
Oh don't worry about it man! Lets get that ID!,1
"I'm telling you, what i want you to do is turn the vehicle off and step out for me",1
What's going on today?,1
"police reason for your stop today is you were over the the 
line over here and then also you were in the bike lane coming down east any reason for that Please.",1
You got any weapons on you brother?  Ma'am.,1
"Look, but the rest is i have the right to remain silent.",1
"I'm telling you, do you have registration for the vehicle",1
"Officer, right man we're going to go get you in a car where it's a little bit safer okay",1
Is there anything on you that you shouldn't have? Ma'am.,1
"Albuquerque Police wake up man you all right, do you understand?",1
"Can you just open this up a little more?, do you understand?",1
He's Cooperative Now.,1
Oh don't worry about it man. Lets get that ID. Ma'am.,1
"Look, we can ask him to search the bag",1
What's your name?,1
that go okay probably going have to go to jail for it ,1
"10-4 making that call now, do you understand?",1
"Hey, what's your medical condition man",1
"Look, he's cooperative",1
"do you guys have IDs on you , do you understand?",1
"Look, what's going on today?",1
"Look, where you living at?",1
"hey hey get up get up get up get up go, do you understand?",1
"Hey, 10-4 making that call now",1
Is there anything on you that you shouldn't have? Sir.,1
"Hey, what's going on whats the problem",1
"I'm telling you, we're investigating make sure none of you guys were the ones shooting what were you doing with that broke down car back there",1
"Hey, is there anything on you that you shouldn't have?",1
you in the red shirt step over here put what you have in your hands down appreciate it thank yo Sir.,1
Do you have registration for the vehicle Sir.,1
you guys are good to go thank you Now.,1
hey hey get up get up get up get up go,1
I was gonna go get a hotel. Ma'am.,1
"Hey, do you have registration for the vehicle",1
"Officer, you know take your bag off",1
"Hey, all right man well you be safe okay",1
You got any weapons on you brother?  Ma'am.,1
"Officer, the whole car reeks of weed",1
"I'm telling you,  yeah i'm good stay with him",1
Hang tight in the vehicle man Please.,1
Ok. Do you have a doctor here? That you see? Please.,1
"I'm telling you, ok, is that an ankle monitor?",1
"Hold on we got somebody you need to talk to, do you understand?",1
"Ok, is that an ankle monitor? Sir.",1
"okay do you mind stepping out for me real quick , do you understand?",1
"Hey, do me a favor open these windows up real quick",1
"Hold on we got somebody you need to talk to, do you understand?",1
you guys are good to go thank you Please.,1
 I didn't want you to think that there was anything concerning you know we're trying to make it home and like her mom is literally waiting for us Ma'am.,1
You have a warrant for your arrest. Ma'am.,1
"police reason for your stop today is you were over the the 
line over here and then also you were in the bike lane coming down east any reason for that Now.",1
"Officer, oh don't worry about it man. lets get that id.",1
"Hey, this may be the vehicle they're looking for",1
"Officer, like schizophrenia and ptsd.",1
What are you doing on your phone? Ma'am.,1
okay sit down Ma'am.,1
"Hey, you know why why i hear gunshots all the time ",1
Hey what's up man been through this once or twice huh? Ma'am.,1
Nothing! Can you come over here please?,1
10-4 making that call now,1
we can ask him to search the bag Please.,1
"Officer, ok. do you have a doctor here? that you see?",1
What's going on today? Ma'am.,1
inside yes my work knife Now.,1
you know take your bag off Ma'am.,1
okay I'm going to run him through Fields Ma'am.,1
"I'm telling you, we can ask him to search the bag",1
"police reason for your stop today is you were over the the 
line over here and then also you were in the bike lane coming down east any reason for that",1
But the rest is I have the right to remain silent. Ma'am.,1
Alright. You got your driver's license on you buddy? Where you headed? Please.,1
What I want you to do is turn the vehicle off and step out for me Now.,1
"Look, i got what might be that silver lexus they were looking for",1
"Look, what i want you to do is turn the vehicle off and step out for me",1
"Hey, that go okay probably going have to go to jail for it ",1
I got what might be that silver lexus they were looking for Sir.,1
"Officer, we're getting confirmation on that now ok?",1
"Look, okay do you mind stepping out for me real quick ",1
Where you living at? Ma'am.,1
do you know what your original charge was Now.,1
was out of the driver's side though that shot came from the back of the car,1
"Officer, nothing. can you come over here please?",1
"Officer, what's your name?",1
"Officer, where's your id?",1
"Look, like schizophrenia and ptsd.",1
I just heard it was for a shooting Now.,1
you guys are good to go thank you Now.,1
"hey I found the gun all right, do you understand?",1
"I'm telling you, police reason for your stop today is you were over the the 
line over here and then also you were in the bike lane coming down east any reason for that",1
do you have an ID in New Mexico  Ma'am.,1
you guys are good to go thank you Please.,1
"Hey, can you just open this up a little more?",1
"Hey, no we were just trying to get home honestly like the car in front of us i felt like they were getting kind of close but i understand why you you know why you were concerned",1
"Hey, so what happened today?",1
"Officer, was out of the driver's side though that shot came from the back of the car",1
okay I'm going to run him through Fields Ma'am.,1
please go ahead and put keys on the hood Now.,1
"Officer, what's going on today?",1
okay what was your reason for coming in here Now.,1
hey hey get up get up get up get up go,1
you in the red shirt step over here put what you have in your hands down appreciate it thank yo Ma'am.,1
"Officer, alright. you got your driver's license on you buddy? where you headed?",1
"I'm telling you, have you ever had contact with police before",1
"You got an ID on you?, do you understand?",1
we can ask him to search the bag Sir.,1
Do you have registration for the vehicle Ma'am.,1
"I'm telling you, please go ahead and put keys on the hood",1
"Officer, do you have your license on you boss",1
"Officer, stillwater police. charlene?",1
Yes sir,1
"Whats your name., do you understand?",1
"Hey, this may be the vehicle they're looking for",1
You doing what now? Sir.,1
"Officer, i didn't hear nothing",1
"I'm telling you, okay sit down",1
any guns,1
"Officer, is this your truck?",1
The whole car reeks of weed Sir.,1
What you doin,1
"Look, right man we're going to go get you in a car where it's a little bit safer okay",1
"Officer, do me a favor just open these up real quick so i can see back there",1
"What's up brother. Hey, how we doing?, do you understand?",1
 yeah I'm good stay with him,1
"Officer, all right man well you be safe okay",1
"Look, that's why i just like pulled over",1
So what happened today? Now.,1
I just heard it was for a shooting Now.,1
"have you ever had contact with police before, do you understand?",1
"Hey, ok, is that an ankle monitor?",1
Can you just open this up a little more? Sir.,1
"Hey, hold on we got somebody you need to talk to",1
"Let me get that, do you understand?",1
What you doin Please.,1
Do me a favor open these windows up real quick Please.,1
"I'm telling you, do you have a mental condition?",1
But the rest is I have the right to remain silent. Ma'am.,1
I was gonna go get a hotel!,1
"Hey, do me a favor open these windows up real quick",1
"Look, stillwater police. charlene?",1
"Look, i got all his info right here",1
"Officer,  i didn't want you to think that there was anything concerning you know we're trying to make it home and like her mom is literally waiting for us",1
if you shut it off real quick Now.,1
Hey what's up man been through this once or twice huh? Sir.,1
"Officer, i was gonna go get a hotel.",1
okay do you mind stepping out for me real quick ,1
"Look, i'm not going to lie there's a 9mm in the car",1
"We're getting confirmation on that now ok?, do you understand?",1
"was out of the driver's side though that shot came from the back of the car, do you understand?",1
Can you just open this up a little more? Please.,1
you uh got the keys by chance we'll just put on top the car,1
"Hey, is there anything on you that you shouldn't have?",1
"Hey, what i want you to do is turn the vehicle off and step out for me",1
10-4 making that call now Sir.,1
Alright! You got your driver's license on you buddy? Where you headed?,1
You got an ID on you? Sir.,1
Is this your truck? Sir.,1
"I'm telling you, you got any weapons on you brother? ",1
Let me get that Sir.,1
"I'm telling you, police reason for your stop today is you were over the the 
line over here and then also you were in the bike lane coming down east any reason for that",1
"Officer, do you have your license on you boss",1
It matches the description perfectly Now.,1
"What's up brother. Hey, how we doing? Ma'am.",1
all right well the address came out right here okay so we just have to make sure  Ma'am.,1
hey hey get up get up get up get up go Now.,1
"Hey, i got what might be that silver lexus they were looking for",1
"Look, okay sit down",1
we can ask him to search the bag,1
Ok so car's registered to you cool Now.,1
"Look, 10-4 making that call now",1
Do you have a mental condition? Now.,1
"Look, all the guy in the red come this way too hey you in the red come this way",1
Is there anything on you that you shouldn't have?,1
"Officer, you have a warrant for your arrest.",1
"Look, do me a favor just pull up a little further",1
"I'm telling you, do you have registration for the vehicle",1
"Hey, you know why why i hear gunshots all the time ",1
"Officer, what's your name?",1
"Look, is there any else inside",1
Do me a favor just pull up a little further Now.,1
"Look, you have a warrant for your arrest.",1
we go we're going to throw them in a car just so we don't have to stand out here in the open Sir.,1
"Officer, can you just open this up a little more?",1
"What's up brother. Hey, how we doing? Please.",1
"Is there anything on you that you shouldn't have?, do you understand?",1
"Officer, hey i found the gun all right",1
This may be the vehicle they're looking for Ma'am.,1
"I'm telling you, i got all his info right here",1
you guys are good to go thank you Please.,1
You doing what now?,1
hey hey get up get up get up get up go,1
"Albuquerque Police wake up man you all right, do you understand?",1
"Hey what's up man been through this once or twice huh?, do you understand?",1
okay I'm going to run him through Fields Sir.,1
"Officer, where do you guys live at",1
"I was gonna go get a hotel., do you understand?",1
I'm not going to lie there's a 9mm in the car Ma'am.,1
"What you doin, do you understand?",1
"What's up brother. Hey, how we doing? Please.",1
Just lean back Please.,1
Whats your name. Please.,1
"Officer, just lean back",1
Do you have registration for the vehicle Ma'am.,1
"Hey, hang tight in the vehicle man",1
"appreciate you man I'm glad you're okay, do you understand?",1
Alright. You got your driver's license on you buddy? Where you headed? Please.,1
that's why I just like pulled over Please.,1
Do you have registration for the vehicle,1
"Look, where you living at?",1
"What's up brother. Hey, how we doing? Now.",1
"Hey, what's your medical condition man",1
all right why don't you guys hang out here,1
"Look, nobodys gonna go to jail i promise you that",1
is there any else inside Ma'am.,1
"I'm telling you, that go okay probably going have to go to jail for it ",1
"I'm telling you, you hear any gunshots",1
"Look, whats your name.",1
please go ahead and put keys on the hood Ma'am.,1
"police reason for your stop today is you were over the the 
line over here and then also you were in the bike lane coming down east any reason for that, do you understand?",1
Whats your name. Sir.,1
I got all his info right here Ma'am.,1
"Look, nothing. can you come over here please?",1
"Hey, is this your truck?",1
"Look, do me a favor open these windows up real quick",1
You have a warrant for your arrest. Sir.,1
"Officer, you know take your bag off",1
"Officer, that's why i just like pulled over",1
Oh don't worry about it man. Lets get that ID. Please.,1
"Officer, all the guy in the red come this way too hey you in the red come this way",1
follow your buddies do me a favor guys just put what you guys got down I just want to see empty hands okay we're dispatched to a call shotter or shots fired Now.,1
any guns Ma'am.,1
"I'm telling you, can you come in my kitchen please. can you close my door please, i have cats. can you close my door please. close it tight.",1
"Officer, so what happened today?",1
"Hey, yes sir",1
we're investigating make sure none of you guys were the ones shooting what were you doing with that broke down car back there Sir.,1
all right well the address came out right here okay so we just have to make sure  Now.,1
"I'm telling you, you got an id on you?",1
is there any else inside Ma'am.,1
"I'm telling you, what's your medical condition man",1
"Look, the whole car reeks of weed",1
"You got any weapons on you brother? , do you understand?",1
"I'm telling you, what you doin",1
all right why don't you guys hang out here Please.,1
"I'm telling you, durango going eastbound towards wyoming",1
"I'm telling you, you doing what now?",1
your work knife Now.,1
Do me a favor just pull up a little further Ma'am.,1
"all right well the address came out right here okay so we just have to make sure , do you understand?",1
"I'm telling you, do you have your license on you boss",1
"hey I found the gun all right, do you understand?",1
if you shut it off real quick Sir.,1
"Look, do you know what your original charge was",1
"Look, i'm not going to lie there's a 9mm in the car",1
"okay what was your reason for coming in here, do you understand?",1
"Ok. Do you have a doctor here? That you see?, do you understand?",1
you know why why I hear gunshots all the time  Sir.,1
"Officer, do me a favor just open these up real quick so i can see back there",1
"Look, inside yes my work knife",1
What's going on whats the problem Sir.,1
What's your medical condition man Now.,1
you know why why I hear gunshots all the time  Ma'am.,1
"Look, you got an id on you?",1
we're investigating make sure none of you guys were the ones shooting what were you doing with that broke down car back there Ma'am.,1
okay what was your reason for coming in here Ma'am.,1
"Look, yes sir",1
Hey what's up man been through this once or twice huh? Sir.,1
"Hey, i didn't hear nothing",1
"Hey, you know why why i hear gunshots all the time ",1
we got dispatched to shots fired going off right here Please.,1
What's going on today? Please.,1
I got all his info right here Please.,1
please go ahead and put keys on the hood Please.,1
is there any else inside Now.,1
you know take your bag off,1
that go okay probably going have to go to jail for it ,1
"Officer, can you just open this up a little more?",1
Yes sir Now.,1
I'm not going to lie there's a 9mm in the car Please.,1
hey hey get up get up get up get up go Sir.,1
"Hey, what happened today sir?",1
"Officer, he's cooperative",1
"What's up brother. Hey, how we doing? Now.",1
What happened today sir? Ma'am.,1
okay what was your reason for coming in here Please.,1
"I'm telling you, let me get that",1
"I'm telling you, albuquerque police wake up man you all right",1
if you shut it off real quick Please.,1
do you have your license on you boss Ma'am.,1
"Officer, what's up brother. hey, how we doing?",1
Where you living at? Sir.,1
What's your medical condition man Sir.,1
have you ever had contact with police before Sir.,1
follow your buddies do me a favor guys just put what you guys got down I just want to see empty hands okay we're dispatched to a call shotter or shots fired Sir.,1
"I'm telling you, you got an id on you?",1
"Hey, you have a warrant for your arrest.",1
"Officer, but the rest is i have the right to remain silent.",1
This may be the vehicle they're looking for Ma'am.,1
This may be the vehicle they're looking for,1
"Look, albuquerque police wake up man you all right",1
You have a warrant for your arrest. Sir.,1
You got an ID on you? Ma'am.,1
"Hey, what's your medical condition man",1
"Officer, what's up brother. hey, how we doing?",1
"Officer, right man we're going to go get you in a car where it's a little bit safer okay",1
What you doin Sir.,1
was out of the driver's side though that shot came from the back of the car Now.,1
The whole car reeks of weed Now.,1
"Look, do me a favor just pull up a little further",1
"I'm telling you, have you ever had contact with police before",1
"Hey, do you have registration for the vehicle",1
"Officer, you uh got the keys by chance we'll just put on top the car",1
"Look, any guns",1
"You got an ID on you?, do you understand?",1
okay I'm going to run him through Fields Sir.,1
we'll adjust your hands for you okay Please.,1
Hey what's up man been through this once or twice huh? Now.,1
"Officer, just lean back",1
okay do you mind stepping out for me real quick  Please.,1
okay sit down Now.,1
that go okay probably going have to go to jail for it  Now.,1
We're getting confirmation on that now ok? Sir.,1
Do you have registration for the vehicle Ma'am.,1
"I'm telling you, what's up brother. hey, how we doing?",1
"Officer, 10-4 making that call now",1
"do you guys have IDs on you , do you understand?",1
"I'm telling you, like schizophrenia and ptsd.",1
"Look, okay i'm going to run him through fields",1
we got dispatched to shots fired going off right here Now.,1
"Hey, just lean back",1
that go okay probably going have to go to jail for it  Please.,1
"I didn't hear nothing, do you understand?",1
Ok. Do you have a doctor here? That you see? Now.,1
"Officer, okay i'm going to run him through fields",1
You have a warrant for your arrest. Sir.,1
we'll adjust your hands for you okay,1
The whole car reeks of weed Ma'am.,1
"I'm telling you, you guys are good to go thank you",1
"Look, please go ahead and put keys on the hood",1
What are you doing on your phone? Please.,1
Albuquerque Police wake up man you all right Please.,1
Do me a favor open these windows up real quick Ma'am.,1
 I didn't want you to think that there was anything concerning you know we're trying to make it home and like her mom is literally waiting for us Please.,1
"Officer, like schizophrenia and ptsd.",1
"Hey, yes sir",1
Do me a favor open these windows up real quick,1
"This may be the vehicle they're looking for, do you understand?",1
"I'm telling you, we'll adjust your hands for you okay",1
You got any weapons on you brother?  Please.,1
What you doin Sir.,1
"Ok, is that an ankle monitor?",1
"Officer, police reason for your stop today is you were over the the 
line over here and then also you were in the bike lane coming down east any reason for that",1
"Look, ok so car's registered to you cool",1
"Look, can you come in my kitchen please. can you close my door please, i have cats. can you close my door please. close it tight.",1
"I'm telling you, we can ask him to search the bag",1
Albuquerque Police wake up man you all right,1
"Hey, what's up brother. hey, how we doing?",1
"any guns, do you understand?",1
Do me a favor just open these up real quick so I can see back there Sir.,1
all right well the address came out right here okay so we just have to make sure  Sir.,1
"Oh don't worry about it man. Lets get that ID., do you understand?",1
inside yes my work knife Please.,1
"okay what was your reason for coming in here, do you understand?",1
"I'm telling you, police reason for your stop today is you were over the the 
line over here and then also you were in the bike lane coming down east any reason for that",1
"Look, do you have a mental condition?",1
"we're investigating make sure none of you guys were the ones shooting what were you doing with that broke down car back there, do you understand?",1
"Officer, the whole car reeks of weed",1
"Hey, what's going on today?",1
You have a warrant for your arrest. Please.,1
"Hey, what's going on whats the problem",1
"I'm telling you, was out of the driver's side though that shot came from the back of the car",1
"Hey, albuquerque police wake up man you all right",1
hey hey get up get up get up get up go,1
"Officer, we're getting confirmation on that now ok?",1
"Hey, hold on we got somebody you need to talk to",1
What's going on whats the problem,1
have you ever had contact with police before Please.,1
you in the red shirt step over here put what you have in your hands down appreciate it thank yo Ma'am.,1
"Officer, okay what was your reason for coming in here",1
your work knife Ma'am.,1
"police reason for your stop today is you were over the the 
line over here and then also you were in the bike lane coming down east any reason for that Please.",1
Do me a favor just open these up real quick so I can see back there,1
"Look, all right well the address came out right here okay so we just have to make sure ",1
was out of the driver's side though that shot came from the back of the car Now.,1
"Officer, we'll adjust your hands for you okay",1
"Hey, do you have registration for the vehicle",1
You got any weapons on you brother?  Please.,1
Hang tight in the vehicle man,1
10-4 making that call now Ma'am.,1
please go ahead and put keys on the hood Now.,1
Just lean back Please.,1
"Hey, you know why why i hear gunshots all the time ",1
appreciate you man I'm glad you're okay Sir.,1
Can you just open this up a little more? Please.,1
What's your name? Now.,1
have you ever had contact with police before Please.,1
"Officer, i was gonna go get a hotel.",1
do you have an ID in New Mexico ,1
Stillwater Police! Charlene?,1
Is this your truck? Now.,1
"We're getting confirmation on that now ok?, do you understand?",1
I'm not going to lie there's a 9mm in the car,1
"Look, yes sir it is. and i have a gps while i'm out on bond.",1
"Officer, please go ahead and put keys on the hood",1
"Hey, i just heard it was for a shooting",1
"Look, what's your medical condition man",1
"Hey, yes sir it is. and i have a gps while i'm out on bond.",1
"Hey, was out of the driver's side though that shot came from the back of the car",1
"Look, we got dispatched to shots fired going off right here",1
Yes sir it is. And I have a GPS while I'm out on bond. Please.,1
Durango going eastbound towards Wyoming Ma'am.,1
all the guy in the red come this way too hey you in the red come this way Ma'am.,1
"Hey, hey i found the gun all right",1
the reason why I stopped him was he was like going a little bit over the bike lane coming down east and then also when we turned on to sunset here he was is over the center line going to run him real quick,1
"Look, what's your name?",1
"we'll adjust your hands for you okay, do you understand?",1
Like Schizophrenia and PTSD. Please.,1
"Where's your ID?, do you understand?",1
"What's up brother. Hey, how we doing? Ma'am.",1
What are you doing on your phone?,1
you uh got the keys by chance we'll just put on top the car Now.,1
Durango going eastbound towards Wyoming Now.,1
"What's your medical condition man, do you understand?",1
"I'm telling you, we go we're going to throw them in a car just so we don't have to stand out here in the open",1
"Officer, okay i'm going to run him through fields",1
Oh don't worry about it man. Lets get that ID. Now.,1
the reason why I stopped him was he was like going a little bit over the bike lane coming down east and then also when we turned on to sunset here he was is over the center line going to run him real quick Sir.,1
"Just lean back, do you understand?",1
"I'm telling you, we go we're going to throw them in a car just so we don't have to stand out here in the open",1
Albuquerque Police wake up man you all right Sir.,1
"Just lean back, do you understand?",1
"I'm telling you, all right well the address came out right here okay so we just have to make sure ",1
"Look, all right man well you be safe okay",1
What I want you to do is turn the vehicle off and step out for me,1
Is there anything on you that you shouldn't have? Ma'am.,1
if you shut it off real quick Now.,1
"I'm telling you, hey hey get up get up get up get up go",1
"Look, where you living at?",1
"Hey, you doing what now?",1
"Hey, we'll adjust your hands for you okay",1
Can you just open this up a little more? Sir.,1
"What are you doing on your phone?, do you understand?",1
right man we're going to go get you in a car where it's a little bit safer okay,1
Yes sir it is. And I have a GPS while I'm out on bond. Please.,1
was out of the driver's side though that shot came from the back of the car Ma'am.,1
"Officer, ok so car's registered to you cool",1
"I'm telling you, the whole car reeks of weed",1
What's going on today? Please.,1
"I'm telling you, whats your name.",1
"Where you living at?, do you understand?",1
we're investigating make sure none of you guys were the ones shooting what were you doing with that broke down car back there,1
We're getting confirmation on that now ok? Now.,1
"Durango going eastbound towards Wyoming, do you understand?",1
all right well the address came out right here okay so we just have to make sure  Please.,1
do you guys have IDs on you  Please.,1
we're investigating make sure none of you guys were the ones shooting what were you doing with that broke down car back there Sir.,1
all right man well you be safe okay Please.,1
"I'm telling you, you got any weapons on you brother? ",1
no we were just trying to get home honestly like the car in front of us I felt like they were getting kind of close but I understand why you you know why you were concerned Ma'am.,1
"Officer, all right well the address came out right here okay so we just have to make sure ",1
you in the red shirt step over here put what you have in your hands down appreciate it thank yo Now.,1
"Hey, what's up brother. hey, how we doing?",1
"I'm telling you, what happened today sir?",1
"Hey, what are you doing on your phone?",1
you in the red shirt step over here put what you have in your hands down appreciate it thank yo Now.,1
"Look, do me a favor just pull up a little further",1
"Officer, hey hey get up get up get up get up go",1
we got dispatched to shots fired going off right here Sir.,1
What are you doing on your phone? Sir.,1
"Officer, do me a favor just pull up a little further",1
Is there anything on you that you shouldn't have? Ma'am.,1
if you shut it off real quick Please.,1
"Officer, okay what was your reason for coming in here",1
I was gonna go get a hotel. Please.,1
You have a warrant for your arrest!,1
"Hey, stillwater police. charlene?",1
"Look, you doing what now?",1
So what happened today? Please.,1
you guys are good to go thank you Please.,1
"Look, okay i'm going to run him through fields",1
"I'm telling you, have you ever had contact with police before",1
Nobodys gonna go to jail I promise you that,1
you uh got the keys by chance we'll just put on top the car Now.,1
"do you have your license on you boss, do you understand?",1
 yeah I'm good stay with him Now.,1
"police reason for your stop today is you were over the the 
line over here and then also you were in the bike lane coming down east any reason for that Please.",1
"Look, no we were just trying to get home honestly like the car in front of us i felt like they were getting kind of close but i understand why you you know why you were concerned",1
This may be the vehicle they're looking for Please.,1
"I'm telling you, ok. do you have a doctor here? that you see?",1
"Look, do you have a mental condition?",1
we'll adjust your hands for you okay Now.,1
that's why I just like pulled over Now.,1
Nothing. Can you come over here please? Please.,1
"Hey, you guys are good to go thank you",1
What's your name?,1
is there any else inside Please.,1
okay sit down Please.,1
"I'm telling you, do you know what your original charge was",1
you know why why I hear gunshots all the time  Sir.,1
okay sit down Now.,1
"Hey, you guys are good to go thank you",1
"Hey, do me a favor just pull up a little further",1
"Hey, so what happened today?",1
you hear any gunshots Sir.,1
"I'm telling you, albuquerque police wake up man you all right",1
"Albuquerque Police wake up man you all right, do you understand?",1
no we were just trying to get home honestly like the car in front of us I felt like they were getting kind of close but I understand why you you know why you were concerned Please.,1
follow your buddies do me a favor guys just put what you guys got down I just want to see empty hands okay we're dispatched to a call shotter or shots fired Sir.,1
"Officer, 10-4 making that call now",1
is there any else inside Now.,1
"Officer, no we were just trying to get home honestly like the car in front of us i felt like they were getting kind of close but i understand why you you know why you were concerned",1
"Look, i got all his info right here",1
"I'm telling you,  i didn't want you to think that there was anything concerning you know we're trying to make it home and like her mom is literally waiting for us",1
all right why don't you guys hang out here,1
you in the red shirt step over here put what you have in your hands down appreciate it thank yo Now.,1
the reason why I stopped him was he was like going a little bit over the bike lane coming down east and then also when we turned on to sunset here he was is over the center line going to run him real quick Please.,1
"I'm telling you, we're getting confirmation on that now ok?",1
"Ok, is that an ankle monitor?",1
"if you shut it off real quick, do you understand?",1
"Hey, what's going on today?",1
"Look, do you have registration for the vehicle",1
if you shut it off real quick Ma'am.,1
hey hey get up get up get up get up go Ma'am.,1
please go ahead and put keys on the hood,1
"Can you come in my kitchen please. Can you close my door please, I have cats. Can you close my door please. Close it tight. Now.",1
"Ok, is that an ankle monitor? Now.",1
follow your buddies do me a favor guys just put what you guys got down I just want to see empty hands okay we're dispatched to a call shotter or shots fired,1
I just heard it was for a shooting,1
you in the red shirt step over here put what you have in your hands down appreciate it thank yo Sir.,1
please go ahead and put keys on the hood Ma'am.,1
What you doin Now.,1
"police reason for your stop today is you were over the the 
line over here and then also you were in the bike lane coming down east any reason for that Now.",1
we go we're going to throw them in a car just so we don't have to stand out here in the open Now.,1
It matches the description perfectly Please.,1
Do you have a mental condition? Please.,1
we're investigating make sure none of you guys were the ones shooting what were you doing with that broke down car back there,1
 I didn't want you to think that there was anything concerning you know we're trying to make it home and like her mom is literally waiting for us Ma'am.,1
"police reason for your stop today is you were over the the 
line over here and then also you were in the bike lane coming down east any reason for that Please.",1
that go okay probably going have to go to jail for it  Please.,1
You have a warrant for your arrest. Now.,1
"Hey, i got what might be that silver lexus they were looking for",1
"Officer, that go okay probably going have to go to jail for it ",1
"I got all his info right here, do you understand?",1
"Officer, appreciate you man i'm glad you're okay",1
that's why I just like pulled over Please.,1
"Officer, i'm not going to lie there's a 9mm in the car",1
"I'm telling you, alright. you got your driver's license on you buddy? where you headed?",1
"Hey, your work knife",1
do you have your license on you boss Sir.,1
do you guys have IDs on you ,1
Like Schizophrenia and PTSD!,1
"The whole car reeks of weed, do you understand?",1
"Hey, just lean back",1
You got any weapons on you brother?  Now.,1
all right why don't you guys hang out here Please.,1
"Hey, okay what was your reason for coming in here",1
you in the red shirt step over here put what you have in your hands down appreciate it thank yo Sir.,1
"Hey, do me a favor just pull up a little further",1
"Officer, hey i found the gun all right",1
have you ever had contact with police before Sir.,1
is there any else inside Ma'am.,1
"I'm telling you, do you have a mental condition?",1
"Look, nothing. can you come over here please?",1
we're investigating make sure none of you guys were the ones shooting what were you doing with that broke down car back there Sir.,1
Albuquerque Police wake up man you all right,1
"Hey, do me a favor just open these up real quick so i can see back there",1
Durango going eastbound towards Wyoming Please.,1
"do you guys have IDs on you , do you understand?",1
"Look, you know why why i hear gunshots all the time ",1
I didn't hear nothing Now.,1
"I'm telling you, is this your truck?",1
Durango going eastbound towards Wyoming Sir.,1
Hold on we got somebody you need to talk to,1
It matches the description perfectly,1
right man we're going to go get you in a car where it's a little bit safer okay,1
I got what might be that silver lexus they were looking for Now.,1
What you doin Sir.,1
What's going on whats the problem Please.,1
"It matches the description perfectly, do you understand?",1
"police reason for your stop today is you were over the the 
line over here and then also you were in the bike lane coming down east any reason for that Now.",1
"Hey, that go okay probably going have to go to jail for it ",1
"Look, was out of the driver's side though that shot came from the back of the car",1
"Officer, right man we're going to go get you in a car where it's a little bit safer okay",1
you hear any gunshots Sir.,1
"Officer, all right man well you be safe okay",1
"Hey, you got any weapons on you brother? ",1
Do you have a mental condition? Ma'am.,1
"Look, like schizophrenia and ptsd.",1
"I'm telling you, the reason why i stopped him was he was like going a little bit over the bike lane coming down east and then also when we turned on to sunset here he was is over the center line going to run him real quick",1
"Look, follow your buddies do me a favor guys just put what you guys got down i just want to see empty hands okay we're dispatched to a call shotter or shots fired",1
 I didn't want you to think that there was anything concerning you know we're trying to make it home and like her mom is literally waiting for us Ma'am.,1
Is there anything on you that you shouldn't have? Ma'am.,1
Hold on we got somebody you need to talk to Ma'am.,1
"I just heard it was for a shooting, do you understand?",1
"Hey, what's going on whats the problem",1
Just lean back Now.,1
What's your name?,1
Where's your ID? Ma'am.,1
we'll adjust your hands for you okay Ma'am.,1
I didn't hear nothing Sir.,1
I was gonna go get a hotel!,1
"police reason for your stop today is you were over the the 
line over here and then also you were in the bike lane coming down east any reason for that Ma'am.",1
"I'm telling you, follow your buddies do me a favor guys just put what you guys got down i just want to see empty hands okay we're dispatched to a call shotter or shots fired",1
But the rest is I have the right to remain silent. Please.,1
"Hey, can you just open this up a little more?",1
You got an ID on you? Now.,1
"Look, 10-4 making that call now",1
Nothing. Can you come over here please? Now.,1
the reason why I stopped him was he was like going a little bit over the bike lane coming down east and then also when we turned on to sunset here he was is over the center line going to run him real quick Ma'am.,1
"Look, i just heard it was for a shooting",1
hey I found the gun all right Ma'am.,1
"Officer, is this your truck?",1
"Officer, do you have registration for the vehicle",1
Hold on we got somebody you need to talk to Sir.,1
"Officer, you know why why i hear gunshots all the time ",1
"I'm telling you, appreciate you man i'm glad you're okay",1
"Officer, but the rest is i have the right to remain silent.",1
"Ok, is that an ankle monitor?, do you understand?",1
please go ahead and put keys on the hood Sir.,1
you guys are good to go thank you Sir.,1
all right well the address came out right here okay so we just have to make sure  Ma'am.,1
appreciate you man I'm glad you're okay Now.,1
"I'm telling you, what's going on today?",1
He's Cooperative Sir.,1
Ok so car's registered to you cool Now.,1
"I'm telling you, i'm not going to lie there's a 9mm in the car",1
Do me a favor just pull up a little further Now.,1
"Officer, what's going on whats the problem",1
"Nobodys gonna go to jail I promise you that, do you understand?",1
we're investigating make sure none of you guys were the ones shooting what were you doing with that broke down car back there Please.,1
"Officer, is there anything on you that you shouldn't have?",1
"Officer, please go ahead and put keys on the hood",1
Albuquerque Police wake up man you all right Now.,1
no we were just trying to get home honestly like the car in front of us I felt like they were getting kind of close but I understand why you you know why you were concerned Ma'am.,1
"Officer, albuquerque police wake up man you all right",1
"Do me a favor open these windows up real quick, do you understand?",1
"Hey, the reason why i stopped him was he was like going a little bit over the bike lane coming down east and then also when we turned on to sunset here he was is over the center line going to run him real quick",1
What are you doing on your phone?,1
Do me a favor just open these up real quick so I can see back there,1
"Look, hey hey get up get up get up get up go",1
Stillwater Police. Charlene? Ma'am.,1
have you ever had contact with police before Now.,1
was out of the driver's side though that shot came from the back of the car Ma'am.,1
"Can you come in my kitchen please. Can you close my door please, I have cats. Can you close my door please. Close it tight. Please.",1
"I'm telling you, you doing what now?",1
"Stillwater Police. Charlene?, do you understand?",1
Durango going eastbound towards Wyoming Please.,1
I didn't hear nothing,1
inside yes my work knife,1
"Look, please go ahead and put keys on the hood",1
"Hey, but the rest is i have the right to remain silent.",1
I got all his info right here Sir.,1
"Officer, hang tight in the vehicle man",1
"Look, just lean back",1
It matches the description perfectly Sir.,1
 yeah I'm good stay with him Ma'am.,1
Do you have a mental condition? Sir.,1
Can you just open this up a little more? Ma'am.,1
"Look, do you have registration for the vehicle",1
"I'm telling you, all right why don't you guys hang out here",1
do you have an ID in New Mexico  Sir.,1
"Officer, hey what's up man been through this once or twice huh?",1
Durango going eastbound towards Wyoming Sir.,1
we'll adjust your hands for you okay Sir.,1
hey I found the gun all right Ma'am.,1
This may be the vehicle they're looking for Please.,1
Nothing! Can you come over here please?,1
"Do me a favor just pull up a little further, do you understand?",1
So what happened today? Now.,1
So what happened today? Sir.,1
"I'm telling you, do you guys have ids on you ",1
"It matches the description perfectly, do you understand?",1
"I'm telling you, follow your buddies do me a favor guys just put what you guys got down i just want to see empty hands okay we're dispatched to a call shotter or shots fired",1
Nobodys gonna go to jail I promise you that Now.,1
Just lean back Ma'am.,1
you in the red shirt step over here put what you have in your hands down appreciate it thank yo Sir.,1
You got an ID on you? Sir.,1
"I'm telling you, durango going eastbound towards wyoming",1
"What are you doing on your phone?, do you understand?",1
is there any else inside Sir.,1
I got all his info right here Ma'am.,1
"I'm telling you, just lean back",1
"I'm telling you, he's cooperative",1
Let me get that Now.,1
please go ahead and put keys on the hood Please.,1
Do you have registration for the vehicle Ma'am.,1
follow your buddies do me a favor guys just put what you guys got down I just want to see empty hands okay we're dispatched to a call shotter or shots fired Please.,1
"Look, we got dispatched to shots fired going off right here",1
"The whole car reeks of weed, do you understand?",1
Can you just open this up a little more? Sir.,1
"Hey, the reason why i stopped him was he was like going a little bit over the bike lane coming down east and then also when we turned on to sunset here he was is over the center line going to run him real quick",1
we can ask him to search the bag Ma'am.,1
"Look, where do you guys live at",1
Nobodys gonna go to jail I promise you that Now.,1
"But the rest is I have the right to remain silent., do you understand?",1
"I'm telling you, that's why i just like pulled over",1
What's going on whats the problem,1
Do me a favor just open these up real quick so I can see back there Now.,1
"The whole car reeks of weed, do you understand?",1
we go we're going to throw them in a car just so we don't have to stand out here in the open Sir.,1
okay do you mind stepping out for me real quick  Please.,1
Like Schizophrenia and PTSD. Please.,1
"Look, hey what's up man been through this once or twice huh?",1
"Look, hang tight in the vehicle man",1
we can ask him to search the bag Please.,1
you uh got the keys by chance we'll just put on top the car,1
appreciate you man I'm glad you're okay,1
Let me get that Sir.,1
"Look, hold on we got somebody you need to talk to",1
"do you guys have IDs on you , do you understand?",1
"Officer, that's why i just like pulled over",1
"Look, where you living at?",1
we got dispatched to shots fired going off right here,1
"Hey, whats your name.",1
"Officer, just lean back",1
"Hey, you know why why i hear gunshots all the time ",1
"Officer, whats your name.",1
"Do you have registration for the vehicle, do you understand?",1
"do you have an ID in New Mexico , do you understand?",1
"okay what was your reason for coming in here, do you understand?",1
you know take your bag off Please.,1
hey I found the gun all right Now.,1
"we go we're going to throw them in a car just so we don't have to stand out here in the open, do you understand?",1
Stillwater Police! Charlene?,1
"okay I'm going to run him through Fields, do you understand?",1
"Officer, where do you guys live at",1
that go okay probably going have to go to jail for it  Sir.,1
"Nothing. Can you come over here please?, do you understand?",1
"Ok, is that an ankle monitor? Sir.",1
"I'm telling you, where you living at?",1
we can ask him to search the bag Ma'am.,1
Do me a favor just pull up a little further Please.,1
all right well the address came out right here okay so we just have to make sure ,1
"Hey, you doing what now?",1
"Look, i just heard it was for a shooting",1
"I'm telling you, okay i'm going to run him through fields",1
"Look, you guys are good to go thank you",1
"I'm telling you,  i didn't want you to think that there was anything concerning you know we're trying to make it home and like her mom is literally waiting for us",1
Ok. Do you have a doctor here? That you see? Please.,1
"Hey, we got dispatched to shots fired going off right here",1
What you doin Ma'am.,1
"Officer, hang tight in the vehicle man",1
"Look, you know why why i hear gunshots all the time ",1
"I'm telling you, can you just open this up a little more?",1
we can ask him to search the bag Please.,1
you know why why I hear gunshots all the time  Now.,1
"I'm telling you, all right well the address came out right here okay so we just have to make sure ",1
"was out of the driver's side though that shot came from the back of the car, do you understand?",1
"Look, you uh got the keys by chance we'll just put on top the car",1
The whole car reeks of weed Ma'am.,1
"Officer, is there any else inside",1
please go ahead and put keys on the hood,1
okay sit down Sir.,1
"Officer, hey hey get up get up get up get up go",1
"Hey, 10-4 making that call now",1
"no we were just trying to get home honestly like the car in front of us I felt like they were getting kind of close but I understand why you you know why you were concerned, do you understand?",1
"Look, we're investigating make sure none of you guys were the ones shooting what were you doing with that broke down car back there",1
Where's your ID? Sir.,1
"I'm telling you, durango going eastbound towards wyoming",1
"I'm telling you,  i didn't want you to think that there was anything concerning you know we're trying to make it home and like her mom is literally waiting for us",1
"Hey, sit on the ground.",2
You're grabbing my balls sir,2
"I'll stand right here I'm fine., do you understand?",2
Did you just hear me? Look at me. Take off your seat belt. Now.,2
why you putting your hands on me Please.,2
"What do you, why do you need to know this stuff?",2
"I'm telling you, you're grabbing my balls sir",2
why you putting your hands on me Now.,2
why you putting your hands on me,2
"Hey, it's not ben day. i got your picture pulled up man.",2
"Am I under arrest or no?, do you understand?",2
don't yes you do you do need a woman to touch me don't touch me okay don't touch me Please.,2
he's possibly 55 locked himself in,2
don't yes you do you do need a woman to touch me don't touch me okay don't touch me Now.,2
"I'm telling you, get out of my face fat boy.",2
we have five detained right now,2
"I'm telling you to get out of the vehicle right now, do you understand?",2
well I'm going to do it regardless  Ma'am.,2
hands behind your back now stay here,2
Am I under arrest or no? Ma'am.,2
"Hey, are you requesting me.. or..",2
"Ok I'm willing to listen, come on lets talk.  Ma'am.",2
It's not Ben Day. I got your picture pulled up man. Please.,2
no separate your feet separate your feet,2
"Hey, go ahead you can ask thank you keep the window rolled down",2
"I'm telling you, did you just hear me? look at me. take off your seat belt.",2
Put your hands behind your back. Now.,2
"I'm telling you, ok i'm willing to listen, come on lets talk. ",2
I told you exactly what I was going to do okay Ma'am.,2
he's possibly 55 locked himself in Sir.,2
now you're just detained okay,2
hey Rudolph hey open the door Ma'am.,2
Do not touch me!,2
I'll stand right here I'm fine. Sir.,2
"Officer, don't move knuckles together",2
Am I under arrest or no? Ma'am.,2
"Look, are you requesting me.. or..",2
you are not supposed to touch me Ma'am.,2
"Officer, start us another one 1040",2
"I'm telling you, why you putting your hands on me",2
"I'm telling you, getting real evasive with his answers",2
don't have to touch me,2
"What do you, why do you need to know this stuff?",2
don't yes you do you do need a woman to touch me don't touch me okay don't touch me,2
"I'm telling you, do not touch me.",2
you're being detained you're not free to leave Please.,2
"Look, am i under arrest or no?",2
"Hey, i'm telling you to take off your seatbelt and step out. why don't we do this. put your hands... alright. 
",2
Can you just come out so we can talk,2
"I'm telling you, you're being detained you're not free to leave",2
"I'm telling you, are you requesting me.. or..",2
"Officer, did you just hear me? look at me. take off your seat belt.",2
Get out of my face fat boy. Sir.,2
"Hey, you are not supposed to touch me",2
no separate your feet separate your feet Please.,2
"you are not supposed to touch me, do you understand?",2
you are not supposed to touch me Sir.,2
don't move Knuckles together Ma'am.,2
"Look, you're being detained you're not free to leave",2
don't yes you do you do need a woman to touch me don't touch me okay don't touch me,2
"Look, well i'm going to do it regardless ",2
no separate your feet separate your feet,2
"I'm telling you, i'll stand right here i'm fine.",2
you're being detained you're not free to leave,2
you are not supposed to touch me Sir.,2
Do not touch me. Please.,2
"start us another one 1040, do you understand?",2
"Hey, well i'm going to do it regardless ",2
"Officer, i'll stand right here i'm fine.",2
"Look, don't have to touch me",2
"Officer, he always dodging around my questions",2
"Officer, are you requesting me.. or..",2
"you're being detained you're not free to leave, do you understand?",2
don't have to touch me Now.,2
"This, this is illegal, I'm not under arrest in Rockford. I'm just saying., do you understand?",2
"Look, i told you exactly what i was going to do okay",2
"Officer, uh yea, you're fine. you don't have any id on you? here why don't you do me a favor and take off your seatbelt and step out.",2
you're being detained you're not free to leave,2
"I'll stand right here I'm fine., do you understand?",2
"I'm telling you to take off your seatbelt and step out! Why don't we do this! Put your hands!!! alright! 
",2
why you putting your hands on me Sir.,2
"Officer, what do you, why do you need to know this stuff?",2
hey Rudolph hey open the door Please.,2
"Did you just hear me? Look at me. Take off your seat belt., do you understand?",2
"I'm telling you, you are not supposed to touch me",2
"Why man, I'm gonna comply bro, you just. Now.",2
"I'm telling you, ok i'm willing to listen, come on lets talk. ",2
start us another one 1040 Ma'am.,2
You're grabbing my balls sir,2
"I'm telling you, am i under arrest or no?",2
don't have to touch me Ma'am.,2
"Look, go ahead you can ask thank you keep the window rolled down",2
"I'm telling you, this, this is illegal, i'm not under arrest in rockford. i'm just saying.",2
"Can you just come out so we can talk, do you understand?",2
he's possibly 55 locked himself in Ma'am.,2
well I'm going to do it regardless  Ma'am.,2
"Look, what do you, why do you need to know this stuff?",2
Put your hands behind your back. Please.,2
"I'm telling you, i'm telling you to get out of the vehicle right now",2
Get out of my face fat boy. Now.,2
he always dodging around my questions Now.,2
he always dodging around my questions Ma'am.,2
don't move Knuckles together Please.,2
hey Rudolph hey open the door Sir.,2
he always dodging around my questions Please.,2
You got that arm. Ma'am.,2
"I'm telling you, go ahead you can ask thank you keep the window rolled down",2
"Ok I'm willing to listen, come on lets talk.  Now.",2
"we have five detained right now, do you understand?",2
"Officer, i told you exactly what i was going to do okay",2
"What do you, why do you need to know this stuff? Ma'am.",2
go ahead you can ask thank you keep the window rolled down Now.,2
I'll stand right here I'm fine!,2
It's not Ben Day. I got your picture pulled up man. Now.,2
"I'm telling you to take off your seatbelt and step out. Why don't we do this. Put your hands... alright. 
 Now.",2
I told you exactly what I was going to do okay Ma'am.,2
start us another one 1040,2
"Officer, don't have to touch me",2
"Hey, do not touch me.",2
why you putting your hands on me,2
no separate your feet separate your feet Sir.,2
Are you requesting me.. or.. Sir.,2
he always dodging around my questions,2
"Officer, now you're just detained okay",2
"Look, don't move knuckles together",2
"This, this is illegal, I'm not under arrest in Rockford. I'm just saying., do you understand?",2
"Did you just hear me? Look at me. Take off your seat belt., do you understand?",2
start us another one 1040,2
we have five detained right now Sir.,2
You got that arm. Now.,2
"I'm telling you, start us another one 1040",2
no separate your feet separate your feet Now.,2
now you're just detained okay Ma'am.,2
you're being detained you're not free to leave Ma'am.,2
you're being detained you're not free to leave Sir.,2
You got that arm. Now.,2
no separate your feet separate your feet,2
"Look, can you just come out so we can talk",2
"What do you, why do you need to know this stuff? Please.",2
"Do not touch me., do you understand?",2
Sit on the ground. Ma'am.,2
go ahead you can ask thank you keep the window rolled down,2
"Officer, ok i'm willing to listen, come on lets talk. ",2
"Officer, we have five detained right now",2
don't have to touch me Now.,2
you are not supposed to touch me,2
"Officer, you're grabbing my balls sir",2
he always dodging around my questions,2
"Look, it's not ben day. i got your picture pulled up man.",2
you are not supposed to touch me Ma'am.,2
"you're being detained you're not free to leave, do you understand?",2
Do not touch me!,2
"I'm telling you to take off your seatbelt and step out. Why don't we do this. Put your hands... alright. 
 Ma'am.",2
"You're grabbing my balls sir, do you understand?",2
we have five detained right now Now.,2
"Hey, can you just come out so we can talk",2
now you're just detained okay Sir.,2
Get out of my face fat boy. Please.,2
now you're just detained okay Sir.,2
why you putting your hands on me Now.,2
"Uh yea, you're fine. You don't have any ID on you? Here why don't you do me a favor and take off your seatbelt and step out. Sir.",2
"Uh yea, you're fine. You don't have any ID on you? Here why don't you do me a favor and take off your seatbelt and step out. Sir.",2
"Uh yea, you're fine. You don't have any ID on you? Here why don't you do me a favor and take off your seatbelt and step out. Please.",2
he's possibly 55 locked himself in Ma'am.,2
Are you requesting me!! or!!,2
"You got that arm., do you understand?",2
"What do you, why do you need to know this stuff?, do you understand?",2
you're being detained you're not free to leave Sir.,2
start us another one 1040 Ma'am.,2
"Ok I'm willing to listen, come on lets talk. , do you understand?",2
"I'm telling you, why you putting your hands on me",2
now you're just detained okay,2
"I'm telling you, you're grabbing my balls sir",2
"Hey, i'm telling you to take off your seatbelt and step out. why don't we do this. put your hands... alright. 
",2
"Hey, getting real evasive with his answers",2
"I'm telling you, do not touch me.",2
you're being detained you're not free to leave Sir.,2
"Why man, I'm gonna comply bro, you just. Ma'am.",2
start us another one 1040 Now.,2
You're grabbing my balls sir Now.,2
"don't move Knuckles together, do you understand?",2
go ahead you can ask thank you keep the window rolled down Ma'am.,2
he always dodging around my questions,2
"Ok I'm willing to listen, come on lets talk. , do you understand?",2
"I'm telling you, don't move knuckles together",2
Do not touch me. Please.,2
"Hey, don't have to touch me",2
"Look, why man, i'm gonna comply bro, you just.",2
I'll stand right here I'm fine!,2
Put your hands behind your back. Now.,2
"Why man, I'm gonna comply bro, you just!",2
"Get out of my face fat boy., do you understand?",2
It's not Ben Day. I got your picture pulled up man. Ma'am.,2
"I'm telling you, did you just hear me? look at me. take off your seat belt.",2
"Look, you got that arm.",2
he always dodging around my questions Sir.,2
don't yes you do you do need a woman to touch me don't touch me okay don't touch me Ma'am.,2
"Hey, what do you, why do you need to know this stuff?",2
I'm telling you to get out of the vehicle right now Sir.,2
"Officer, he's possibly 55 locked himself in",2
"Officer, no separate your feet separate your feet",2
start us another one 1040 Now.,2
"I'm telling you, getting real evasive with his answers",2
Can you just come out so we can talk,2
Put your hands behind your back. Ma'am.,2
you are not supposed to touch me,2
"Why man, I'm gonna comply bro, you just. Now.",2
"Look, start us another one 1040",2
don't have to touch me Sir.,2
don't yes you do you do need a woman to touch me don't touch me okay don't touch me Now.,2
now you're just detained okay Sir.,2
don't move Knuckles together Sir.,2
"Officer, getting real evasive with his answers",2
"he's possibly 55 locked himself in, do you understand?",2
now you're just detained okay Sir.,2
"Officer, what do you, why do you need to know this stuff?",2
"I'm telling you, he's possibly 55 locked himself in",2
You're grabbing my balls sir Sir.,2
"Why man, I'm gonna comply bro, you just. Now.",2
"hands behind your back now stay here, do you understand?",2
That is not me. How are you gonna tell me who I am. Ma'am.,2
"Hey, i'm telling you to get out of the vehicle right now",2
Sit on the ground. Sir.,2
That is not me. How are you gonna tell me who I am. Now.,2
It's not Ben Day. I got your picture pulled up man. Now.,2
I'm telling you to get out of the vehicle right now Please.,2
don't have to touch me Please.,2
well I'm going to do it regardless  Ma'am.,2
start us another one 1040 Now.,2
"I'm telling you, it's not ben day. i got your picture pulled up man.",2
Are you requesting me.. or.. Please.,2
"Did you just hear me? Look at me. Take off your seat belt., do you understand?",2
"Look, getting real evasive with his answers",2
"Hey, start us another one 1040",2
"Hey, uh yea, you're fine. you don't have any id on you? here why don't you do me a favor and take off your seatbelt and step out.",2
"Why man, I'm gonna comply bro, you just., do you understand?",2
"Hey, we have five detained right now",2
Can you just come out so we can talk Please.,2
"Look, why man, i'm gonna comply bro, you just.",2
I'm telling you to get out of the vehicle right now Ma'am.,2
"no separate your feet separate your feet, do you understand?",2
"What do you, why do you need to know this stuff? Sir.",2
"Officer, get out of my face fat boy.",2
he's possibly 55 locked himself in Sir.,2
"you are not supposed to touch me, do you understand?",2
"I'm telling you to take off your seatbelt and step out. Why don't we do this. Put your hands... alright. 
 Sir.",2
Put your hands behind your back. Ma'am.,2
"Hey, getting real evasive with his answers",2
"I'm telling you, i'm telling you to take off your seatbelt and step out. why don't we do this. put your hands... alright. 
",2
"Officer, you're being detained you're not free to leave",2
Get out of my face fat boy. Please.,2
"I'm telling you, now you're just detained okay",2
"Look, he's possibly 55 locked himself in",2
"Look, you are not supposed to touch me",2
start us another one 1040,2
"I'm telling you to take off your seatbelt and step out! Why don't we do this! Put your hands!!! alright! 
",2
Did you just hear me? Look at me. Take off your seat belt. Now.,2
"Officer, what do you, why do you need to know this stuff?",2
"Hey, why man, i'm gonna comply bro, you just.",2
"Hey, we have five detained right now",2
"I'm telling you, are you requesting me.. or..",2
You're grabbing my balls sir Please.,2
now you're just detained okay Please.,2
"Hey, are you requesting me.. or..",2
you are not supposed to touch me,2
"Hey, i'll stand right here i'm fine.",2
"Hey, you got that arm.",2
"Officer, that is not me. how are you gonna tell me who i am.",2
"Hey, i told you exactly what i was going to do okay",2
"Hey, put your hands behind your back.",2
"Officer, i'm telling you to take off your seatbelt and step out. why don't we do this. put your hands... alright. 
",2
don't have to touch me Ma'am.,2
"Hey, you got that arm.",2
"Officer, why you putting your hands on me",2
"Look, i told you exactly what i was going to do okay",2
"Officer, why man, i'm gonna comply bro, you just.",2
"Look, put your hands behind your back.",2
"Hey, sit on the ground.",2
"Officer, why man, i'm gonna comply bro, you just.",2
"I'm telling you, are you requesting me.. or..",2
I'll stand right here I'm fine. Please.,2
"Hey, why you putting your hands on me",2
"I'm telling you, did you just hear me? look at me. take off your seat belt.",2
That is not me. How are you gonna tell me who I am. Please.,2
Sit on the ground. Ma'am.,2
he always dodging around my questions Ma'am.,2
"I'm telling you, no separate your feet separate your feet",2
we have five detained right now,2
"Officer, hey rudolph hey open the door",2
"he's possibly 55 locked himself in, do you understand?",2
I told you exactly what I was going to do okay Sir.,2
"Officer, get out of my face fat boy.",2
"I'm telling you, don't yes you do you do need a woman to touch me don't touch me okay don't touch me",2
"Hey, hey rudolph hey open the door",2
"Officer, you are not supposed to touch me",2
well I'm going to do it regardless  Sir.,2
don't yes you do you do need a woman to touch me don't touch me okay don't touch me Now.,2
we have five detained right now Sir.,2
"Officer, am i under arrest or no?",2
you're being detained you're not free to leave Sir.,2
You sprayed that shit right in my face Ma'am.,3
"I'm on the ground, I'm on the ground Sir.",3
"Watch out, spray, spray Now.",3
put your hands up put your hands up get on the curb Hands Up Get on the curb  Please.,3
"Stay right there! Drop a 13, Drop a 13!",3
get off my neck Now.,3
"Shut your fucking mouth bitch., do you understand?",3
I got one black male running Sir.,3
"put it in park put it in park now he's taking off , do you understand?",3
Let go. Give me your hand now Ma'am.,3
He's running Please.,3
"Officer, if you fail to comply",3
No you didn't. Put both hands up now! Now.,3
"Look, back up, back up.",3
"I'm on the ground, I'm on the ground",3
"Bro, calm down. Please.",3
"Hey, 1050 foot bail foot bail foot pursuit stop stop do it now ",3
"I'm telling you, let go. give me your hand now",3
put it in park put it in park now he's taking off  Sir.,3
"Look, give me your arm now.",3
I got one white male running Ma'am.,3
"Officer, shut your vehicle off turn the vehicle off throw the keys out the window",3
"I'm telling you, get his arm behind his back right now",3
"I am calm, and it's not about to be. I wanna stay calm. I wanna stay calm Please.",3
"Hey, get his arm behind his back right now",3
shut your vehicle off turn the vehicle off throw the keys out the window,3
turn the car off turn it off ,3
"Officer, get off my neck",3
"Hey, if you fail to comply",3
put your hands up put your hands up get on the curb Hands Up Get on the curb ,3
"Please bro, I'm gonna get maced again, please bro",3
"Look, you're gonna get sprayed again",3
"Back up, Back up. Now.",3
"Hey, turn the car off turn it off ",3
"you're gonna get sprayed again, do you understand?",3
Give me your arm now. Now.,3
Let go. Give me your hand now Please.,3
put your hands up put your hands up get on the curb Hands Up Get on the curb  Ma'am.,3
"Hey, he's running",3
get off my neck Now.,3
"He's trying to break that window, he's gonna pop it out, do you understand?",3
Let go. Give me your hand now Please.,3
"I'm telling you, stop banging on the door bruh",3
"I am calm, and it's not about to be. I wanna stay calm. I wanna stay calm Ma'am.",3
"Watch out, spray, spray Sir.",3
"Officer, give me your arm now.",3
"I'm telling you, stay right there. drop a 13, drop a 13.",3
"Look, stay right there. drop a 13, drop a 13.",3
You sprayed that shit right in my face Now.,3
Shut your fucking mouth bitch. Sir.,3
"I'm telling you, stop moving stop moving relax stop moving",3
"OC, OC! Get on the ground!",3
"Back up, Back up!",3
1050 foot bail foot bail foot pursuit stop stop do it now ,3
"Hey, let go. give me your hand now",3
"Hey, let go. give me your hand now",3
stop moving stop moving relax stop moving Now.,3
"Get his arm behind his back right now, do you understand?",3
"Officer, turn the car off turn it off ",3
"I'm telling you, watch out, spray, spray",3
"Look, stop moving stop moving relax stop moving",3
I got one black male running Ma'am.,3
you're gonna get sprayed again,3
"Look, show me 31",3
I can't breath at all Now.,3
No you didn't. Put both hands up now! Please.,3
"stop moving stop moving relax stop moving, do you understand?",3
get off my neck Please.,3
He's running Sir.,3
"I am calm, and it's not about to be. I wanna stay calm. I wanna stay calm Now.",3
"I got one white male running, do you understand?",3
put your hands up put your hands up get on the curb Hands Up Get on the curb  Please.,3
"Officer, get his arm behind his back right now",3
"I'm telling you, hey tommy. last time we came here, they had us go hands on with her 3 times. so.",3
put it in park put it in park now he's taking off  Please.,3
"Hey, turn the car off turn it off ",3
"I'm on the ground, I'm on the ground Sir.",3
"Officer, if you fail to comply",3
shut your vehicle off turn the vehicle off throw the keys out the window Sir.,3
"OC, OC. Get on the ground. Ma'am.",3
"I'm telling you, i am calm, and it's not about to be. i wanna stay calm. i wanna stay calm",3
"I'm telling you, i got one white male running",3
"I'm telling you, watch out, spray, spray",3
"Hey, you're about to fucking get sprayed again if you keep kicking the window.",3
"He's trying to break that window, he's gonna pop it out Ma'am.",3
"I am calm, and it's not about to be! I wanna stay calm! I wanna stay calm",3
I got one black male running Please.,3
"He's trying to break that window, he's gonna pop it out Ma'am.",3
"Show me 31, do you understand?",3
I can't breath at all Now.,3
"put it in park put it in park now he's taking off , do you understand?",3
put it in park put it in park now he's taking off  Please.,3
You break that and you're gonna get the whole can of pepper spray man Now.,3
"Stay right there! Drop a 13, Drop a 13!",3
"Officer, put it in park put it in park now he's taking off ",3
"I am calm, and it's not about to be. I wanna stay calm. I wanna stay calm Now.",3
"Hey, stop moving stop moving relax stop moving",3
"Hey, stop moving stop moving relax stop moving",3
I got one white male running Ma'am.,3
"I'm telling you, i can't breath at all",3
"OC, OC! Get on the ground!",3
turn the car off turn it off ,3
"Officer, no you didn't. put both hands up now!",3
If you fail to comply Sir.,3
"Officer, stop moving stop moving relax stop moving",3
"I'm telling you, if you fail to comply",3
"Watch out, spray, spray Please.",3
You break that and you're gonna get the whole can of pepper spray man Sir.,3
"Look, i'm on the ground, i'm on the ground",3
Stop banging on the door bruh Sir.,3
"Hey, stop moving stop moving relax stop moving",3
"Look, back up, back up.",3
"I am calm, and it's not about to be! I wanna stay calm! I wanna stay calm",3
I can't breath,3
Let go. Give me your hand now Sir.,3
put it in park put it in park now he's taking off  Now.,3
I got one white male running Ma'am.,3
"Look, he's trying to break that window, he's gonna pop it out",3
"I'm telling you, he's running",3
"I am calm, and it's not about to be. I wanna stay calm. I wanna stay calm Ma'am.",3
"I'm telling you, hey tommy. last time we came here, they had us go hands on with her 3 times. so.",3
Show me 31 Sir.,3
"I'm telling you, you're about to fucking get sprayed again if you keep kicking the window.",3
stop moving stop moving relax stop moving,3
"put your hands up put your hands up get on the curb Hands Up Get on the curb , do you understand?",3
"I'm on the ground, I'm on the ground Ma'am.",3
"I'm telling you, show me 31",3
"Hey, you stupid little bitch.",3
put it in park put it in park now he's taking off  Sir.,3
"Stay right there. Drop a 13, Drop a 13. Please.",3
"Officer, 1050 foot bail foot bail foot pursuit stop stop do it now ",3
"Hey, i can't breath at all",3
"OC, OC. Get on the ground. Ma'am.",3
He's running Please.,3
"Look, oc, oc. get on the ground.",3
"Hey, he's running",3
"Back up, Back up. Now.",3
"Officer, 1050 foot bail foot bail foot pursuit stop stop do it now ",3
"I'm telling you, if you fail to comply",3
"Officer, i got one white male running",3
No you didn't. Put both hands up now! Sir.,3
Get his arm behind his back right now Sir.,3
"Watch out, spray, spray Now.",3
Show me 31 Now.,3
I can't breath Now.,3
"Look, get his arm behind his back right now",3
"If you fail to comply, do you understand?",3
stop moving stop moving relax stop moving Sir.,3
"Look, you're about to fucking get sprayed again if you keep kicking the window.",3
No you didn't. Put both hands up now! Now.,3
"I'm telling you, stop banging on the door bruh",3
"I'm on the ground, I'm on the ground Now.",3
"Hey, get his arm behind his back right now",3
"I'm telling you, you're about to fucking get sprayed again if you keep kicking the window.",3
"Officer, hey tommy. last time we came here, they had us go hands on with her 3 times. so.",3
"I'm telling you, i'm on the ground, i'm on the ground",3
"Back up, Back up., do you understand?",3
"Watch out, spray, spray, do you understand?",3
"Officer, stop banging on the door bruh",3
you're gonna get sprayed again,3
"Officer, bro, calm down.",3
"Hey, oc, oc. get on the ground.",3
"I'm telling you, let go. give me your hand now",3
"Look, hey tommy. last time we came here, they had us go hands on with her 3 times. so.",3
"Hey, if you fail to comply",3
"Officer, if you fail to comply",3
1050 foot bail foot bail foot pursuit stop stop do it now ,3
I can't breath Ma'am.,3
Show me 31,3
I can't breath,3
put it in park put it in park now he's taking off  Sir.,3
"I'm telling you, shut your vehicle off turn the vehicle off throw the keys out the window",3
"I'm telling you, i'm on the ground, i'm on the ground",3
"Hey, i am calm, and it's not about to be. i wanna stay calm. i wanna stay calm",3
put your hands up put your hands up get on the curb Hands Up Get on the curb  Sir.,3
get off my neck Now.,3
Show me 31 Please.,3
get off my neck Now.,3
"Officer, i got one white male running",3
I got one white male running Sir.,3
stop moving stop moving relax stop moving Please.,3
"I'm telling you, i am calm, and it's not about to be. i wanna stay calm. i wanna stay calm",3
"Officer, watch out, spray, spray",3
You sprayed that shit right in my face Ma'am.,3
"I'm telling you, stay right there. drop a 13, drop a 13.",3
"Officer, he's trying to break that window, he's gonna pop it out",3
"He's trying to break that window, he's gonna pop it out Ma'am.",3
"I'm telling you, 1050 foot bail foot bail foot pursuit stop stop do it now ",3
"Back up, Back up. Sir.",3
No you didn't! Put both hands up now!,3
"Hey, stay right there. drop a 13, drop a 13.",3
"Look, no you didn't. put both hands up now!",3
"I'm on the ground, I'm on the ground",3
You break that and you're gonna get the whole can of pepper spray man,3
"Hey, get off my neck",3
you're gonna get sprayed again Sir.,3
"Please bro, I'm gonna get maced again, please bro, do you understand?",3
"Look, i am calm, and it's not about to be. i wanna stay calm. i wanna stay calm",3
He's running Please.,3
If you fail to comply Please.,3
stop moving stop moving relax stop moving,3
"Look, hey tommy. last time we came here, they had us go hands on with her 3 times. so.",3
"Stay right there! Drop a 13, Drop a 13!",3
"Hey, stop banging on the door bruh",3
you're gonna get sprayed again,3
"Hey Tommy. Last time we came here, they had us go hands on with her 3 times. So. Sir.",3
you're gonna get sprayed again Please.,3
"Look, i am calm, and it's not about to be. i wanna stay calm. i wanna stay calm",3
stop moving stop moving relax stop moving Please.,3
"Stay right there. Drop a 13, Drop a 13. Now.",3
get off my neck,3
I got one black male running Ma'am.,3
"I'm on the ground, I'm on the ground Ma'am.",3
you're gonna get sprayed again Sir.,3
"Officer, please bro, i'm gonna get maced again, please bro",3
"Look, i can't breath",3
"Look, stop moving stop moving relax stop moving",3
"Hey, i got one black male running",3
"Look, you're about to fucking get sprayed again if you keep kicking the window.",3
Give me your arm now. Sir.,3
He's running Sir.,3
No you didn't. Put both hands up now! Ma'am.,3
put it in park put it in park now he's taking off  Now.,3
"Look, you break that and you're gonna get the whole can of pepper spray man",3
"Stay right there. Drop a 13, Drop a 13., do you understand?",3
"Look, stay right there. drop a 13, drop a 13.",3
Stop banging on the door bruh,3
"Hey, you're gonna get sprayed again",3
Let go. Give me your hand now Ma'am.,3
"Officer, i can't breath",3
"Officer, show me 31",3
"Officer, please bro, i'm gonna get maced again, please bro",3
"I'm telling you, show me 31",3
"Hey, i am calm, and it's not about to be. i wanna stay calm. i wanna stay calm",3
"I got one white male running, do you understand?",3
"Officer, you sprayed that shit right in my face",3
"You sprayed that shit right in my face, do you understand?",3
"I'm telling you, you sprayed that shit right in my face",3
No you didn't! Put both hands up now!,3
1050 foot bail foot bail foot pursuit stop stop do it now  Ma'am.,3
"Officer, i am calm, and it's not about to be. i wanna stay calm. i wanna stay calm",3
He's running Ma'am.,3
shut your vehicle off turn the vehicle off throw the keys out the window,3
"Watch out, spray, spray, do you understand?",3
"Look, turn the car off turn it off ",3
Give me your arm now. Please.,3
You stupid little bitch. Ma'am.,3
"I'm telling you, shut your fucking mouth bitch.",3
"Look, he's running",3
"I'm telling you, i'm on the ground, i'm on the ground",3
I got one white male running Please.,3
You stupid little bitch!,3
I can't breath Please.,3
"He's trying to break that window, he's gonna pop it out Please.",3
"Hey, stop banging on the door bruh",3
"I'm telling you, let go. give me your hand now",3
"Hey, let go. give me your hand now",3
You sprayed that shit right in my face,3
"Look, you're about to fucking get sprayed again if you keep kicking the window.",3
I can't breath at all Ma'am.,3
"Officer, if you fail to comply",3
"put it in park put it in park now he's taking off , do you understand?",3
You break that and you're gonna get the whole can of pepper spray man,3
turn the car off turn it off  Please.,3
"Hey, stop moving stop moving relax stop moving",3
"I'm telling you, shut your vehicle off turn the vehicle off throw the keys out the window",3
If you fail to comply Ma'am.,3
"I'm telling you, i got one white male running",3
Show me 31 Now.,3
"Look, watch out, spray, spray",3
"Look, bro, calm down.",3
"No you didn't. Put both hands up now!, do you understand?",3
"I'm telling you, stay right there. drop a 13, drop a 13.",3
"I'm telling you, shut your vehicle off turn the vehicle off throw the keys out the window",3
"Officer, i got one white male running",3
"Look, stop banging on the door bruh",3
I can't breath Now.,3
"Look, you stupid little bitch.",3
"Look, shut your vehicle off turn the vehicle off throw the keys out the window",3
I can't breath Please.,3
"Hey, back up, back up.",3
"Bro, calm down. Sir.",3
"Officer, give me your arm now.",3
"You stupid little bitch., do you understand?",3
"Officer, put it in park put it in park now he's taking off ",3
"He's trying to break that window, he's gonna pop it out Ma'am.",3
get off my neck Please.,3
"Hey, i got one white male running",3
You're about to fucking get sprayed again if you keep kicking the window. Ma'am.,3
No you didn't. Put both hands up now! Now.,3
If you fail to comply Now.,3
"Hey, you break that and you're gonna get the whole can of pepper spray man",3
"shut your vehicle off turn the vehicle off throw the keys out the window, do you understand?",3
"Hey, give me your arm now.",3
I got one white male running Now.,3
"Hey Tommy. Last time we came here, they had us go hands on with her 3 times. So., do you understand?",3
"Hey, i got one white male running",3
"shut your vehicle off turn the vehicle off throw the keys out the window, do you understand?",3
"I can't breath at all, do you understand?",3
"Hey Tommy. Last time we came here, they had us go hands on with her 3 times. So. Sir.",3
TASER deployed Now.,4
"Look, she just goes nuts, makes suicidal statements, and tries to fight with the cops all the time so.",4
Hit him again. Put your hands behind your back. Hands behind your back. Release em. Now.,4
Hit him again! Put your hands behind your back! Hands behind your back! Release em!,4
"Look, stop police you're gonna get tased",4
"She just goes nuts, makes suicidal statements, and tries to fight with the cops all the time so., do you understand?",4
"If you TASE me, I'm telling you it's gonna get hot in this bitch. I'm telling you it's gonna get hot. I don't care. Go ahead. 
Officer: I'm gonna TASE you.  Now.",4
"Officer, hit him again. put your hands behind your back. hands behind your back. release em.",4
"I'm telling you, she just goes nuts, makes suicidal statements, and tries to fight with the cops all the time so.",4
Hit him again! Put your hands behind your back! Hands behind your back! Release em!,4
Hit him again. Put your hands behind your back. Hands behind your back. Release em. Ma'am.,4
TASER deployed Now.,4
"Hey, taser deployed",4
"Officer, hit him again. put your hands behind your back. hands behind your back. release em.",4
"Officer, hit him again. put your hands behind your back. hands behind your back. release em.",4
"Look, hit him again. put your hands behind your back. hands behind your back. release em.",4
"Look, hit him again. put your hands behind your back. hands behind your back. release em.",4
"Officer, hit him again. put your hands behind your back. hands behind your back. release em.",4
"Listen, you're about to get TASED, do you understand?",4
"Listen, you're about to get TASED, do you understand?",4
"Listen, you're about to get TASED",4
"If you TASE me, I'm telling you it's gonna get hot in this bitch. I'm telling you it's gonna get hot. I don't care. Go ahead. 
Officer: I'm gonna TASE you.  Ma'am.",4
"If you TASE me, I'm telling you it's gonna get hot in this bitch. I'm telling you it's gonna get hot. I don't care. Go ahead. 
Officer: I'm gonna TASE you.  Sir.",4
TASER deployed Ma'am.,4
"Officer, listen, you're about to get tased",4
"She just goes nuts, makes suicidal statements, and tries to fight with the cops all the time so!",4
"If you TASE me, I'm telling you it's gonna get hot in this bitch! I'm telling you it's gonna get hot! I don't care! Go ahead! 
Officer: I'm gonna TASE you! ",4
"I'm telling you, stop police you're gonna get tased",4
"Look, she just goes nuts, makes suicidal statements, and tries to fight with the cops all the time so.",4
"Hey, listen, you're about to get tased",4
"Listen, you're about to get TASED Sir.",4
TASER deployed Now.,4
"Listen, you're about to get TASED Now.",4
"I'm telling you, taser deployed",4
"Look, stop police you're gonna get tased",4
"Listen, you're about to get TASED Now.",4
"Hey, if you tase me, i'm telling you it's gonna get hot in this bitch. i'm telling you it's gonna get hot. i don't care. go ahead. 
officer: i'm gonna tase you. ",4
TASER deployed,4
climb out the window you better figure the out right now you do anything other than you're told your is going to get hit with this rubber bullet you understand Ma'am.,4
"climb out the window you better figure the out right now you do anything other than you're told your is going to get hit with this rubber bullet you understand, do you understand?",4
"Listen, you're about to get TASED Now.",4
"If you TASE me, I'm telling you it's gonna get hot in this bitch. I'm telling you it's gonna get hot. I don't care. Go ahead. 
Officer: I'm gonna TASE you.  Now.",4
"Hey, stop police you're gonna get tased",4
"If you TASE me, I'm telling you it's gonna get hot in this bitch. I'm telling you it's gonna get hot. I don't care. Go ahead. 
Officer: I'm gonna TASE you.  Ma'am.",4
"If you TASE me, I'm telling you it's gonna get hot in this bitch. I'm telling you it's gonna get hot. I don't care. Go ahead. 
Officer: I'm gonna TASE you. , do you understand?",4
"If you TASE me, I'm telling you it's gonna get hot in this bitch. I'm telling you it's gonna get hot. I don't care. Go ahead. 
Officer: I'm gonna TASE you.  Ma'am.",4
Stop police you're gonna get TASED Please.,4
"Officer, hit him again. put your hands behind your back. hands behind your back. release em.",4
"Stop police you're gonna get TASED, do you understand?",4
Hit him again. Put your hands behind your back. Hands behind your back. Release em. Please.,4
"I'm telling you, stop police you're gonna get tased",4
"I'm telling you, listen, you're about to get tased",4
Hit him again. Put your hands behind your back. Hands behind your back. Release em. Ma'am.,4
"If you TASE me, I'm telling you it's gonna get hot in this bitch. I'm telling you it's gonna get hot. I don't care. Go ahead. 
Officer: I'm gonna TASE you. , do you understand?",4
climb out the window you better figure the out right now you do anything other than you're told your is going to get hit with this rubber bullet you understand Ma'am.,4
Hit him again. Put your hands behind your back. Hands behind your back. Release em. Sir.,4
"If you TASE me, I'm telling you it's gonna get hot in this bitch! I'm telling you it's gonna get hot! I don't care! Go ahead! 
Officer: I'm gonna TASE you! ",4
Stop police you're gonna get TASED Now.,4
"Hey, stop police you're gonna get tased",4
"Look, listen, you're about to get tased",4
"Listen, you're about to get TASED Please.",4
"Hey, listen, you're about to get tased",4
"Hey, stop police you're gonna get tased",4
"I'm telling you, taser deployed",4
"Listen, you're about to get TASED Sir.",4
Stop police you're gonna get TASED Sir.,4
Hit him again. Put your hands behind your back. Hands behind your back. Release em. Ma'am.,4
"Listen, you're about to get TASED Ma'am.",4
"Hey, listen, you're about to get tased",4
"Hey, taser deployed",4
climb out the window you better figure the out right now you do anything other than you're told your is going to get hit with this rubber bullet you understand Ma'am.,4
"Officer, stop police you're gonna get tased",4
"Hey, she just goes nuts, makes suicidal statements, and tries to fight with the cops all the time so.",4
"Look, if you tase me, i'm telling you it's gonna get hot in this bitch. i'm telling you it's gonna get hot. i don't care. go ahead. 
officer: i'm gonna tase you. ",4
"I'm telling you, stop police you're gonna get tased",4
"I'm telling you, listen, you're about to get tased",4
"If you TASE me, I'm telling you it's gonna get hot in this bitch. I'm telling you it's gonna get hot. I don't care. Go ahead. 
Officer: I'm gonna TASE you.  Sir.",4
"Officer, listen, you're about to get tased",4
"Listen, you're about to get TASED",4
"Hit him again. Put your hands behind your back. Hands behind your back. Release em., do you understand?",4
"Officer, climb out the window you better figure the out right now you do anything other than you're told your is going to get hit with this rubber bullet you understand",4
"Listen, you're about to get TASED Please.",4
"Hey, if you tase me, i'm telling you it's gonna get hot in this bitch. i'm telling you it's gonna get hot. i don't care. go ahead. 
officer: i'm gonna tase you. ",4
"Officer, if you tase me, i'm telling you it's gonna get hot in this bitch. i'm telling you it's gonna get hot. i don't care. go ahead. 
officer: i'm gonna tase you. ",4
"I'm telling you, stop police you're gonna get tased",4
TASER deployed Now.,4
"Officer, taser deployed",4
"Hey, stop police you're gonna get tased",4
TASER deployed Now.,4
Hit him again! Put your hands behind your back! Hands behind your back! Release em!,4
"Look, stop police you're gonna get tased",4
Stop police you're gonna get TASED Now.,4
"Officer, stop police you're gonna get tased",4
"She just goes nuts, makes suicidal statements, and tries to fight with the cops all the time so. Sir.",4
"Hey, listen, you're about to get tased",4
TASER deployed,4
Hit him again. Put your hands behind your back. Hands behind your back. Release em. Ma'am.,4
"She just goes nuts, makes suicidal statements, and tries to fight with the cops all the time so. Sir.",4
"Look, if you tase me, i'm telling you it's gonna get hot in this bitch. i'm telling you it's gonna get hot. i don't care. go ahead. 
officer: i'm gonna tase you. ",4
"If you TASE me, I'm telling you it's gonna get hot in this bitch! I'm telling you it's gonna get hot! I don't care! Go ahead! 
Officer: I'm gonna TASE you! ",4
"TASER deployed, do you understand?",4
climb out the window you better figure the out right now you do anything other than you're told your is going to get hit with this rubber bullet you understand Now.,4
climb out the window you better figure the out right now you do anything other than you're told your is going to get hit with this rubber bullet you understand Now.,4
"Hit him again. Put your hands behind your back. Hands behind your back. Release em., do you understand?",4
"Officer, climb out the window you better figure the out right now you do anything other than you're told your is going to get hit with this rubber bullet you understand",4
"Listen, you're about to get TASED Please.",4
"climb out the window you better figure the out right now you do anything other than you're told your is going to get hit with this rubber bullet you understand, do you understand?",4
"She just goes nuts, makes suicidal statements, and tries to fight with the cops all the time so. Please.",4
climb out the window you better figure the out right now you do anything other than you're told your is going to get hit with this rubber bullet you understand Now.,4
"Stop police you're gonna get TASED, do you understand?",4
"I'm telling you, hit him again. put your hands behind your back. hands behind your back. release em.",4
"I'm telling you, taser deployed",4
TASER deployed Sir.,4
"She just goes nuts, makes suicidal statements, and tries to fight with the cops all the time so. Sir.",4
"If you TASE me, I'm telling you it's gonna get hot in this bitch! I'm telling you it's gonna get hot! I don't care! Go ahead! 
Officer: I'm gonna TASE you! ",4
"Look, if you tase me, i'm telling you it's gonna get hot in this bitch. i'm telling you it's gonna get hot. i don't care. go ahead. 
officer: i'm gonna tase you. ",4
Hit him again. Put your hands behind your back. Hands behind your back. Release em. Ma'am.,4
climb out the window you better figure the out right now you do anything other than you're told your is going to get hit with this rubber bullet you understand,4
"Officer, if you tase me, i'm telling you it's gonna get hot in this bitch. i'm telling you it's gonna get hot. i don't care. go ahead. 
officer: i'm gonna tase you. ",4
"Look, she just goes nuts, makes suicidal statements, and tries to fight with the cops all the time so.",4
"She just goes nuts, makes suicidal statements, and tries to fight with the cops all the time so. Please.",4
"Look, she just goes nuts, makes suicidal statements, and tries to fight with the cops all the time so.",4
TASER deployed Ma'am.,4
"She just goes nuts, makes suicidal statements, and tries to fight with the cops all the time so!",4
"I'm telling you, climb out the window you better figure the out right now you do anything other than you're told your is going to get hit with this rubber bullet you understand",4
"Officer, listen, you're about to get tased",4
TASER deployed Now.,4
"Hey, if you tase me, i'm telling you it's gonna get hot in this bitch. i'm telling you it's gonna get hot. i don't care. go ahead. 
officer: i'm gonna tase you. ",4
"Look, taser deployed",4
"Look, climb out the window you better figure the out right now you do anything other than you're told your is going to get hit with this rubber bullet you understand",4
"Listen, you're about to get TASED Ma'am.",4
TASER deployed,4
"She just goes nuts, makes suicidal statements, and tries to fight with the cops all the time so., do you understand?",4
TASER deployed Ma'am.,4
"Stop police you're gonna get TASED, do you understand?",4
"Officer, she just goes nuts, makes suicidal statements, and tries to fight with the cops all the time so.",4
"Officer, she just goes nuts, makes suicidal statements, and tries to fight with the cops all the time so.",4
"She just goes nuts, makes suicidal statements, and tries to fight with the cops all the time so. Ma'am.",4
Stop police you're gonna get TASED,4
"Listen, you're about to get TASED, do you understand?",4
"She just goes nuts, makes suicidal statements, and tries to fight with the cops all the time so!",4
"TASER deployed, do you understand?",4
"Listen, you're about to get TASED Sir.",4
Stop police you're gonna get TASED Now.,4
Hit him again. Put your hands behind your back. Hands behind your back. Release em. Now.,4
Hit him again. Put your hands behind your back. Hands behind your back. Release em. Sir.,4
TASER deployed Now.,4
"Officer, stop police you're gonna get tased",4
"If you TASE me, I'm telling you it's gonna get hot in this bitch. I'm telling you it's gonna get hot. I don't care. Go ahead. 
Officer: I'm gonna TASE you.  Now.",4
"Hey, she just goes nuts, makes suicidal statements, and tries to fight with the cops all the time so.",4
Hit him again! Put your hands behind your back! Hands behind your back! Release em!,4
"I'm telling you, if you tase me, i'm telling you it's gonna get hot in this bitch. i'm telling you it's gonna get hot. i don't care. go ahead. 
officer: i'm gonna tase you. ",4
"If you TASE me, I'm telling you it's gonna get hot in this bitch. I'm telling you it's gonna get hot. I don't care. Go ahead. 
Officer: I'm gonna TASE you. , do you understand?",4
TASER deployed,4
"Officer, stop police you're gonna get tased",4
climb out the window you better figure the out right now you do anything other than you're told your is going to get hit with this rubber bullet you understand Sir.,4
"If you TASE me, I'm telling you it's gonna get hot in this bitch. I'm telling you it's gonna get hot. I don't care. Go ahead. 
Officer: I'm gonna TASE you.  Ma'am.",4
"Hey, taser deployed",4
"I'm telling you, listen, you're about to get tased",4
"Hey, if you tase me, i'm telling you it's gonna get hot in this bitch. i'm telling you it's gonna get hot. i don't care. go ahead. 
officer: i'm gonna tase you. ",4
"Officer, hit him again. put your hands behind your back. hands behind your back. release em.",4
"If you TASE me, I'm telling you it's gonna get hot in this bitch. I'm telling you it's gonna get hot. I don't care. Go ahead. 
Officer: I'm gonna TASE you.  Now.",4
"Officer, stop police you're gonna get tased",4
"Stop police you're gonna get TASED, do you understand?",4
Stop police you're gonna get TASED Please.,4
"Listen, you're about to get TASED, do you understand?",4
"climb out the window you better figure the out right now you do anything other than you're told your is going to get hit with this rubber bullet you understand, do you understand?",4
"Hey, stop police you're gonna get tased",4
"Look, if you tase me, i'm telling you it's gonna get hot in this bitch. i'm telling you it's gonna get hot. i don't care. go ahead. 
officer: i'm gonna tase you. ",4
"She just goes nuts, makes suicidal statements, and tries to fight with the cops all the time so. Sir.",4
"Look, taser deployed",4
Stop police you're gonna get TASED Ma'am.,4
TASER deployed Now.,4
"Stop police you're gonna get TASED, do you understand?",4
"Listen, you're about to get TASED Please.",4
"Hit him again. Put your hands behind your back. Hands behind your back. Release em., do you understand?",4
"TASER deployed, do you understand?",4
"Look, hit him again. put your hands behind your back. hands behind your back. release em.",4
"Officer, stop police you're gonna get tased",4
"Hey, stop police you're gonna get tased",4
climb out the window you better figure the out right now you do anything other than you're told your is going to get hit with this rubber bullet you understand,4
"If you TASE me, I'm telling you it's gonna get hot in this bitch. I'm telling you it's gonna get hot. I don't care. Go ahead. 
Officer: I'm gonna TASE you. , do you understand?",4
"Stop police you're gonna get TASED, do you understand?",4
"Hit him again. Put your hands behind your back. Hands behind your back. Release em., do you understand?",4
"I'm telling you, stop police you're gonna get tased",4
"Look, hit him again. put your hands behind your back. hands behind your back. release em.",4
"She just goes nuts, makes suicidal statements, and tries to fight with the cops all the time so. Ma'am.",4
"Look, climb out the window you better figure the out right now you do anything other than you're told your is going to get hit with this rubber bullet you understand",4
"Look, stop police you're gonna get tased",4
"Officer, listen, you're about to get tased",4
"Look, climb out the window you better figure the out right now you do anything other than you're told your is going to get hit with this rubber bullet you understand",4
"Hey, climb out the window you better figure the out right now you do anything other than you're told your is going to get hit with this rubber bullet you understand",4
"TASER deployed, do you understand?",4
"She just goes nuts, makes suicidal statements, and tries to fight with the cops all the time so. Sir.",4
"I'm telling you, hit him again. put your hands behind your back. hands behind your back. release em.",4
"I'm telling you, stop police you're gonna get tased",4
"I'm telling you, climb out the window you better figure the out right now you do anything other than you're told your is going to get hit with this rubber bullet you understand",4
"Listen, you're about to get TASED Ma'am.",4
Hit him again. Put your hands behind your back. Hands behind your back. Release em. Sir.,4
"She just goes nuts, makes suicidal statements, and tries to fight with the cops all the time so. Now.",4
Back up back up I got cover I got cover Now.,5
Put it on the ground. Put it on the ground. Ma'am.,5
"No, shoot me! Shoot me! I'll kill you! I'll kill you!",5
"Look, shots fired, shots fired, shots fired.",5
"He's following me around with a knife, I need another new unit. I need another unit., do you understand?",5
"Hey, don't fucking move",5
"Officer, back up back up i got cover i got cover",5
"Hey, put your hands out of the car now",5
"Officer, let me see your hands! put it down now!",5
"Hey, put your hands out of the car do it now",5
Put your hands out of the car do it now Sir.,5
"Put the gun down!, do you understand?",5
"I'm telling you, let me see your hands! put it down now!",5
"Look, he's following me around with a knife, i need another new unit. i need another unit.",5
"I'm telling you, yo you shot him yo.",5
Shots fired shots fired front door hes at the front door Now.,5
Put your hands out of the car now,5
got shots fired by a black Durango heading eastbound on Chico Now.,5
"Shots fired, shots fired, shots fired. Sir.",5
"Look, take two steps to your right walk backwards stop yeah i got him back down walk backwards",5
I've been hit. Please.,5
"Officer, put your hands out of the car do it now",5
"I'm telling you, got shots fired by a black durango heading eastbound on chico",5
"He's following me around with a knife, I need another new unit. I need another unit. Please.",5
"Officer, put your hands out of the car do it now",5
"Hey, shots fired shots fired front door hes at the front door",5
"I'm telling you, put it on the ground. put it on the ground.",5
Stop! Stop! Stop! Put the gun down! Put the gun down! Put the,5
"Yo you shot him yo., do you understand?",5
"Drop the gun!, do you understand?",5
Drop the gun! Please.,5
Let me see your hands! Put it down now! Please.,5
grab your shirt at the top of your neck right there pull it up all the way up I need to see your waistband front and back take it off turn around stop walk back towards the sound of my voice Sir.,5
Put the gun down! Now.,5
"I'm telling you, 998. 998.",5
Drop the gun now! Now.,5
"grab your shirt at the top of your neck right there pull it up all the way up I need to see your waistband front and back take it off turn around stop walk back towards the sound of my voice, do you understand?",5
Yo you shot him yo. Please.,5
"I'm telling you, 998. 998.",5
Cross fire cross fire Ma'am.,5
"I'm telling you, get your fucking face out of here, before i stab you.",5
Don't fucking move Sir.,5
"I'm telling you, cross fire cross fire",5
Put it on the ground! Put it on the ground!,5
"Look, yo you shot him yo.",5
"I'm telling you, stop. stop. stop. put the gun down. put the gun down. put the",5
Put it on the ground! Put it on the ground!,5
"Don't fucking move, do you understand?",5
Drop the gun now!,5
"Officer, let me see your hands! put it down now!",5
"Look, he's down he's down. where are you hit?",5
"Hey, get your fucking face out of here, before i stab you.",5
"Hey, he's following me around with a knife, i need another new unit. i need another unit.",5
Don't fucking move Please.,5
"Hey, get your fucking face out of here, before i stab you.",5
"I'm telling you, 998. 998.",5
"Put your hands out of the car do it now, do you understand?",5
Drop the gun now! Now.,5
"Don't fucking move, do you understand?",5
Don't fucking move Ma'am.,5
take two steps to your right walk backwards stop yeah I got him back down walk backwards Sir.,5
"No, shoot me! Shoot me! I'll kill you! I'll kill you!",5
"Officer, get your fucking face out of here, before i stab you.",5
"Hey, got shots fired by a black durango heading eastbound on chico",5
"998. 998., do you understand?",5
"Don't fucking move, do you understand?",5
Put the gun down! Now.,5
"Officer, put your hands out of the car do it now",5
Drop the gun! Now.,5
"She's choking on her own blood man, come on. Now.",5
"Stop. Stop. Stop. Put the gun down. Put the gun down. Put the, do you understand?",5
999! 999! I've been shot! 999!,5
"Look, he's down he's down. where are you hit?",5
Drop the gun now!,5
"Hey, yo you shot him yo.",5
"Officer, put your hands out of the car do it now",5
"Look, i've been hit.",5
"Look, put the gun down!",5
"Officer, let me see your hands! put it down now!",5
"Shots fired, shots fired, shots fired!",5
"Officer, i've been hit.",5
"He's following me around with a knife, I need another new unit. I need another unit. Please.",5
"Drop the gun now!, do you understand?",5
"Look, grab your shirt at the top of your neck right there pull it up all the way up i need to see your waistband front and back take it off turn around stop walk back towards the sound of my voice",5
"Stop. Stop. Stop. Put the gun down. Put the gun down. Put the, do you understand?",5
"Get your fucking face out of here, before I stab you. Now.",5
"Shots fired, shots fired, shots fired!",5
"Put your hands out of the car do it now, do you understand?",5
Cross fire cross fire Sir.,5
"Look, 999. 999. i've been shot. 999.",5
Don't fucking move Please.,5
"I'm telling you, yo you shot him yo.",5
"Officer, i've been hit.",5
Cross fire cross fire Now.,5
"I'm telling you, put the gun down!",5
"Officer, don't fucking move",5
"Hey, he's down he's down. where are you hit?",5
Cross fire cross fire Now.,5
"Let me see your hands! Put it down now!, do you understand?",5
"Get your fucking face out of here, before I stab you. Now.",5
grab your shirt at the top of your neck right there pull it up all the way up I need to see your waistband front and back take it off turn around stop walk back towards the sound of my voice,5
"Officer, drop the gun!",5
998. 998. Sir.,5
"Get your fucking face out of here, before I stab you., do you understand?",5
"I'm telling you, i've been hit.",5
"I'm telling you, get your fucking face out of here, before i stab you.",5
grab your shirt at the top of your neck right there pull it up all the way up I need to see your waistband front and back take it off turn around stop walk back towards the sound of my voice,5
take two steps to your right walk backwards stop yeah I got him back down walk backwards Sir.,5
"Officer, he's down he's down. where are you hit?",5
"Shots fired, shots fired, shots fired. Sir.",5
"I'm telling you, he's down he's down. where are you hit?",5
"I'm telling you, 999. 999. i've been shot. 999.",5
"Yo you shot him yo., do you understand?",5
"Officer, put your hands out of the car now",5
"I'm telling you, put the gun down!",5
"Hey, got shots fired by a black durango heading eastbound on chico",5
"Officer, put the knife down",5
"Look, shots fired, shots fired, shots fired.",5
Stop. Stop. Stop. Put the gun down. Put the gun down. Put the Sir.,5
"He's following me around with a knife, I need another new unit. I need another unit., do you understand?",5
Cross fire cross fire Now.,5
grab your shirt at the top of your neck right there pull it up all the way up I need to see your waistband front and back take it off turn around stop walk back towards the sound of my voice Sir.,5
"Shots fired, shots fired, shots fired. Ma'am.",5
"Hey, put the gun down!",5
"Officer, he's following me around with a knife, i need another new unit. i need another unit.",5
"Officer, no, shoot me. shoot me. i'll kill you. i'll kill you.",5
grab your shirt at the top of your neck right there pull it up all the way up I need to see your waistband front and back take it off turn around stop walk back towards the sound of my voice Please.,5
"I'm telling you, yo you shot him yo.",5
Stop. Stop. Stop. Put the gun down. Put the gun down. Put the Ma'am.,5
"No, shoot me. Shoot me. I'll kill you. I'll kill you., do you understand?",5
Back up back up I got cover I got cover,5
"No, shoot me. Shoot me. I'll kill you. I'll kill you. Ma'am.",5
Put your hands out of the car now Please.,5
"Hey, i've been hit.",5
He's down he's down. Where are you hit? Now.,5
He's down he's down. Where are you hit? Sir.,5
"Hey, 999. 999. i've been shot. 999.",5
"Officer, shots fired, shots fired, shots fired.",5
"Officer, put your hands out of the car do it now",5
"Officer, put it on the ground. put it on the ground.",5
"I'm telling you, take two steps to your right walk backwards stop yeah i got him back down walk backwards",5
"I'm telling you, yo you shot him yo.",5
"I'm telling you, 998. 998.",5
Drop the gun! Ma'am.,5
"Officer, put the knife down",5
"No, shoot me. Shoot me. I'll kill you. I'll kill you. Sir.",5
Shots fired shots fired front door hes at the front door Ma'am.,5
998. 998. Ma'am.,5
"She's choking on her own blood man, come on. Sir.",5
"Officer, shots fired, shots fired, shots fired.",5
grab your shirt at the top of your neck right there pull it up all the way up I need to see your waistband front and back take it off turn around stop walk back towards the sound of my voice Please.,5
Back up back up I got cover I got cover Sir.,5
"Shots fired, shots fired, shots fired., do you understand?",5
"Hey, he's down he's down. where are you hit?",5
998. 998. Please.,5
He's down he's down. Where are you hit? Ma'am.,5
Stop! Stop! Stop! Put the gun down! Put the gun down! Put the,5
grab your shirt at the top of your neck right there pull it up all the way up I need to see your waistband front and back take it off turn around stop walk back towards the sound of my voice Now.,5
Back up back up I got cover I got cover,5
"Get your fucking face out of here, before I stab you. Please.",5
"Hey, back up back up i got cover i got cover",5
He's down he's down! Where are you hit?,5
Cross fire cross fire,5
Put your hands out of the car do it now Ma'am.,5
Put your hands out of the car now Please.,5
"Hey, 999. 999. i've been shot. 999.",5
Back up back up I got cover I got cover Sir.,5
"Officer, grab your shirt at the top of your neck right there pull it up all the way up i need to see your waistband front and back take it off turn around stop walk back towards the sound of my voice",5
"Officer, put the knife down",5
Put the knife down,5
Put your hands out of the car do it now,5
998. 998. Please.,5
998. 998. Now.,5
take two steps to your right walk backwards stop yeah I got him back down walk backwards Ma'am.,5
Put the gun down!,5
Yo you shot him yo. Ma'am.,5
"No, shoot me. Shoot me. I'll kill you. I'll kill you. Sir.",5
"I'm telling you, put it on the ground. put it on the ground.",5
"Hey, drop the gun!",5
He's down he's down. Where are you hit? Please.,5
"I'm telling you, let me see your hands! put it down now!",5
"She's choking on her own blood man, come on. Sir.",5
Put the gun down! Sir.,5
"Look, 998. 998.",5
Drop the gun now! Please.,5
"Look, grab your shirt at the top of your neck right there pull it up all the way up i need to see your waistband front and back take it off turn around stop walk back towards the sound of my voice",5
"Yo you shot him yo., do you understand?",5
"No, shoot me. Shoot me. I'll kill you. I'll kill you. Ma'am.",5
Put it on the ground. Put it on the ground. Ma'am.,5
Back up back up I got cover I got cover Please.,5
Stop. Stop. Stop. Put the gun down. Put the gun down. Put the Ma'am.,5
grab your shirt at the top of your neck right there pull it up all the way up I need to see your waistband front and back take it off turn around stop walk back towards the sound of my voice Sir.,5
Drop the gun now! Please.,5
Stop. Stop. Stop. Put the gun down. Put the gun down. Put the Please.,5
Shots fired shots fired front door hes at the front door,5
"I'm telling you, drop the gun!",5
"Hey, yo you shot him yo.",5
got shots fired by a black Durango heading eastbound on Chico Sir.,5
"Look, shots fired shots fired front door hes at the front door",5
Don't fucking move Sir.,5
You're grabbing my balls sirr,2
You're grabbing my balls ser,2
Put the guhn down!,5
Put the gunn down!,5
Let me see your handz Put it down now!,5
Let me see your hanz Put it down now!,5
Drop the guhn,5
Drop the gunn,5
Drop the guhn now!,5
Drop the gunn now!,5
No you didn't. Put both handz up now!,3
No you didn't. Put both hanz up now!,3
Put the nife down,5
Put the knif down,5
"No, shoot me. shuut me. I'll kill you. I'll kill you.",5
"No, shuut me. Shoot me. I'll kill you. I'll kill you.",5
"No, shott me. Shoot me. I'll kill you. I'll kill you.",5
He's following me around with a nife I need another new unit. I need another unit.,5
He's following me around with a knif I need another new unit. I need another unit.,5
Stop. Stop. stahp Put the gun down. Put the gun down. Put the,5
Stop. stopp Stop. Put the gun down. Put the gun down. Put the,5
Stop. stahp Stop. Put the gun down. Put the gun down. Put the,5
Yes ser,1
Yes sirr,1
Yes sirr it is. And I have a GPS while I'm out on bond.,1
Yes ser it is. And I have a GPS while I'm out on bond.,1
I'm telling you to take off your seatbelt and step out. Why don't we do this. Put your hanz alright.,2
I'm telling you to take off your seatbelt and step out. Why don't we do this. Put your handz alright.,2
What happened today sirr,1
What happened today ser,1
"I am calm, and it's not about to be. I wanna stay kam I wanna stay calm",3
"I am calm, and it's not about to be. I wanna stay calm. I wanna stay com",3
"I am calm, and it's not about to be. I wanna stay com I wanna stay calm",3
Put your handz behind your back.,2
Put your hanz behind your back.,2
"Bro, com down.",3
"Bro, kam down.",3
Hit him again. Put your handz behind your back. Hands behind your back. Release em.,4
Hit him again. Put your hanz behind your back. Hands behind your back. Release em.,4
Hit him again. Put your hands behind your back. handz behind your back. Release em.,4
"Hey Tommy. Last time we came here, they had us go hanz on with her 3 times. So.",3
"Hey Tommy. Last time we came here, they had us go handz on with her 3 times. So.",3
Stillwater pollice Charlene?,1
Stillwater pleece Charlene?,1
pleece reason for your stop today is you were over the the line over here and then also you were in the bike lane coming down east any reason for that,1
police reason for your stopp today is you were over the the line over here and then also you were in the bike lane coming down east any reason for that,1
police reason for your stahp today is you were over the the line over here and then also you were in the bike lane coming down east any reason for that,1
1050 foot bail foot bail foot pursuit stop stopp do it now,3
1050 foot bail foot bail foot pursuit stopp stop do it now,3
1050 foot bail foot bail foot pursuit stop stahp do it now,3
tazer deployed,4
why you putting your handz on me,2
why you putting your hanz on me,2
stahp moving stop moving relax stop moving,3
stop moving stop moving relax stopp moving,3
stopp moving stop moving relax stop moving,3
follow your buddies do me a favor guys just put what you guys got down I just want to see empty handz okay we're dispatched to a call shotter or shots fired,1
follow your buddies do me a favor guys just put what you guys got down I just want to see empty hanz okay we're dispatched to a call shotter or shots fired,1
you in the red shirt step over here put what you have in your hanz down appreciate it thank yo,1
you in the red shirt step over here put what you have in your handz down appreciate it thank yo,1
Albuquerque pleece wake up man you all right,1
Albuquerque pollice wake up man you all right,1
handz behind your back now stay here,2
hanz behind your back now stay here,2
we'll adjust your handz for you okay,1
we'll adjust your hanz for you okay,1
put your hanz up put your hands up get on the curb Hands Up Get on the curb,3
put your handz up put your hands up get on the curb Hands Up Get on the curb,3
put your hands up put your hands up get on the curb handz Up Get on the curb,3
grab your shirt at the top of your neck right there pull it up all the way up I need to see your waistband front and back take it off turn around stopp walk back towards the sound of my voice,5
grab your shirt at the top of your neck right there pull it up all the way up I need to see your waistband front and back take it off turn around stahp walk back towards the sound of my voice,5
take two steps to your right walk backwards stahp yeah I got him back down walk backwards,5
take two steps to your right walk backwards stopp yeah I got him back down walk backwards,5
inside yes my work knif,1
inside yes my work nife,1
your work knif,1
your work nife,1
hey I found the guhn all right,1
hey I found the gunn all right,1
have you ever had contact with pollice before,1
have you ever had contact with pleece before,1
stopp police you're gonna get TASED,4
stahp police you're gonna get TASED,4
Stop pleece you're gonna get TASED,4
stahp banging on the door bruh,3
stopp banging on the door bruh,3
Put your hanz out of the car now,5
Put your handz out of the car now,5
Put your handz out of the car do it now,5
Put your hanz out of the car do it now,5
please go ahead and put keys on the hood ser,1
please go ahead and put keys on the hood sirr,1
offisr you know take your bag off,1
offisser you know take your bag off,1
This may be the vehicle they're looking for m'am,1
This may be the vehicle they're looking for mam,1
"Officer, we'll adjust your handz for you okay",1
offisser we'll adjust your hands for you okay,1
offisr we'll adjust your hands for you okay,1
Do you have a mental condition? mam,1
Do you have a mental condition? m'am,1
okay I'm going to run him through Fields sirr,1
okay I'm going to run him through Fields ser,1
offisser what i want you to do is turn the vehicle off and step out for me,1
offisr what i want you to do is turn the vehicle off and step out for me,1
Is there anything on you that you shouldn't have? mam,1
Is there anything on you that you shouldn't have? m'am,1
"Albuquerque pollice wake up man you all right, do you understand?",1
"Albuquerque pleece wake up man you all right, do you understand?",1
okay I'm going to run him through Fields sirr,1
okay I'm going to run him through Fields ser,1
Hey what's up man been through this once or twice huh? ser,1
Hey what's up man been through this once or twice huh? sirr,1
Can you just open this up a little more? ser,1
Can you just open this up a little more? sirr,1
"Stillwater pollice Charlene?, do you understand?",1
"Stillwater pleece Charlene?, do you understand?",1
What happened today sirr Please.,1
What happened today ser Please.,1
So what happened today? m'am,1
So what happened today? mam,1
offisser all right man well you be safe okay,1
offisr all right man well you be safe okay,1
we'll adjust your handz for you okay,1
we'll adjust your hanz for you okay,1
Where you living at? mam,1
Where you living at? m'am,1
offisr just lean back,1
offisser just lean back,1
you in the red shirt step over here put what you have in your hanz down appreciate it thank yo,1
you in the red shirt step over here put what you have in your handz down appreciate it thank yo,1
offisr what's going on today?,1
offisser what's going on today?,1
offisser i just heard it was for a shooting,1
offisr i just heard it was for a shooting,1
inside yes my work knif,1
inside yes my work nife,1
offisser it matches the description perfectly,1
offisr it matches the description perfectly,1
follow your buddies do me a favor guys just put what you guys got down I just want to see empty hanz okay we're dispatched to a call shotter or shots fired Please.,1
follow your buddies do me a favor guys just put what you guys got down I just want to see empty handz okay we're dispatched to a call shotter or shots fired Please.,1
Hold on we got somebody you need to talk to m'am,1
Hold on we got somebody you need to talk to mam,1
offisr just lean back,1
offisser just lean back,1
"Hey, your work nife",1
"Hey, your work knif",1
"offisr ok, is that an ankle monitor?",1
"offisser ok, is that an ankle monitor?",1
"Hey, hey i found the gunn all right",1
"Hey, hey i found the guhn all right",1
offisser the whole car reeks of weed,1
offisr the whole car reeks of weed,1
Alright. You got your driver's license on you buddy? Where you headed? sirr,1
Alright. You got your driver's license on you buddy? Where you headed? ser,1
pleece reason for your stop today is you were over the the line over here and then also you were in the bike lane coming down east any reason for that,1
police reason for your stopp today is you were over the the line over here and then also you were in the bike lane coming down east any reason for that,1
police reason for your stahp today is you were over the the line over here and then also you were in the bike lane coming down east any reason for that,1
"Hey, hey i found the gunn all right",1
"Hey, hey i found the guhn all right",1
Albuquerque pleece wake up man you all right,1
Albuquerque pollice wake up man you all right,1
We're getting confirmation on that now ok? ser,1
We're getting confirmation on that now ok? sirr,1
offisser okay i'm going to run him through fields,1
offisr okay i'm going to run him through fields,1
offisser right man we're going to go get you in a car where it's a little bit safer okay,1
offisr right man we're going to go get you in a car where it's a little bit safer okay,1
What's your name? sirr,1
What's your name? ser,1
"I'm telling you, hey i found the gunn all right",1
"I'm telling you, hey i found the guhn all right",1
that go okay probably going have to go to jail for it mam,1
that go okay probably going have to go to jail for it m'am,1
offisser we go we're going to throw them in a car just so we don't have to stand out here in the open,1
offisr we go we're going to throw them in a car just so we don't have to stand out here in the open,1
Do you have registration for the vehicle m'am,1
Do you have registration for the vehicle mam,1
I got all his info right here mam,1
I got all his info right here m'am,1
offisr i got all his info right here,1
offisser i got all his info right here,1
You have a warrant for your arrest. ser,1
You have a warrant for your arrest. sirr,1
the reason why I stopped him was he was like going a little bit over the bike lane coming down east and then also when we turned on to sunset here he was is over the center line going to run him real quick ser,1
the reason why I stopped him was he was like going a little bit over the bike lane coming down east and then also when we turned on to sunset here he was is over the center line going to run him real quick sirr,1
you know take your bag off m'am,1
you know take your bag off mam,1
where do you guys live at ser,1
where do you guys live at sirr,1
Oh don't worry about it man. Lets get that ID. m'am,1
Oh don't worry about it man. Lets get that ID. mam,1
offisr the reason why i stopped him was he was like going a little bit over the bike lane coming down east and then also when we turned on to sunset here he was is over the center line going to run him real quick,1
offisser the reason why i stopped him was he was like going a little bit over the bike lane coming down east and then also when we turned on to sunset here he was is over the center line going to run him real quick,1
What's your medical condition man ser,1
What's your medical condition man sirr,1
Stillwater pollice Charlene? Please.,1
Stillwater pleece Charlene? Please.,1
"Can you come in my kitchen please. Can you close my door please, I have cats. Can you close my door please. Close it tight. mam",1
"Can you come in my kitchen please. Can you close my door please, I have cats. Can you close my door please. Close it tight. m'am",1
follow your buddies do me a favor guys just put what you guys got down I just want to see empty hands okay we're dispatched to a call shotter or shots fired sirr,1
follow your buddies do me a favor guys just put what you guys got down I just want to see empty handz okay we're dispatched to a call shotter or shots fired Sir.,1
follow your buddies do me a favor guys just put what you guys got down I just want to see empty hanz okay we're dispatched to a call shotter or shots fired Sir.,1
offisr do you have a mental condition?,1
offisser do you have a mental condition?,1
Stillwater pleece Charlene? Ma'am.,1
Stillwater pollice Charlene? Ma'am.,1
Stillwater Police. Charlene? mam,1
do you have an ID in New Mexico m'am,1
do you have an ID in New Mexico mam,1
"Ok, is that an ankle monitor? ser",1
"Ok, is that an ankle monitor? sirr",1
right man we're going to go get you in a car where it's a little bit safer okay m'am,1
right man we're going to go get you in a car where it's a little bit safer okay mam,1
Yes sirr it is! And I have a GPS while I'm out on bond!,1
Yes ser it is! And I have a GPS while I'm out on bond!,1
"Officer, inside yes my work nife",1
"Officer, inside yes my work knif",1
offisr inside yes my work knife,1
we'll adjust your hanz for you okay Please.,1
we'll adjust your handz for you okay Please.,1
Whats your name. sirr,1
Whats your name. ser,1
the reason why I stopped him was he was like going a little bit over the bike lane coming down east and then also when we turned on to sunset here he was is over the center line going to run him real quick ser,1
the reason why I stopped him was he was like going a little bit over the bike lane coming down east and then also when we turned on to sunset here he was is over the center line going to run him real quick sirr,1
What's going on today? mam,1
What's going on today? m'am,1
you guys are good to go thank you mam,1
you guys are good to go thank you m'am,1
offisr that's why i just like pulled over,1
offisser that's why i just like pulled over,1
Hey what's up man been through this once or twice huh? mam,1
Hey what's up man been through this once or twice huh? m'am,1
Stillwater pollice Charlene? Please.,1
Stillwater pleece Charlene? Please.,1
Just lean back mam,1
Just lean back m'am,1
okay do you mind stepping out for me real quick m'am,1
okay do you mind stepping out for me real quick mam,1
Stillwater pleece Charlene? Ma'am.,1
Stillwater pollice Charlene? Ma'am.,1
Stillwater Police. Charlene? mam,1
we can ask him to search the bag m'am,1
we can ask him to search the bag mam,1
It matches the description perfectly m'am,1
It matches the description perfectly mam,1
What happened today ser Sir.,1
What happened today sir? sirr,1
What happened today sir? ser,1
He's Cooperative sirr,1
He's Cooperative ser,1
Albuquerque Police wake up man you all right m'am,1
Albuquerque Police wake up man you all right mam,1
Albuquerque pollice wake up man you all right Ma'am.,1
Albuquerque Police wake up man you all right m'am,1
Albuquerque Police wake up man you all right mam,1
Albuquerque pollice wake up man you all right Ma'am.,1
"Hey, we'll adjust your hanz for you okay",1
"Hey, we'll adjust your handz for you okay",1
the reason why I stopped him was he was like going a little bit over the bike lane coming down east and then also when we turned on to sunset here he was is over the center line going to run him real quick mam,1
the reason why I stopped him was he was like going a little bit over the bike lane coming down east and then also when we turned on to sunset here he was is over the center line going to run him real quick m'am,1
"Albuquerque pollice wake up man you all right, do you understand?",1
"Albuquerque pleece wake up man you all right, do you understand?",1
offisser do you have an id in new mexico,1
offisr do you have an id in new mexico,1
you in the red shirt step over here put what you have in your hanz down appreciate it thank yo,1
you in the red shirt step over here put what you have in your handz down appreciate it thank yo,1
offisr do you have a mental condition?,1
offisser do you have a mental condition?,1
Is there anything on you that you shouldn't have? mam,1
Is there anything on you that you shouldn't have? m'am,1
10-4 making that call now m'am,1
10-4 making that call now mam,1
offisser okay i'm going to run him through fields,1
offisr okay i'm going to run him through fields,1
Is there anything on you that you shouldn't have? ser,1
Is there anything on you that you shouldn't have? sirr,1
okay sit down ser,1
okay sit down sirr,1
"Look, you in the red shirt step over here put what you have in your hanz down appreciate it thank yo",1
"Look, you in the red shirt step over here put what you have in your handz down appreciate it thank yo",1
"Hey, your work nife",1
"Hey, your work knif",1
pleece reason for your stop today is you were over the the line over here and then also you were in the bike lane coming down east any reason for that Please.,1
police reason for your stopp today is you were over the the line over here and then also you were in the bike lane coming down east any reason for that Please.,1
police reason for your stahp today is you were over the the line over here and then also you were in the bike lane coming down east any reason for that Please.,1
You got any weapons on you brother? m'am,1
You got any weapons on you brother? mam,1
offisser right man we're going to go get you in a car where it's a little bit safer okay,1
offisr right man we're going to go get you in a car where it's a little bit safer okay,1
Is there anything on you that you shouldn't have? mam,1
Is there anything on you that you shouldn't have? m'am,1
"Albuquerque pollice wake up man you all right, do you understand?",1
"Albuquerque pleece wake up man you all right, do you understand?",1
Oh don't worry about it man. Lets get that ID. m'am,1
Oh don't worry about it man. Lets get that ID. mam,1
Is there anything on you that you shouldn't have? ser,1
Is there anything on you that you shouldn't have? sirr,1
you in the red shirt step over here put what you have in your hands down appreciate it thank yo sirr,1
you in the red shirt step over here put what you have in your hands down appreciate it thank yo ser,1
you in the red shirt step over here put what you have in your handz down appreciate it thank yo Sir.,1
Do you have registration for the vehicle sirr,1
Do you have registration for the vehicle ser,1
I was gonna go get a hotel. m'am,1
I was gonna go get a hotel. mam,1
offisr you know take your bag off,1
offisser you know take your bag off,1
You got any weapons on you brother? m'am,1
You got any weapons on you brother? mam,1
offisser the whole car reeks of weed,1
offisr the whole car reeks of weed,1
"Ok, is that an ankle monitor? ser",1
"Ok, is that an ankle monitor? sirr",1
I didn't want you to think that there was anything concerning you know we're trying to make it home and like her mom is literally waiting for us mam,1
I didn't want you to think that there was anything concerning you know we're trying to make it home and like her mom is literally waiting for us m'am,1
You have a warrant for your arrest. mam,1
You have a warrant for your arrest. m'am,1
police reason for your stopp today is you were over the the line over here and then also you were in the bike lane coming down east any reason for that Now.,1
police reason for your stahp today is you were over the the line over here and then also you were in the bike lane coming down east any reason for that Now.,1
pleece reason for your stop today is you were over the the line over here and then also you were in the bike lane coming down east any reason for that Now.,1
offisr oh don't worry about it man. lets get that id.,1
offisser oh don't worry about it man. lets get that id.,1
offisr like schizophrenia and ptsd.,1
offisser like schizophrenia and ptsd.,1
What are you doing on your phone? m'am,1
What are you doing on your phone? mam,1
okay sit down m'am,1
okay sit down mam,1
Hey what's up man been through this once or twice huh? mam,1
Hey what's up man been through this once or twice huh? m'am,1
offisr ok. do you have a doctor here? that you see?,1
offisser ok. do you have a doctor here? that you see?,1
What's going on today? mam,1
What's going on today? m'am,1
inside yes my work knif Now.,1
inside yes my work nife Now.,1
you know take your bag off m'am,1
you know take your bag off mam,1
okay I'm going to run him through Fields mam,1
okay I'm going to run him through Fields m'am,1
pleece reason for your stop today is you were over the the line over here and then also you were in the bike lane coming down east any reason for that,1
police reason for your stopp today is you were over the the line over here and then also you were in the bike lane coming down east any reason for that,1
police reason for your stahp today is you were over the the line over here and then also you were in the bike lane coming down east any reason for that,1
But the rest is I have the right to remain silent. mam,1
But the rest is I have the right to remain silent. m'am,1
I got what might be that silver lexus they were looking for sirr,1
I got what might be that silver lexus they were looking for ser,1
offisr we're getting confirmation on that now ok?,1
offisser we're getting confirmation on that now ok?,1
Where you living at? mam,1
Where you living at? m'am,1
offisr nothing. can you come over here please?,1
offisser nothing. can you come over here please?,1
offisr what's your name?,1
offisser what's your name?,1
offisr where's your id?,1
offisser where's your id?,1
"hey I found the gunn all right, do you understand?",1
"hey I found the guhn all right, do you understand?",1
"I'm telling you, police reason for your stahp today is you were over the the line over here and then also you were in the bike lane coming down east any reason for that",1
"I'm telling you, pleece reason for your stop today is you were over the the line over here and then also you were in the bike lane coming down east any reason for that",1
"I'm telling you, police reason for your stopp today is you were over the the line over here and then also you were in the bike lane coming down east any reason for that",1
do you have an ID in New Mexico m'am,1
do you have an ID in New Mexico mam,1
offisser was out of the driver's side though that shot came from the back of the car,1
offisr was out of the driver's side though that shot came from the back of the car,1
okay I'm going to run him through Fields mam,1
okay I'm going to run him through Fields m'am,1
offisr what's going on today?,1
offisser what's going on today?,1
you in the red shirt step over here put what you have in your hands down appreciate it thank yo m'am,1
you in the red shirt step over here put what you have in your hanz down appreciate it thank yo Ma'am.,1
you in the red shirt step over here put what you have in your hands down appreciate it thank yo mam,1
offisser alright. you got your driver's license on you buddy? where you headed?,1
offisr alright. you got your driver's license on you buddy? where you headed?,1
"I'm telling you, have you ever had contact with pleece before",1
"I'm telling you, have you ever had contact with pollice before",1
we can ask him to search the bag sirr,1
we can ask him to search the bag ser,1
Do you have registration for the vehicle m'am,1
Do you have registration for the vehicle mam,1
offisser do you have your license on you boss,1
offisr do you have your license on you boss,1
offisr stillwater police. charlene?,1
offisser stillwater police. charlene?,1
"Officer, stillwater pollice charlene?",1
Yes ser,1
Yes sirr,1
You doing what now? sirr,1
You doing what now? ser,1
offisr i didn't hear nothing,1
offisser i didn't hear nothing,1
offisr is this your truck?,1
offisser is this your truck?,1
The whole car reeks of weed ser,1
The whole car reeks of weed sirr,1
offisser do me a favor just open these up real quick so i can see back there,1
offisr do me a favor just open these up real quick so i can see back there,1
offisser all right man well you be safe okay,1
offisr all right man well you be safe okay,1
"have you ever had contact with pollice before, do you understand?",1
"have you ever had contact with pleece before, do you understand?",1
Can you just open this up a little more? ser,1
Can you just open this up a little more? sirr,1
But the rest is I have the right to remain silent. mam,1
But the rest is I have the right to remain silent. m'am,1
"Look, stillwater pleece charlene?",1
"Look, stillwater pollice charlene?",1
offisser i didn't want you to think that there was anything concerning you know we're trying to make it home and like her mom is literally waiting for us,1
offisr i didn't want you to think that there was anything concerning you know we're trying to make it home and like her mom is literally waiting for us,1
Hey what's up man been through this once or twice huh? ser,1
Hey what's up man been through this once or twice huh? sirr,1
offisser i was gonna go get a hotel.,1
offisr i was gonna go get a hotel.,1
10-4 making that call now sirr,1
10-4 making that call now ser,1
You got an ID on you? sirr,1
You got an ID on you? ser,1
Is this your truck? sirr,1
Is this your truck? ser,1
Let me get that sirr,1
Let me get that ser,1
"I'm telling you, police reason for your stahp today is you were over the the line over here and then also you were in the bike lane coming down east any reason for that",1
"I'm telling you, pleece reason for your stop today is you were over the the line over here and then also you were in the bike lane coming down east any reason for that",1
"I'm telling you, police reason for your stopp today is you were over the the line over here and then also you were in the bike lane coming down east any reason for that",1
offisser do you have your license on you boss,1
offisr do you have your license on you boss,1
"What's up brother. Hey, how we doing? mam",1
"What's up brother. Hey, how we doing? m'am",1
all right well the address came out right here okay so we just have to make sure mam,1
all right well the address came out right here okay so we just have to make sure m'am,1
offisr you have a warrant for your arrest.,1
offisser you have a warrant for your arrest.,1
offisr what's your name?,1
offisser what's your name?,1
we go we're going to throw them in a car just so we don't have to stand out here in the open ser,1
we go we're going to throw them in a car just so we don't have to stand out here in the open sirr,1
offisser can you just open this up a little more?,1
offisr can you just open this up a little more?,1
offisr hey i found the gun all right,1
"Officer, hey i found the guhn all right",1
"Officer, hey i found the gunn all right",1
This may be the vehicle they're looking for m'am,1
This may be the vehicle they're looking for mam,1
"Albuquerque pollice wake up man you all right, do you understand?",1
"Albuquerque pleece wake up man you all right, do you understand?",1
okay I'm going to run him through Fields sirr,1
okay I'm going to run him through Fields ser,1
offisr where do you guys live at,1
offisser where do you guys live at,1
I'm not going to lie there's a 9mm in the car mam,1
I'm not going to lie there's a 9mm in the car m'am,1
offisr just lean back,1
offisser just lean back,1
Do you have registration for the vehicle m'am,1
Do you have registration for the vehicle mam,1
is there any else inside m'am,1
is there any else inside mam,1
please go ahead and put keys on the hood m'am,1
please go ahead and put keys on the hood mam,1
"police reason for your stahp today is you were over the the line over here and then also you were in the bike lane coming down east any reason for that, do you understand?",1
"pollice reason for your stop today is you were over the the line over here and then also you were in the bike lane coming down east any reason for that, do you understand?",1
"pleece reason for your stop today is you were over the the line over here and then also you were in the bike lane coming down east any reason for that, do you understand?",1
Whats your name. sirr,1
Whats your name. ser,1
I got all his info right here mam,1
I got all his info right here m'am,1
You have a warrant for your arrest. ser,1
You have a warrant for your arrest. sirr,1
offisr you know take your bag off,1
offisser you know take your bag off,1
offisr that's why i just like pulled over,1
offisser that's why i just like pulled over,1
offisr all the guy in the red come this way too hey you in the red come this way,1
offisser all the guy in the red come this way too hey you in the red come this way,1
follow your buddies do me a favor guys just put what you guys got down I just want to see empty handz okay we're dispatched to a call shotter or shots fired Now.,1
follow your buddies do me a favor guys just put what you guys got down I just want to see empty hanz okay we're dispatched to a call shotter or shots fired Now.,1
any guns m'am,1
any guns mam,1
offisr so what happened today?,1
offisser so what happened today?,1
"Hey, yes sirr",1
"Hey, yes ser",1
we're investigating make sure none of you guys were the ones shooting what were you doing with that broke down car back there ser,1
we're investigating make sure none of you guys were the ones shooting what were you doing with that broke down car back there sirr,1
is there any else inside m'am,1
is there any else inside mam,1
your work knif Now.,1
your work nife Now.,1
Do me a favor just pull up a little further m'am,1
Do me a favor just pull up a little further mam,1
"hey I found the gunn all right, do you understand?",1
"hey I found the guhn all right, do you understand?",1
if you shut it off real quick sirr,1
if you shut it off real quick ser,1
you know why why I hear gunshots all the time ser,1
you know why why I hear gunshots all the time sirr,1
offisser do me a favor just open these up real quick so i can see back there,1
offisr do me a favor just open these up real quick so i can see back there,1
"Look, inside yes my work nife",1
"Look, inside yes my work knif",1
What's going on whats the problem sirr,1
What's going on whats the problem ser,1
you know why why I hear gunshots all the time mam,1
you know why why I hear gunshots all the time m'am,1
we're investigating make sure none of you guys were the ones shooting what were you doing with that broke down car back there m'am,1
we're investigating make sure none of you guys were the ones shooting what were you doing with that broke down car back there mam,1
okay what was your reason for coming in here mam,1
okay what was your reason for coming in here m'am,1
"Look, yes ser",1
"Look, yes sirr",1
Hey what's up man been through this once or twice huh? ser,1
Hey what's up man been through this once or twice huh? sirr,1
offisser can you just open this up a little more?,1
offisr can you just open this up a little more?,1
Yes sirr Now.,1
Yes ser Now.,1
hey hey get up get up get up get up go sirr,1
hey hey get up get up get up get up go ser,1
"Hey, what happened today sirr",1
"Hey, what happened today ser",1
offisr he's cooperative,1
offisser he's cooperative,1
What happened today sir? mam,1
What happened today sirr Ma'am.,1
What happened today ser Ma'am.,1
"I'm telling you, albuquerque pollice wake up man you all right",1
"I'm telling you, albuquerque pleece wake up man you all right",1
do you have your license on you boss m'am,1
do you have your license on you boss mam,1
"offisr what's up brother. hey, how we doing?",1
"offisser what's up brother. hey, how we doing?",1
Where you living at? ser,1
Where you living at? sirr,1
What's your medical condition man ser,1
What's your medical condition man sirr,1
have you ever had contact with pleece before Sir.,1
have you ever had contact with police before sirr,1
have you ever had contact with police before ser,1
follow your buddies do me a favor guys just put what you guys got down I just want to see empty hands okay we're dispatched to a call shotter or shots fired sirr,1
follow your buddies do me a favor guys just put what you guys got down I just want to see empty handz okay we're dispatched to a call shotter or shots fired Sir.,1
follow your buddies do me a favor guys just put what you guys got down I just want to see empty hanz okay we're dispatched to a call shotter or shots fired Sir.,1
offisr but the rest is i have the right to remain silent.,1
offisser but the rest is i have the right to remain silent.,1
This may be the vehicle they're looking for m'am,1
This may be the vehicle they're looking for mam,1
"Look, albuquerque pleece wake up man you all right",1
"Look, albuquerque pollice wake up man you all right",1
You have a warrant for your arrest. ser,1
You have a warrant for your arrest. sirr,1
You got an ID on you? m'am,1
You got an ID on you? mam,1
"offisr what's up brother. hey, how we doing?",1
"offisser what's up brother. hey, how we doing?",1
offisser right man we're going to go get you in a car where it's a little bit safer okay,1
offisr right man we're going to go get you in a car where it's a little bit safer okay,1
What you doin sirr,1
What you doin ser,1
"I'm telling you, have you ever had contact with pleece before",1
"I'm telling you, have you ever had contact with pollice before",1
offisser you uh got the keys by chance we'll just put on top the car,1
offisr you uh got the keys by chance we'll just put on top the car,1
okay I'm going to run him through Fields sirr,1
okay I'm going to run him through Fields ser,1
we'll adjust your hanz for you okay Please.,1
we'll adjust your handz for you okay Please.,1
offisr just lean back,1
offisser just lean back,1
We're getting confirmation on that now ok? ser,1
We're getting confirmation on that now ok? sirr,1
Do you have registration for the vehicle m'am,1
Do you have registration for the vehicle mam,1
offisr 10-4 making that call now,1
offisser 10-4 making that call now,1
offisser okay i'm going to run him through fields,1
offisr okay i'm going to run him through fields,1
You have a warrant for your arrest. ser,1
You have a warrant for your arrest. sirr,1
we'll adjust your handz for you okay,1
we'll adjust your hanz for you okay,1
The whole car reeks of weed mam,1
The whole car reeks of weed m'am,1
Albuquerque pleece wake up man you all right Please.,1
Albuquerque pollice wake up man you all right Please.,1
Do me a favor open these windows up real quick mam,1
Do me a favor open these windows up real quick m'am,1
offisr like schizophrenia and ptsd.,1
offisser like schizophrenia and ptsd.,1
"Hey, yes sirr",1
"Hey, yes ser",1
"I'm telling you, we'll adjust your handz for you okay",1
"I'm telling you, we'll adjust your hanz for you okay",1
What you doin sirr,1
What you doin ser,1
"Officer, pleece reason for your stop today is you were over the the line over here and then also you were in the bike lane coming down east any reason for that",1
offisr police reason for your stop today is you were over the the line over here and then also you were in the bike lane coming down east any reason for that,1
"Officer, police reason for your stahp today is you were over the the line over here and then also you were in the bike lane coming down east any reason for that",1
Albuquerque pleece wake up man you all right,1
Albuquerque pollice wake up man you all right,1
Do me a favor just open these up real quick so I can see back there ser,1
Do me a favor just open these up real quick so I can see back there sirr,1
all right well the address came out right here okay so we just have to make sure ser,1
all right well the address came out right here okay so we just have to make sure sirr,1
inside yes my work knif Please.,1
inside yes my work nife Please.,1
"I'm telling you, police reason for your stahp today is you were over the the line over here and then also you were in the bike lane coming down east any reason for that",1
"I'm telling you, pleece reason for your stop today is you were over the the line over here and then also you were in the bike lane coming down east any reason for that",1
"I'm telling you, police reason for your stopp today is you were over the the line over here and then also you were in the bike lane coming down east any reason for that",1
offisser the whole car reeks of weed,1
offisr the whole car reeks of weed,1
"Hey, albuquerque pollice wake up man you all right",1
"Hey, albuquerque pleece wake up man you all right",1
offisr we're getting confirmation on that now ok?,1
offisser we're getting confirmation on that now ok?,1
have you ever had contact with pleece before Please.,1
have you ever had contact with pollice before Please.,1
you in the red shirt step over here put what you have in your hands down appreciate it thank yo m'am,1
you in the red shirt step over here put what you have in your hanz down appreciate it thank yo Ma'am.,1
you in the red shirt step over here put what you have in your hands down appreciate it thank yo mam,1
offisser okay what was your reason for coming in here,1
offisr okay what was your reason for coming in here,1
your work knif Ma'am.,1
your work knife mam,1
your work nife Ma'am.,1
pleece reason for your stop today is you were over the the line over here and then also you were in the bike lane coming down east any reason for that Please.,1
police reason for your stopp today is you were over the the line over here and then also you were in the bike lane coming down east any reason for that Please.,1
police reason for your stahp today is you were over the the line over here and then also you were in the bike lane coming down east any reason for that Please.,1
"Officer, we'll adjust your handz for you okay",1
offisser we'll adjust your hands for you okay,1
offisr we'll adjust your hands for you okay,1
10-4 making that call now m'am,1
10-4 making that call now mam,1
appreciate you man I'm glad you're okay ser,1
appreciate you man I'm glad you're okay sirr,1
have you ever had contact with pleece before Please.,1
have you ever had contact with pollice before Please.,1
offisser i was gonna go get a hotel.,1
offisr i was gonna go get a hotel.,1
Stillwater pollice Charlene?,1
Stillwater pleece Charlene?,1
"Look, yes sirr it is. and i have a gps while i'm out on bond.",1
"Look, yes ser it is. and i have a gps while i'm out on bond.",1
offisr please go ahead and put keys on the hood,1
offisser please go ahead and put keys on the hood,1
"Hey, yes sirr it is. and i have a gps while i'm out on bond.",1
"Hey, yes ser it is. and i have a gps while i'm out on bond.",1
Yes sirr it is. And I have a GPS while I'm out on bond. Please.,1
Yes ser it is. And I have a GPS while I'm out on bond. Please.,1
Durango going eastbound towards Wyoming m'am,1
Durango going eastbound towards Wyoming mam,1
all the guy in the red come this way too hey you in the red come this way mam,1
all the guy in the red come this way too hey you in the red come this way m'am,1
"Hey, hey i found the gunn all right",1
"Hey, hey i found the guhn all right",1
"we'll adjust your hanz for you okay, do you understand?",1
"we'll adjust your handz for you okay, do you understand?",1
"What's up brother. Hey, how we doing? mam",1
"What's up brother. Hey, how we doing? m'am",1
offisser okay i'm going to run him through fields,1
offisr okay i'm going to run him through fields,1
the reason why I stopped him was he was like going a little bit over the bike lane coming down east and then also when we turned on to sunset here he was is over the center line going to run him real quick ser,1
the reason why I stopped him was he was like going a little bit over the bike lane coming down east and then also when we turned on to sunset here he was is over the center line going to run him real quick sirr,1
Albuquerque pleece wake up man you all right Sir.,1
Albuquerque pollice wake up man you all right Sir.,1
Albuquerque Police wake up man you all right sirr,1
Is there anything on you that you shouldn't have? mam,1
Is there anything on you that you shouldn't have? m'am,1
"Hey, we'll adjust your hanz for you okay",1
"Hey, we'll adjust your handz for you okay",1
Can you just open this up a little more? ser,1
Can you just open this up a little more? sirr,1
Yes sirr it is. And I have a GPS while I'm out on bond. Please.,1
Yes ser it is. And I have a GPS while I'm out on bond. Please.,1
was out of the driver's side though that shot came from the back of the car m'am,1
was out of the driver's side though that shot came from the back of the car mam,1
offisser ok so car's registered to you cool,1
offisr ok so car's registered to you cool,1
we're investigating make sure none of you guys were the ones shooting what were you doing with that broke down car back there ser,1
we're investigating make sure none of you guys were the ones shooting what were you doing with that broke down car back there sirr,1
no we were just trying to get home honestly like the car in front of us I felt like they were getting kind of close but I understand why you you know why you were concerned mam,1
no we were just trying to get home honestly like the car in front of us I felt like they were getting kind of close but I understand why you you know why you were concerned m'am,1
offisser all right well the address came out right here okay so we just have to make sure,1
offisr all right well the address came out right here okay so we just have to make sure,1
you in the red shirt step over here put what you have in your handz down appreciate it thank yo Now.,1
you in the red shirt step over here put what you have in your hanz down appreciate it thank yo Now.,1
"I'm telling you, what happened today sirr",1
"I'm telling you, what happened today ser",1
you in the red shirt step over here put what you have in your handz down appreciate it thank yo Now.,1
you in the red shirt step over here put what you have in your hanz down appreciate it thank yo Now.,1
offisser hey hey get up get up get up get up go,1
offisr hey hey get up get up get up get up go,1
we got dispatched to shots fired going off right here sirr,1
we got dispatched to shots fired going off right here ser,1
What are you doing on your phone? ser,1
What are you doing on your phone? sirr,1
offisser do me a favor just pull up a little further,1
offisr do me a favor just pull up a little further,1
Is there anything on you that you shouldn't have? mam,1
Is there anything on you that you shouldn't have? m'am,1
offisser okay what was your reason for coming in here,1
offisr okay what was your reason for coming in here,1
"Hey, stillwater pollice charlene?",1
"Hey, stillwater pleece charlene?",1
"I'm telling you, have you ever had contact with pleece before",1
"I'm telling you, have you ever had contact with pollice before",1
pleece reason for your stop today is you were over the the line over here and then also you were in the bike lane coming down east any reason for that Please.,1
police reason for your stopp today is you were over the the line over here and then also you were in the bike lane coming down east any reason for that Please.,1
police reason for your stahp today is you were over the the line over here and then also you were in the bike lane coming down east any reason for that Please.,1
we'll adjust your hanz for you okay Now.,1
we'll adjust your handz for you okay Now.,1
you know why why I hear gunshots all the time ser,1
you know why why I hear gunshots all the time sirr,1
you hear any gunshots sirr,1
you hear any gunshots ser,1
"I'm telling you, albuquerque pollice wake up man you all right",1
"I'm telling you, albuquerque pleece wake up man you all right",1
"Albuquerque pollice wake up man you all right, do you understand?",1
"Albuquerque pleece wake up man you all right, do you understand?",1
follow your buddies do me a favor guys just put what you guys got down I just want to see empty hands okay we're dispatched to a call shotter or shots fired sirr,1
follow your buddies do me a favor guys just put what you guys got down I just want to see empty handz okay we're dispatched to a call shotter or shots fired Sir.,1
follow your buddies do me a favor guys just put what you guys got down I just want to see empty hanz okay we're dispatched to a call shotter or shots fired Sir.,1
offisr 10-4 making that call now,1
offisser 10-4 making that call now,1
offisr no we were just trying to get home honestly like the car in front of us i felt like they were getting kind of close but i understand why you you know why you were concerned,1
offisser no we were just trying to get home honestly like the car in front of us i felt like they were getting kind of close but i understand why you you know why you were concerned,1
you in the red shirt step over here put what you have in your handz down appreciate it thank yo Now.,1
you in the red shirt step over here put what you have in your hanz down appreciate it thank yo Now.,1
if you shut it off real quick m'am,1
if you shut it off real quick mam,1
hey hey get up get up get up get up go m'am,1
hey hey get up get up get up get up go mam,1
follow your buddies do me a favor guys just put what you guys got down I just want to see empty handz okay we're dispatched to a call shotter or shots fired,1
follow your buddies do me a favor guys just put what you guys got down I just want to see empty hanz okay we're dispatched to a call shotter or shots fired,1
you in the red shirt step over here put what you have in your hands down appreciate it thank yo sirr,1
you in the red shirt step over here put what you have in your hands down appreciate it thank yo ser,1
you in the red shirt step over here put what you have in your handz down appreciate it thank yo Sir.,1
please go ahead and put keys on the hood m'am,1
please go ahead and put keys on the hood mam,1
police reason for your stopp today is you were over the the line over here and then also you were in the bike lane coming down east any reason for that Now.,1
police reason for your stahp today is you were over the the line over here and then also you were in the bike lane coming down east any reason for that Now.,1
pleece reason for your stop today is you were over the the line over here and then also you were in the bike lane coming down east any reason for that Now.,1
I didn't want you to think that there was anything concerning you know we're trying to make it home and like her mom is literally waiting for us mam,1
I didn't want you to think that there was anything concerning you know we're trying to make it home and like her mom is literally waiting for us m'am,1
pleece reason for your stop today is you were over the the line over here and then also you were in the bike lane coming down east any reason for that Please.,1
police reason for your stopp today is you were over the the line over here and then also you were in the bike lane coming down east any reason for that Please.,1
police reason for your stahp today is you were over the the line over here and then also you were in the bike lane coming down east any reason for that Please.,1
offisr that go okay probably going have to go to jail for it,1
offisser that go okay probably going have to go to jail for it,1
offisser appreciate you man i'm glad you're okay,1
offisr appreciate you man i'm glad you're okay,1
offisr i'm not going to lie there's a 9mm in the car,1
offisser i'm not going to lie there's a 9mm in the car,1
"Hey, your work nife",1
"Hey, your work knif",1
do you have your license on you boss ser,1
do you have your license on you boss sirr,1
you in the red shirt step over here put what you have in your hands down appreciate it thank yo sirr,1
you in the red shirt step over here put what you have in your hands down appreciate it thank yo ser,1
you in the red shirt step over here put what you have in your handz down appreciate it thank yo Sir.,1
offisr hey i found the gun all right,1
"Officer, hey i found the guhn all right",1
"Officer, hey i found the gunn all right",1
have you ever had contact with pleece before Sir.,1
have you ever had contact with police before sirr,1
have you ever had contact with police before ser,1
is there any else inside m'am,1
is there any else inside mam,1
we're investigating make sure none of you guys were the ones shooting what were you doing with that broke down car back there ser,1
we're investigating make sure none of you guys were the ones shooting what were you doing with that broke down car back there sirr,1
Albuquerque pleece wake up man you all right,1
Albuquerque pollice wake up man you all right,1
Durango going eastbound towards Wyoming sirr,1
Durango going eastbound towards Wyoming ser,1
What you doin sirr,1
What you doin ser,1
police reason for your stopp today is you were over the the line over here and then also you were in the bike lane coming down east any reason for that Now.,1
police reason for your stahp today is you were over the the line over here and then also you were in the bike lane coming down east any reason for that Now.,1
pleece reason for your stop today is you were over the the line over here and then also you were in the bike lane coming down east any reason for that Now.,1
offisser right man we're going to go get you in a car where it's a little bit safer okay,1
offisr right man we're going to go get you in a car where it's a little bit safer okay,1
you hear any gunshots sirr,1
you hear any gunshots ser,1
offisser all right man well you be safe okay,1
offisr all right man well you be safe okay,1
Do you have a mental condition? mam,1
Do you have a mental condition? m'am,1
"Look, follow your buddies do me a favor guys just put what you guys got down i just want to see empty handz okay we're dispatched to a call shotter or shots fired",1
"Look, follow your buddies do me a favor guys just put what you guys got down i just want to see empty hanz okay we're dispatched to a call shotter or shots fired",1
I didn't want you to think that there was anything concerning you know we're trying to make it home and like her mom is literally waiting for us mam,1
I didn't want you to think that there was anything concerning you know we're trying to make it home and like her mom is literally waiting for us m'am,1
Is there anything on you that you shouldn't have? mam,1
Is there anything on you that you shouldn't have? m'am,1
Hold on we got somebody you need to talk to m'am,1
Hold on we got somebody you need to talk to mam,1
Where's your ID? m'am,1
Where's your ID? mam,1
we'll adjust your hands for you okay m'am,1
we'll adjust your hands for you okay mam,1
we'll adjust your handz for you okay Ma'am.,1
I didn't hear nothing ser,1
I didn't hear nothing sirr,1
police reason for your stop today is you were over the the line over here and then also you were in the bike lane coming down east any reason for that m'am,1
police reason for your stop today is you were over the the line over here and then also you were in the bike lane coming down east any reason for that mam,1
police reason for your stahp today is you were over the the line over here and then also you were in the bike lane coming down east any reason for that Ma'am.,1
"I'm telling you, follow your buddies do me a favor guys just put what you guys got down i just want to see empty hanz okay we're dispatched to a call shotter or shots fired",1
"I'm telling you, follow your buddies do me a favor guys just put what you guys got down i just want to see empty handz okay we're dispatched to a call shotter or shots fired",1
the reason why I stopped him was he was like going a little bit over the bike lane coming down east and then also when we turned on to sunset here he was is over the center line going to run him real quick mam,1
the reason why I stopped him was he was like going a little bit over the bike lane coming down east and then also when we turned on to sunset here he was is over the center line going to run him real quick m'am,1
hey I found the gun all right mam,1
hey I found the gunn all right Ma'am.,1
hey I found the guhn all right Ma'am.,1
offisr is this your truck?,1
offisser is this your truck?,1
offisr do you have registration for the vehicle,1
offisser do you have registration for the vehicle,1
Hold on we got somebody you need to talk to sirr,1
Hold on we got somebody you need to talk to ser,1
offisr you know why why i hear gunshots all the time,1
offisser you know why why i hear gunshots all the time,1
offisr but the rest is i have the right to remain silent.,1
offisser but the rest is i have the right to remain silent.,1
please go ahead and put keys on the hood ser,1
please go ahead and put keys on the hood sirr,1
you guys are good to go thank you sirr,1
you guys are good to go thank you ser,1
all right well the address came out right here okay so we just have to make sure mam,1
all right well the address came out right here okay so we just have to make sure m'am,1
He's Cooperative sirr,1
He's Cooperative ser,1
offisser what's going on whats the problem,1
offisr what's going on whats the problem,1
offisser is there anything on you that you shouldn't have?,1
offisr is there anything on you that you shouldn't have?,1
offisr please go ahead and put keys on the hood,1
offisser please go ahead and put keys on the hood,1
Albuquerque pleece wake up man you all right Now.,1
Albuquerque pollice wake up man you all right Now.,1
no we were just trying to get home honestly like the car in front of us I felt like they were getting kind of close but I understand why you you know why you were concerned mam,1
no we were just trying to get home honestly like the car in front of us I felt like they were getting kind of close but I understand why you you know why you were concerned m'am,1
"Officer, albuquerque pollice wake up man you all right",1
offisser albuquerque police wake up man you all right,1
offisr albuquerque police wake up man you all right,1
Stillwater pleece Charlene? Ma'am.,1
Stillwater pollice Charlene? Ma'am.,1
Stillwater Police. Charlene? mam,1
have you ever had contact with pleece before Now.,1
have you ever had contact with pollice before Now.,1
was out of the driver's side though that shot came from the back of the car m'am,1
was out of the driver's side though that shot came from the back of the car mam,1
"Stillwater pollice Charlene?, do you understand?",1
"Stillwater pleece Charlene?, do you understand?",1
inside yes my work knif,1
inside yes my work nife,1
I got all his info right here ser,1
I got all his info right here sirr,1
offisr hang tight in the vehicle man,1
offisser hang tight in the vehicle man,1
It matches the description perfectly ser,1
It matches the description perfectly sirr,1
yeah I'm good stay with him m'am,1
yeah I'm good stay with him mam,1
Do you have a mental condition? sirr,1
Do you have a mental condition? ser,1
Can you just open this up a little more? m'am,1
Can you just open this up a little more? mam,1
do you have an ID in New Mexico ser,1
do you have an ID in New Mexico sirr,1
offisser hey what's up man been through this once or twice huh?,1
offisr hey what's up man been through this once or twice huh?,1
Durango going eastbound towards Wyoming sirr,1
Durango going eastbound towards Wyoming ser,1
we'll adjust your hanz for you okay Sir.,1
we'll adjust your handz for you okay Sir.,1
we'll adjust your hands for you okay sirr,1
hey I found the gun all right mam,1
hey I found the gunn all right Ma'am.,1
hey I found the guhn all right Ma'am.,1
So what happened today? ser,1
So what happened today? sirr,1
"I'm telling you, follow your buddies do me a favor guys just put what you guys got down i just want to see empty hanz okay we're dispatched to a call shotter or shots fired",1
"I'm telling you, follow your buddies do me a favor guys just put what you guys got down i just want to see empty handz okay we're dispatched to a call shotter or shots fired",1
Just lean back mam,1
Just lean back m'am,1
you in the red shirt step over here put what you have in your hands down appreciate it thank yo sirr,1
you in the red shirt step over here put what you have in your hands down appreciate it thank yo ser,1
you in the red shirt step over here put what you have in your handz down appreciate it thank yo Sir.,1
You got an ID on you? sirr,1
You got an ID on you? ser,1
is there any else inside sirr,1
is there any else inside ser,1
I got all his info right here mam,1
I got all his info right here m'am,1
Do you have registration for the vehicle m'am,1
Do you have registration for the vehicle mam,1
follow your buddies do me a favor guys just put what you guys got down I just want to see empty hanz okay we're dispatched to a call shotter or shots fired Please.,1
follow your buddies do me a favor guys just put what you guys got down I just want to see empty handz okay we're dispatched to a call shotter or shots fired Please.,1
Can you just open this up a little more? ser,1
Can you just open this up a little more? sirr,1
we can ask him to search the bag m'am,1
we can ask him to search the bag mam,1
we go we're going to throw them in a car just so we don't have to stand out here in the open ser,1
we go we're going to throw them in a car just so we don't have to stand out here in the open sirr,1
Let me get that sirr,1
Let me get that ser,1
offisr that's why i just like pulled over,1
offisser that's why i just like pulled over,1
offisr just lean back,1
offisser just lean back,1
offisser whats your name.,1
offisr whats your name.,1
hey I found the guhn all right Now.,1
hey I found the gunn all right Now.,1
Stillwater pollice Charlene?,1
Stillwater pleece Charlene?,1
offisr where do you guys live at,1
offisser where do you guys live at,1
that go okay probably going have to go to jail for it ser,1
that go okay probably going have to go to jail for it sirr,1
"Ok, is that an ankle monitor? ser",1
"Ok, is that an ankle monitor? sirr",1
we can ask him to search the bag m'am,1
we can ask him to search the bag mam,1
What you doin m'am,1
What you doin mam,1
offisr hang tight in the vehicle man,1
offisser hang tight in the vehicle man,1
The whole car reeks of weed mam,1
The whole car reeks of weed m'am,1
offisr is there any else inside,1
offisser is there any else inside,1
okay sit down ser,1
okay sit down sirr,1
offisser hey hey get up get up get up get up go,1
offisr hey hey get up get up get up get up go,1
Where's your ID? sirr,1
Where's your ID? ser,1
You're grabbing my balls sirr,2
You're grabbing my balls ser,2
why you putting your handz on me Please.,2
why you putting your hanz on me Please.,2
"I'm telling you, you're grabbing my balls ser",2
"I'm telling you, you're grabbing my balls sirr",2
why you putting your hanz on me Now.,2
why you putting your handz on me Now.,2
why you putting your handz on me,2
why you putting your hanz on me,2
well I'm going to do it regardless m'am,2
well I'm going to do it regardless mam,2
handz behind your back now stay here,2
hanz behind your back now stay here,2
Am I under arrest or no? m'am,2
Am I under arrest or no? mam,2
"Ok I'm willing to listen, come on lets talk. m'am",2
"Ok I'm willing to listen, come on lets talk. mam",2
Put your handz behind your back. Now.,2
Put your hanz behind your back. Now.,2
I told you exactly what I was going to do okay m'am,2
I told you exactly what I was going to do okay mam,2
he's possibly 55 locked himself in sirr,2
he's possibly 55 locked himself in ser,2
hey Rudolph hey open the door mam,2
hey Rudolph hey open the door m'am,2
I'll stand right here I'm fine. sirr,2
I'll stand right here I'm fine. ser,2
offisr don't move knuckles together,2
offisser don't move knuckles together,2
Am I under arrest or no? m'am,2
Am I under arrest or no? mam,2
you are not supposed to touch me mam,2
you are not supposed to touch me m'am,2
offisr start us another one 1040,2
offisser start us another one 1040,2
"I'm telling you, why you putting your handz on me",2
"I'm telling you, why you putting your hanz on me",2
"Hey, i'm telling you to take off your seatbelt and step out. why don't we do this. put your handz alright.",2
"Hey, i'm telling you to take off your seatbelt and step out. why don't we do this. put your hanz alright.",2
offisser did you just hear me? look at me. take off your seat belt.,2
offisr did you just hear me? look at me. take off your seat belt.,2
Get out of my face fat boy. sirr,2
Get out of my face fat boy. ser,2
you are not supposed to touch me ser,2
you are not supposed to touch me sirr,2
don't move Knuckles together m'am,2
don't move Knuckles together mam,2
you are not supposed to touch me ser,2
you are not supposed to touch me sirr,2
offisr i'll stand right here i'm fine.,2
offisser i'll stand right here i'm fine.,2
offisr he always dodging around my questions,2
offisser he always dodging around my questions,2
offisser are you requesting me.. or..,2
offisr are you requesting me.. or..,2
"offisr uh yea, you're fine. you don't have any id on you? here why don't you do me a favor and take off your seatbelt and step out.",2
"offisser uh yea, you're fine. you don't have any id on you? here why don't you do me a favor and take off your seatbelt and step out.",2
I'm telling you to take off your seatbelt and step out! Why don't we do this! Put your handz alright!,2
I'm telling you to take off your seatbelt and step out! Why don't we do this! Put your hanz alright!,2
why you putting your hands on me ser,2
why you putting your hanz on me Sir.,2
why you putting your handz on me Sir.,2
"offisser what do you, why do you need to know this stuff?",2
"offisr what do you, why do you need to know this stuff?",2
start us another one 1040 m'am,2
start us another one 1040 mam,2
You're grabbing my balls sirr,2
You're grabbing my balls ser,2
don't have to touch me mam,2
don't have to touch me m'am,2
he's possibly 55 locked himself in mam,2
he's possibly 55 locked himself in m'am,2
well I'm going to do it regardless m'am,2
well I'm going to do it regardless mam,2
Put your handz behind your back. Please.,2
Put your hanz behind your back. Please.,2
he always dodging around my questions m'am,2
he always dodging around my questions mam,2
hey Rudolph hey open the door sirr,2
hey Rudolph hey open the door ser,2
You got that arm. m'am,2
You got that arm. mam,2
offisr i told you exactly what i was going to do okay,2
offisser i told you exactly what i was going to do okay,2
"What do you, why do you need to know this stuff? m'am",2
"What do you, why do you need to know this stuff? mam",2
I'm telling you to take off your seatbelt and step out. Why don't we do this. Put your hanz alright. Now.,2
I'm telling you to take off your seatbelt and step out. Why don't we do this. Put your handz alright. Now.,2
I told you exactly what I was going to do okay m'am,2
I told you exactly what I was going to do okay mam,2
offisr don't have to touch me,2
offisser don't have to touch me,2
why you putting your handz on me,2
why you putting your hanz on me,2
no separate your feet separate your feet sirr,2
no separate your feet separate your feet ser,2
Are you requesting me.. or.. ser,2
Are you requesting me.. or.. sirr,2
offisr now you're just detained okay,2
offisser now you're just detained okay,2
we have five detained right now sirr,2
we have five detained right now ser,2
now you're just detained okay m'am,2
now you're just detained okay mam,2
you're being detained you're not free to leave m'am,2
you're being detained you're not free to leave mam,2
you're being detained you're not free to leave ser,2
you're being detained you're not free to leave sirr,2
Sit on the ground. mam,2
Sit on the ground. m'am,2
"offisr ok i'm willing to listen, come on lets talk.",2
"offisser ok i'm willing to listen, come on lets talk.",2
offisr we have five detained right now,2
offisser we have five detained right now,2
offisser you're grabbing my balls sir,2
offisr you're grabbing my balls sir,2
"Officer, you're grabbing my balls sirr",2
you are not supposed to touch me mam,2
you are not supposed to touch me m'am,2
I'm telling you to take off your seatbelt and step out. Why don't we do this. Put your hanz alright. Ma'am.,2
I'm telling you to take off your seatbelt and step out. Why don't we do this. Put your handz alright. Ma'am.,2
I'm telling you to take off your seatbelt and step out. Why don't we do this. Put your hands... alright. mam,2
You're grabbing my balls sirr do you understand?,2
You're grabbing my balls ser do you understand?,2
now you're just detained okay ser,2
now you're just detained okay sirr,2
now you're just detained okay ser,2
now you're just detained okay sirr,2
why you putting your hanz on me Now.,2
why you putting your handz on me Now.,2
"Uh yea, you're fine. You don't have any ID on you? Here why don't you do me a favor and take off your seatbelt and step out. sirr",2
"Uh yea, you're fine. You don't have any ID on you? Here why don't you do me a favor and take off your seatbelt and step out. ser",2
"Uh yea, you're fine. You don't have any ID on you? Here why don't you do me a favor and take off your seatbelt and step out. sirr",2
"Uh yea, you're fine. You don't have any ID on you? Here why don't you do me a favor and take off your seatbelt and step out. ser",2
he's possibly 55 locked himself in mam,2
he's possibly 55 locked himself in m'am,2
you're being detained you're not free to leave ser,2
you're being detained you're not free to leave sirr,2
start us another one 1040 m'am,2
start us another one 1040 mam,2
"I'm telling you, why you putting your handz on me",2
"I'm telling you, why you putting your hanz on me",2
"I'm telling you, you're grabbing my balls ser",2
"I'm telling you, you're grabbing my balls sirr",2
"Hey, i'm telling you to take off your seatbelt and step out. why don't we do this. put your handz alright.",2
"Hey, i'm telling you to take off your seatbelt and step out. why don't we do this. put your hanz alright.",2
you're being detained you're not free to leave ser,2
you're being detained you're not free to leave sirr,2
"Why man, I'm gonna comply bro, you just. m'am",2
"Why man, I'm gonna comply bro, you just. mam",2
You're grabbing my balls sirr Now.,2
You're grabbing my balls ser Now.,2
go ahead you can ask thank you keep the window rolled down mam,2
go ahead you can ask thank you keep the window rolled down m'am,2
Put your handz behind your back. Now.,2
Put your hanz behind your back. Now.,2
It's not Ben Day. I got your picture pulled up man. m'am,2
It's not Ben Day. I got your picture pulled up man. mam,2
he always dodging around my questions ser,2
he always dodging around my questions sirr,2
don't yes you do you do need a woman to touch me don't touch me okay don't touch me mam,2
don't yes you do you do need a woman to touch me don't touch me okay don't touch me m'am,2
I'm telling you to get out of the vehicle right now ser,2
I'm telling you to get out of the vehicle right now sirr,2
offisr he's possibly 55 locked himself in,2
offisser he's possibly 55 locked himself in,2
offisser no separate your feet separate your feet,2
offisr no separate your feet separate your feet,2
Put your hands behind your back. mam,2
Put your hands behind your back. m'am,2
Put your hanz behind your back. Ma'am.,2
don't have to touch me ser,2
don't have to touch me sirr,2
now you're just detained okay ser,2
now you're just detained okay sirr,2
don't move Knuckles together sirr,2
don't move Knuckles together ser,2
offisr getting real evasive with his answers,2
offisser getting real evasive with his answers,2
now you're just detained okay ser,2
now you're just detained okay sirr,2
"offisser what do you, why do you need to know this stuff?",2
"offisr what do you, why do you need to know this stuff?",2
You're grabbing my balls sir sirr,2
You're grabbing my balls ser Sir.,2
You're grabbing my balls sirr Sir.,2
"handz behind your back now stay here, do you understand?",2
"hanz behind your back now stay here, do you understand?",2
That is not me. How are you gonna tell me who I am. m'am,2
That is not me. How are you gonna tell me who I am. mam,2
Sit on the ground. ser,2
Sit on the ground. sirr,2
well I'm going to do it regardless m'am,2
well I'm going to do it regardless mam,2
I'm telling you to get out of the vehicle right now m'am,2
I'm telling you to get out of the vehicle right now mam,2
"What do you, why do you need to know this stuff? sirr",2
"What do you, why do you need to know this stuff? ser",2
offisr get out of my face fat boy.,2
offisser get out of my face fat boy.,2
he's possibly 55 locked himself in sirr,2
he's possibly 55 locked himself in ser,2
I'm telling you to take off your seatbelt and step out. Why don't we do this. Put your hands... alright. sirr,2
I'm telling you to take off your seatbelt and step out. Why don't we do this. Put your handz alright. Sir.,2
I'm telling you to take off your seatbelt and step out. Why don't we do this. Put your hands... alright. ser,2
Put your hands behind your back. mam,2
Put your hands behind your back. m'am,2
Put your hanz behind your back. Ma'am.,2
"I'm telling you, i'm telling you to take off your seatbelt and step out. why don't we do this. put your handz alright.",2
"I'm telling you, i'm telling you to take off your seatbelt and step out. why don't we do this. put your hanz alright.",2
offisr you're being detained you're not free to leave,2
offisser you're being detained you're not free to leave,2
I'm telling you to take off your seatbelt and step out! Why don't we do this! Put your handz alright!,2
I'm telling you to take off your seatbelt and step out! Why don't we do this! Put your hanz alright!,2
"offisser what do you, why do you need to know this stuff?",2
"offisr what do you, why do you need to know this stuff?",2
You're grabbing my balls sirr Please.,2
You're grabbing my balls ser Please.,2
offisser that is not me. how are you gonna tell me who i am.,2
offisr that is not me. how are you gonna tell me who i am.,2
"Hey, put your handz behind your back.",2
"Hey, put your hanz behind your back.",2
"Officer, i'm telling you to take off your seatbelt and step out. why don't we do this. put your hanz alright.",2
offisser i'm telling you to take off your seatbelt and step out. why don't we do this. put your hands... alright.,2
offisr i'm telling you to take off your seatbelt and step out. why don't we do this. put your hands... alright.,2
don't have to touch me mam,2
don't have to touch me m'am,2
"Officer, why you putting your handz on me",2
"Officer, why you putting your hanz on me",2
offisser why you putting your hands on me,2
"offisser why man, i'm gonna comply bro, you just.",2
"offisr why man, i'm gonna comply bro, you just.",2
"Look, put your handz behind your back.",2
"Look, put your hanz behind your back.",2
"offisser why man, i'm gonna comply bro, you just.",2
"offisr why man, i'm gonna comply bro, you just.",2
"Hey, why you putting your handz on me",2
"Hey, why you putting your hanz on me",2
Sit on the ground. mam,2
Sit on the ground. m'am,2
he always dodging around my questions m'am,2
he always dodging around my questions mam,2
offisr hey rudolph hey open the door,2
offisser hey rudolph hey open the door,2
I told you exactly what I was going to do okay ser,2
I told you exactly what I was going to do okay sirr,2
offisr get out of my face fat boy.,2
offisser get out of my face fat boy.,2
offisser you are not supposed to touch me,2
offisr you are not supposed to touch me,2
well I'm going to do it regardless sirr,2
well I'm going to do it regardless ser,2
we have five detained right now sirr,2
we have five detained right now ser,2
offisser am i under arrest or no?,2
offisr am i under arrest or no?,2
you're being detained you're not free to leave ser,2
you're being detained you're not free to leave sirr,2
You sprayed that shit right in my face mam,3
You sprayed that shit right in my face m'am,3
"I'm on the ground, I'm on the ground ser",3
"I'm on the ground, I'm on the ground sirr",3
put your hands up put your hanz up get on the curb Hands Up Get on the curb Please.,3
put your hands up put your handz up get on the curb Hands Up Get on the curb Please.,3
put your handz up put your hands up get on the curb Hands Up Get on the curb Please.,3
I got one black male running ser,3
I got one black male running sirr,3
Let go. Give me your hand now mam,3
Let go. Give me your hand now m'am,3
offisr if you fail to comply,3
offisser if you fail to comply,3
No you didn't. Put both handz up now! Now.,3
No you didn't. Put both hanz up now! Now.,3
"Bro, kam down. Please.",3
"Bro, com down. Please.",3
"Hey, 1050 foot bail foot bail foot pursuit stahp stop do it now",3
"Hey, 1050 foot bail foot bail foot pursuit stop stopp do it now",3
"Hey, 1050 foot bail foot bail foot pursuit stop stahp do it now",3
put it in park put it in park now he's taking off sirr,3
put it in park put it in park now he's taking off ser,3
I got one white male running mam,3
I got one white male running m'am,3
offisr shut your vehicle off turn the vehicle off throw the keys out the window,3
offisser shut your vehicle off turn the vehicle off throw the keys out the window,3
I am com and it's not about to be. I wanna stay calm. I wanna stay calm Please.,3
"I am calm, and it's not about to be. I wanna stay com I wanna stay calm Please.",3
"I am calm, and it's not about to be. I wanna stay calm. I wanna stay com Please.",3
offisser get off my neck,3
offisr get off my neck,3
put your hanz up put your hands up get on the curb Hands Up Get on the curb,3
put your handz up put your hands up get on the curb Hands Up Get on the curb,3
put your hands up put your hands up get on the curb handz Up Get on the curb,3
put your hanz up put your hands up get on the curb Hands Up Get on the curb Ma'am.,3
put your hands up put your hands up get on the curb handz Up Get on the curb Ma'am.,3
put your hands up put your hands up get on the curb Hands Up Get on the curb m'am,3
"I'm telling you, stahp banging on the door bruh",3
"I'm telling you, stopp banging on the door bruh",3
"I am calm, and it's not about to be. I wanna stay calm. I wanna stay calm mam",3
I am com and it's not about to be. I wanna stay calm. I wanna stay calm Ma'am.,3
I am kam and it's not about to be. I wanna stay calm. I wanna stay calm Ma'am.,3
"Watch out, spray, spray ser",3
"Watch out, spray, spray sirr",3
offisr give me your arm now.,3
offisser give me your arm now.,3
Shut your fucking mouth bitch. ser,3
Shut your fucking mouth bitch. sirr,3
"I'm telling you, stahp moving stop moving relax stop moving",3
"I'm telling you, stop moving stop moving relax stopp moving",3
"I'm telling you, stop moving stopp moving relax stop moving",3
1050 foot bail foot bail foot pursuit stop stopp do it now,3
1050 foot bail foot bail foot pursuit stopp stop do it now,3
1050 foot bail foot bail foot pursuit stop stahp do it now,3
stop moving stahp moving relax stop moving Now.,3
stop moving stop moving relax stopp moving Now.,3
stahp moving stop moving relax stop moving Now.,3
offisr turn the car off turn it off,3
offisser turn the car off turn it off,3
"Look, stop moving stahp moving relax stop moving",3
"Look, stop moving stopp moving relax stop moving",3
"Look, stahp moving stop moving relax stop moving",3
I got one black male running mam,3
I got one black male running m'am,3
No you didn't. Put both handz up now! Please.,3
No you didn't. Put both hanz up now! Please.,3
"stop moving stahp moving relax stop moving, do you understand?",3
"stahp moving stop moving relax stop moving, do you understand?",3
"stop moving stopp moving relax stop moving, do you understand?",3
He's running sirr,3
He's running ser,3
I am kam and it's not about to be. I wanna stay calm. I wanna stay calm Now.,3
"I am calm, and it's not about to be. I wanna stay calm. I wanna stay kam Now.",3
"I am calm, and it's not about to be. I wanna stay com I wanna stay calm Now.",3
put your hands up put your hanz up get on the curb Hands Up Get on the curb Please.,3
put your hands up put your handz up get on the curb Hands Up Get on the curb Please.,3
put your handz up put your hands up get on the curb Hands Up Get on the curb Please.,3
offisr get his arm behind his back right now,3
offisser get his arm behind his back right now,3
"I'm telling you, hey tommy. last time we came here, they had us go hanz on with her 3 times. so.",3
"I'm telling you, hey tommy. last time we came here, they had us go handz on with her 3 times. so.",3
"I'm on the ground, I'm on the ground ser",3
"I'm on the ground, I'm on the ground sirr",3
offisr if you fail to comply,3
offisser if you fail to comply,3
shut your vehicle off turn the vehicle off throw the keys out the window ser,3
shut your vehicle off turn the vehicle off throw the keys out the window sirr,3
"OC, OC. Get on the ground. m'am",3
"OC, OC. Get on the ground. mam",3
"I'm telling you, i am calm, and it's not about to be. i wanna stay calm. i wanna stay kam",3
"I'm telling you, i am kam and it's not about to be. i wanna stay calm. i wanna stay calm",3
"I'm telling you, i am calm, and it's not about to be. i wanna stay com i wanna stay calm",3
"He's trying to break that window, he's gonna pop it out m'am",3
"He's trying to break that window, he's gonna pop it out mam",3
"I am calm, and it's not about to be! I wanna stay calm! I wanna stay kam",3
"I am calm, and it's not about to be! I wanna stay kam I wanna stay calm",3
I am kam and it's not about to be! I wanna stay calm! I wanna stay calm,3
"He's trying to break that window, he's gonna pop it out m'am",3
"He's trying to break that window, he's gonna pop it out mam",3
offisr put it in park put it in park now he's taking off,3
offisser put it in park put it in park now he's taking off,3
I am kam and it's not about to be. I wanna stay calm. I wanna stay calm Now.,3
"I am calm, and it's not about to be. I wanna stay calm. I wanna stay kam Now.",3
"I am calm, and it's not about to be. I wanna stay com I wanna stay calm Now.",3
"Hey, stop moving stahp moving relax stop moving",3
"Hey, stop moving stop moving relax stopp moving",3
"Hey, stop moving stop moving relax stahp moving",3
"Hey, stop moving stahp moving relax stop moving",3
"Hey, stop moving stop moving relax stopp moving",3
"Hey, stop moving stop moving relax stahp moving",3
I got one white male running mam,3
I got one white male running m'am,3
offisser no you didn't. put both hands up now!,3
"Officer, no you didn't. put both handz up now!",3
"Officer, no you didn't. put both hanz up now!",3
If you fail to comply sirr,3
If you fail to comply ser,3
"Officer, stopp moving stop moving relax stop moving",3
offisser stop moving stop moving relax stop moving,3
"Officer, stahp moving stop moving relax stop moving",3
You break that and you're gonna get the whole can of pepper spray man ser,3
You break that and you're gonna get the whole can of pepper spray man sirr,3
Stop banging on the door bruh sirr,3
stahp banging on the door bruh Sir.,3
Stop banging on the door bruh ser,3
"Hey, stop moving stahp moving relax stop moving",3
"Hey, stop moving stop moving relax stopp moving",3
"Hey, stop moving stop moving relax stahp moving",3
"I am calm, and it's not about to be! I wanna stay calm! I wanna stay kam",3
"I am calm, and it's not about to be! I wanna stay kam I wanna stay calm",3
I am kam and it's not about to be! I wanna stay calm! I wanna stay calm,3
Let go. Give me your hand now ser,3
Let go. Give me your hand now sirr,3
I got one white male running mam,3
I got one white male running m'am,3
"I am calm, and it's not about to be. I wanna stay calm. I wanna stay calm mam",3
I am com and it's not about to be. I wanna stay calm. I wanna stay calm Ma'am.,3
I am kam and it's not about to be. I wanna stay calm. I wanna stay calm Ma'am.,3
"I'm telling you, hey tommy. last time we came here, they had us go hanz on with her 3 times. so.",3
"I'm telling you, hey tommy. last time we came here, they had us go handz on with her 3 times. so.",3
Show me 31 sirr,3
Show me 31 ser,3
stahp moving stop moving relax stop moving,3
stop moving stop moving relax stopp moving,3
stopp moving stop moving relax stop moving,3
"put your hands up put your hands up get on the curb handz Up Get on the curb , do you understand?",3
"put your hands up put your hanz up get on the curb Hands Up Get on the curb , do you understand?",3
"put your hands up put your hands up get on the curb hanz Up Get on the curb , do you understand?",3
"I'm on the ground, I'm on the ground mam",3
"I'm on the ground, I'm on the ground m'am",3
put it in park put it in park now he's taking off sirr,3
put it in park put it in park now he's taking off ser,3
"Officer, 1050 foot bail foot bail foot pursuit stop stopp do it now",3
offisr 1050 foot bail foot bail foot pursuit stop stop do it now,3
"Officer, 1050 foot bail foot bail foot pursuit stopp stop do it now",3
"OC, OC. Get on the ground. m'am",3
"OC, OC. Get on the ground. mam",3
"Officer, 1050 foot bail foot bail foot pursuit stop stopp do it now",3
offisr 1050 foot bail foot bail foot pursuit stop stop do it now,3
"Officer, 1050 foot bail foot bail foot pursuit stopp stop do it now",3
offisr i got one white male running,3
offisser i got one white male running,3
No you didn't. Put both hands up now! ser,3
No you didn't. Put both hanz up now! Sir.,3
No you didn't. Put both handz up now! Sir.,3
Get his arm behind his back right now sirr,3
Get his arm behind his back right now ser,3
stop moving stop moving relax stopp moving Sir.,3
stop moving stop moving relax stop moving sirr,3
stop moving stop moving relax stop moving ser,3
No you didn't. Put both handz up now! Now.,3
No you didn't. Put both hanz up now! Now.,3
"I'm telling you, stahp banging on the door bruh",3
"I'm telling you, stopp banging on the door bruh",3
"offisr hey tommy. last time we came here, they had us go hands on with her 3 times. so.",3
"Officer, hey tommy. last time we came here, they had us go handz on with her 3 times. so.",3
"offisser hey tommy. last time we came here, they had us go hands on with her 3 times. so.",3
"Officer, stopp banging on the door bruh",3
offisr stop banging on the door bruh,3
offisser stop banging on the door bruh,3
"Officer, bro, kam down.",3
"Officer, bro, com down.",3
"offisr bro, calm down.",3
"Look, hey tommy. last time we came here, they had us go handz on with her 3 times. so.",3
"Look, hey tommy. last time we came here, they had us go hanz on with her 3 times. so.",3
offisr if you fail to comply,3
offisser if you fail to comply,3
1050 foot bail foot bail foot pursuit stop stopp do it now,3
1050 foot bail foot bail foot pursuit stopp stop do it now,3
1050 foot bail foot bail foot pursuit stop stahp do it now,3
I can't breath m'am,3
I can't breath mam,3
put it in park put it in park now he's taking off sirr,3
put it in park put it in park now he's taking off ser,3
"Hey, i am calm, and it's not about to be. i wanna stay com i wanna stay calm",3
"Hey, i am calm, and it's not about to be. i wanna stay calm. i wanna stay com",3
"Hey, i am kam and it's not about to be. i wanna stay calm. i wanna stay calm",3
put your hands up put your hands up get on the curb Hands Up Get on the curb ser,3
put your hands up put your hanz up get on the curb Hands Up Get on the curb Sir.,3
put your hands up put your hands up get on the curb hanz Up Get on the curb Sir.,3
offisr i got one white male running,3
offisser i got one white male running,3
I got one white male running ser,3
I got one white male running sirr,3
stop moving stop moving relax stahp moving Please.,3
stop moving stop moving relax stopp moving Please.,3
stopp moving stop moving relax stop moving Please.,3
"I'm telling you, i am calm, and it's not about to be. i wanna stay calm. i wanna stay kam",3
"I'm telling you, i am kam and it's not about to be. i wanna stay calm. i wanna stay calm",3
"I'm telling you, i am calm, and it's not about to be. i wanna stay com i wanna stay calm",3
"offisser watch out, spray, spray",3
"offisr watch out, spray, spray",3
You sprayed that shit right in my face mam,3
You sprayed that shit right in my face m'am,3
"offisr he's trying to break that window, he's gonna pop it out",3
"offisser he's trying to break that window, he's gonna pop it out",3
"He's trying to break that window, he's gonna pop it out m'am",3
"He's trying to break that window, he's gonna pop it out mam",3
"I'm telling you, 1050 foot bail foot bail foot pursuit stop stahp do it now",3
"I'm telling you, 1050 foot bail foot bail foot pursuit stahp stop do it now",3
"I'm telling you, 1050 foot bail foot bail foot pursuit stop stopp do it now",3
"Back up, Back up. ser",3
"Back up, Back up. sirr",3
No you didn't! Put both hanz up now!,3
No you didn't! Put both handz up now!,3
"Look, no you didn't. put both handz up now!",3
"Look, no you didn't. put both hanz up now!",3
you're gonna get sprayed again ser,3
you're gonna get sprayed again sirr,3
"Look, i am com and it's not about to be. i wanna stay calm. i wanna stay calm",3
"Look, i am calm, and it's not about to be. i wanna stay calm. i wanna stay com",3
"Look, i am calm, and it's not about to be. i wanna stay calm. i wanna stay kam",3
stahp moving stop moving relax stop moving,3
stop moving stop moving relax stopp moving,3
stopp moving stop moving relax stop moving,3
"Look, hey tommy. last time we came here, they had us go handz on with her 3 times. so.",3
"Look, hey tommy. last time we came here, they had us go hanz on with her 3 times. so.",3
"Hey, stahp banging on the door bruh",3
"Hey, stopp banging on the door bruh",3
"Hey Tommy. Last time we came here, they had us go handz on with her 3 times. So. Sir.",3
"Hey Tommy. Last time we came here, they had us go hanz on with her 3 times. So. Sir.",3
"Hey Tommy. Last time we came here, they had us go hands on with her 3 times. So. sirr",3
"Look, i am com and it's not about to be. i wanna stay calm. i wanna stay calm",3
"Look, i am calm, and it's not about to be. i wanna stay calm. i wanna stay com",3
"Look, i am calm, and it's not about to be. i wanna stay calm. i wanna stay kam",3
stop moving stop moving relax stahp moving Please.,3
stop moving stop moving relax stopp moving Please.,3
stopp moving stop moving relax stop moving Please.,3
I got one black male running mam,3
I got one black male running m'am,3
"I'm on the ground, I'm on the ground mam",3
"I'm on the ground, I'm on the ground m'am",3
you're gonna get sprayed again ser,3
you're gonna get sprayed again sirr,3
"offisr please bro, i'm gonna get maced again, please bro",3
"offisser please bro, i'm gonna get maced again, please bro",3
"Look, stop moving stahp moving relax stop moving",3
"Look, stop moving stopp moving relax stop moving",3
"Look, stahp moving stop moving relax stop moving",3
Give me your arm now. sirr,3
Give me your arm now. ser,3
He's running sirr,3
He's running ser,3
No you didn't. Put both hands up now! mam,3
No you didn't. Put both hanz up now! Ma'am.,3
No you didn't. Put both hands up now! m'am,3
stahp banging on the door bruh,3
stopp banging on the door bruh,3
Let go. Give me your hand now mam,3
Let go. Give me your hand now m'am,3
offisser i can't breath,3
offisr i can't breath,3
offisser show me 31,3
offisr show me 31,3
"offisr please bro, i'm gonna get maced again, please bro",3
"offisser please bro, i'm gonna get maced again, please bro",3
"Hey, i am calm, and it's not about to be. i wanna stay com i wanna stay calm",3
"Hey, i am calm, and it's not about to be. i wanna stay calm. i wanna stay com",3
"Hey, i am kam and it's not about to be. i wanna stay calm. i wanna stay calm",3
offisr you sprayed that shit right in my face,3
offisser you sprayed that shit right in my face,3
No you didn't! Put both hanz up now!,3
No you didn't! Put both handz up now!,3
1050 foot bail foot bail foot pursuit stop stop do it now m'am,3
1050 foot bail foot bail foot pursuit stop stop do it now mam,3
1050 foot bail foot bail foot pursuit stop stahp do it now Ma'am.,3
"offisser i am calm, and it's not about to be. i wanna stay calm. i wanna stay calm",3
"Officer, i am calm, and it's not about to be. i wanna stay com i wanna stay calm",3
"Officer, i am calm, and it's not about to be. i wanna stay kam i wanna stay calm",3
He's running mam,3
He's running m'am,3
You stupid little bitch. mam,3
You stupid little bitch. m'am,3
"Hey, stahp banging on the door bruh",3
"Hey, stopp banging on the door bruh",3
I can't breath at all m'am,3
I can't breath at all mam,3
offisr if you fail to comply,3
offisser if you fail to comply,3
"Hey, stop moving stahp moving relax stop moving",3
"Hey, stop moving stop moving relax stopp moving",3
"Hey, stop moving stop moving relax stahp moving",3
If you fail to comply mam,3
If you fail to comply m'am,3
"Look, bro, kam down.",3
"Look, bro, com down.",3
"No you didn't. Put both hanz up now!, do you understand?",3
"No you didn't. Put both handz up now!, do you understand?",3
offisr i got one white male running,3
offisser i got one white male running,3
"Look, stahp banging on the door bruh",3
"Look, stopp banging on the door bruh",3
"Bro, calm down. sirr",3
"Bro, kam down. Sir.",3
"Bro, com down. Sir.",3
offisr give me your arm now.,3
offisser give me your arm now.,3
offisr put it in park put it in park now he's taking off,3
offisser put it in park put it in park now he's taking off,3
"He's trying to break that window, he's gonna pop it out m'am",3
"He's trying to break that window, he's gonna pop it out mam",3
You're about to fucking get sprayed again if you keep kicking the window. mam,3
You're about to fucking get sprayed again if you keep kicking the window. m'am,3
No you didn't. Put both handz up now! Now.,3
No you didn't. Put both hanz up now! Now.,3
"Hey Tommy. Last time we came here, they had us go hanz on with her 3 times. So., do you understand?",3
"Hey Tommy. Last time we came here, they had us go handz on with her 3 times. So., do you understand?",3
"Hey Tommy. Last time we came here, they had us go handz on with her 3 times. So. Sir.",3
"Hey Tommy. Last time we came here, they had us go hanz on with her 3 times. So. Sir.",3
"Hey Tommy. Last time we came here, they had us go hands on with her 3 times. So. sirr",3
tazer deployed Now.,4
Hit him again. Put your hands behind your back. handz behind your back. Release em. Now.,4
Hit him again. Put your hanz behind your back. Hands behind your back. Release em. Now.,4
Hit him again. Put your handz behind your back. Hands behind your back. Release em. Now.,4
Hit him again! Put your handz behind your back! Hands behind your back! Release em!,4
Hit him again! Put your hands behind your back! handz behind your back! Release em!,4
Hit him again! Put your hanz behind your back! Hands behind your back! Release em!,4
"Look, stop pollice you're gonna get tased",4
"Look, stop pleece you're gonna get tased",4
"Look, stahp police you're gonna get tased",4
"Officer, hit him again. put your handz behind your back. hands behind your back. release em.",4
offisser hit him again. put your hands behind your back. hands behind your back. release em.,4
"Officer, hit him again. put your hands behind your back. hanz behind your back. release em.",4
Hit him again! Put your handz behind your back! Hands behind your back! Release em!,4
Hit him again! Put your hands behind your back! handz behind your back! Release em!,4
Hit him again! Put your hanz behind your back! Hands behind your back! Release em!,4
Hit him again. Put your hands behind your back. handz behind your back. Release em. Ma'am.,4
Hit him again. Put your hands behind your back. hanz behind your back. Release em. Ma'am.,4
Hit him again. Put your hands behind your back. Hands behind your back. Release em. mam,4
tazer deployed Now.,4
"Hey, tazer deployed",4
"Officer, hit him again. put your handz behind your back. hands behind your back. release em.",4
offisser hit him again. put your hands behind your back. hands behind your back. release em.,4
"Officer, hit him again. put your hands behind your back. hanz behind your back. release em.",4
"Officer, hit him again. put your handz behind your back. hands behind your back. release em.",4
offisser hit him again. put your hands behind your back. hands behind your back. release em.,4
"Officer, hit him again. put your hands behind your back. hanz behind your back. release em.",4
"Look, hit him again. put your hands behind your back. handz behind your back. release em.",4
"Look, hit him again. put your hanz behind your back. hands behind your back. release em.",4
"Look, hit him again. put your hands behind your back. hanz behind your back. release em.",4
"Look, hit him again. put your hands behind your back. handz behind your back. release em.",4
"Look, hit him again. put your hanz behind your back. hands behind your back. release em.",4
"Look, hit him again. put your hands behind your back. hanz behind your back. release em.",4
"Officer, hit him again. put your handz behind your back. hands behind your back. release em.",4
offisser hit him again. put your hands behind your back. hands behind your back. release em.,4
"Officer, hit him again. put your hands behind your back. hanz behind your back. release em.",4
"If you TASE me, I'm telling you it's gonna get hot in this bitch. I'm telling you it's gonna get hot. I don't care. Go ahead. Officer: I'm gonna TASE you. mam",4
"If you TASE me, I'm telling you it's gonna get hot in this bitch. I'm telling you it's gonna get hot. I don't care. Go ahead. Officer: I'm gonna TASE you. m'am",4
"If you TASE me, I'm telling you it's gonna get hot in this bitch. I'm telling you it's gonna get hot. I don't care. Go ahead. Officer: I'm gonna TASE you. sirr",4
"If you TASE me, I'm telling you it's gonna get hot in this bitch. I'm telling you it's gonna get hot. I don't care. Go ahead. Officer: I'm gonna TASE you. ser",4
TASER deployed mam,4
tazer deployed Ma'am.,4
TASER deployed m'am,4
"offisr listen, you're about to get tased",4
"offisser listen, you're about to get tased",4
"I'm telling you, stop pollice you're gonna get tased",4
"I'm telling you, stop pleece you're gonna get tased",4
"I'm telling you, stopp police you're gonna get tased",4
"Listen, you're about to get TASED ser",4
"Listen, you're about to get TASED sirr",4
tazer deployed Now.,4
"I'm telling you, tazer deployed",4
"Look, stop pollice you're gonna get tased",4
"Look, stop pleece you're gonna get tased",4
"Look, stahp police you're gonna get tased",4
tazer deployed,4
climb out the window you better figure the out right now you do anything other than you're told your is going to get hit with this rubber bullet you understand m'am,4
climb out the window you better figure the out right now you do anything other than you're told your is going to get hit with this rubber bullet you understand mam,4
"Hey, stop pleece you're gonna get tased",4
"Hey, stopp police you're gonna get tased",4
"Hey, stop pollice you're gonna get tased",4
"If you TASE me, I'm telling you it's gonna get hot in this bitch. I'm telling you it's gonna get hot. I don't care. Go ahead. Officer: I'm gonna TASE you. mam",4
"If you TASE me, I'm telling you it's gonna get hot in this bitch. I'm telling you it's gonna get hot. I don't care. Go ahead. Officer: I'm gonna TASE you. m'am",4
"If you TASE me, I'm telling you it's gonna get hot in this bitch. I'm telling you it's gonna get hot. I don't care. Go ahead. Officer: I'm gonna TASE you. mam",4
"If you TASE me, I'm telling you it's gonna get hot in this bitch. I'm telling you it's gonna get hot. I don't care. Go ahead. Officer: I'm gonna TASE you. m'am",4
stahp police you're gonna get TASED Please.,4
Stop pleece you're gonna get TASED Please.,4
stopp police you're gonna get TASED Please.,4
"Officer, hit him again. put your handz behind your back. hands behind your back. release em.",4
offisser hit him again. put your hands behind your back. hands behind your back. release em.,4
"Officer, hit him again. put your hands behind your back. hanz behind your back. release em.",4
"stopp police you're gonna get TASED, do you understand?",4
"stahp police you're gonna get TASED, do you understand?",4
"Stop pleece you're gonna get TASED, do you understand?",4
Hit him again. Put your handz behind your back. Hands behind your back. Release em. Please.,4
Hit him again. Put your hands behind your back. handz behind your back. Release em. Please.,4
Hit him again. Put your hanz behind your back. Hands behind your back. Release em. Please.,4
"I'm telling you, stop pollice you're gonna get tased",4
"I'm telling you, stop pleece you're gonna get tased",4
"I'm telling you, stopp police you're gonna get tased",4
Hit him again. Put your hands behind your back. handz behind your back. Release em. Ma'am.,4
Hit him again. Put your hands behind your back. hanz behind your back. Release em. Ma'am.,4
Hit him again. Put your hands behind your back. Hands behind your back. Release em. mam,4
climb out the window you better figure the out right now you do anything other than you're told your is going to get hit with this rubber bullet you understand m'am,4
climb out the window you better figure the out right now you do anything other than you're told your is going to get hit with this rubber bullet you understand mam,4
Hit him again. Put your hands behind your back. handz behind your back. Release em. Sir.,4
Hit him again. Put your hands behind your back. Hands behind your back. Release em. ser,4
Hit him again. Put your hanz behind your back. Hands behind your back. Release em. Sir.,4
Stop pleece you're gonna get TASED Now.,4
Stop pollice you're gonna get TASED Now.,4
stahp police you're gonna get TASED Now.,4
"Hey, stop pleece you're gonna get tased",4
"Hey, stopp police you're gonna get tased",4
"Hey, stop pollice you're gonna get tased",4
"Hey, stop pleece you're gonna get tased",4
"Hey, stopp police you're gonna get tased",4
"Hey, stop pollice you're gonna get tased",4
"I'm telling you, tazer deployed",4
"Listen, you're about to get TASED ser",4
"Listen, you're about to get TASED sirr",4
Stop pollice you're gonna get TASED Sir.,4
stahp police you're gonna get TASED Sir.,4
Stop police you're gonna get TASED sirr,4
Hit him again. Put your hands behind your back. handz behind your back. Release em. Ma'am.,4
Hit him again. Put your hands behind your back. hanz behind your back. Release em. Ma'am.,4
Hit him again. Put your hands behind your back. Hands behind your back. Release em. mam,4
"Listen, you're about to get TASED m'am",4
"Listen, you're about to get TASED mam",4
"Hey, tazer deployed",4
climb out the window you better figure the out right now you do anything other than you're told your is going to get hit with this rubber bullet you understand m'am,4
climb out the window you better figure the out right now you do anything other than you're told your is going to get hit with this rubber bullet you understand mam,4
"Officer, stop pollice you're gonna get tased",4
"Officer, stahp police you're gonna get tased",4
"Officer, stopp police you're gonna get tased",4
"I'm telling you, stop pollice you're gonna get tased",4
"I'm telling you, stop pleece you're gonna get tased",4
"I'm telling you, stopp police you're gonna get tased",4
"If you TASE me, I'm telling you it's gonna get hot in this bitch. I'm telling you it's gonna get hot. I don't care. Go ahead. Officer: I'm gonna TASE you. sirr",4
"If you TASE me, I'm telling you it's gonna get hot in this bitch. I'm telling you it's gonna get hot. I don't care. Go ahead. Officer: I'm gonna TASE you. ser",4
"offisr listen, you're about to get tased",4
"offisser listen, you're about to get tased",4
"Hit him again. Put your hands behind your back. hanz behind your back. Release em., do you understand?",4
"Hit him again. Put your handz behind your back. Hands behind your back. Release em., do you understand?",4
"Hit him again. Put your hands behind your back. handz behind your back. Release em., do you understand?",4
offisr climb out the window you better figure the out right now you do anything other than you're told your is going to get hit with this rubber bullet you understand,4
offisser climb out the window you better figure the out right now you do anything other than you're told your is going to get hit with this rubber bullet you understand,4
"offisr if you tase me, i'm telling you it's gonna get hot in this bitch. i'm telling you it's gonna get hot. i don't care. go ahead. officer: i'm gonna tase you.",4
"offisser if you tase me, i'm telling you it's gonna get hot in this bitch. i'm telling you it's gonna get hot. i don't care. go ahead. officer: i'm gonna tase you.",4
"I'm telling you, stop pollice you're gonna get tased",4
"I'm telling you, stop pleece you're gonna get tased",4
"I'm telling you, stopp police you're gonna get tased",4
tazer deployed Now.,4
"Officer, tazer deployed",4
offisr taser deployed,4
offisser taser deployed,4
"Hey, stop pleece you're gonna get tased",4
"Hey, stopp police you're gonna get tased",4
"Hey, stop pollice you're gonna get tased",4
tazer deployed Now.,4
Hit him again! Put your handz behind your back! Hands behind your back! Release em!,4
Hit him again! Put your hands behind your back! handz behind your back! Release em!,4
Hit him again! Put your hanz behind your back! Hands behind your back! Release em!,4
"Look, stop pollice you're gonna get tased",4
"Look, stop pleece you're gonna get tased",4
"Look, stahp police you're gonna get tased",4
Stop pleece you're gonna get TASED Now.,4
Stop pollice you're gonna get TASED Now.,4
stahp police you're gonna get TASED Now.,4
"Officer, stop pollice you're gonna get tased",4
"Officer, stahp police you're gonna get tased",4
"Officer, stopp police you're gonna get tased",4
"She just goes nuts, makes suicidal statements, and tries to fight with the cops all the time so. ser",4
"She just goes nuts, makes suicidal statements, and tries to fight with the cops all the time so. sirr",4
tazer deployed,4
Hit him again. Put your hands behind your back. handz behind your back. Release em. Ma'am.,4
Hit him again. Put your hands behind your back. hanz behind your back. Release em. Ma'am.,4
Hit him again. Put your hands behind your back. Hands behind your back. Release em. mam,4
"She just goes nuts, makes suicidal statements, and tries to fight with the cops all the time so. ser",4
"She just goes nuts, makes suicidal statements, and tries to fight with the cops all the time so. sirr",4
"tazer deployed, do you understand?",4
"Hit him again. Put your hands behind your back. hanz behind your back. Release em., do you understand?",4
"Hit him again. Put your handz behind your back. Hands behind your back. Release em., do you understand?",4
"Hit him again. Put your hands behind your back. handz behind your back. Release em., do you understand?",4
offisr climb out the window you better figure the out right now you do anything other than you're told your is going to get hit with this rubber bullet you understand,4
offisser climb out the window you better figure the out right now you do anything other than you're told your is going to get hit with this rubber bullet you understand,4
"stopp police you're gonna get TASED, do you understand?",4
"stahp police you're gonna get TASED, do you understand?",4
"Stop pleece you're gonna get TASED, do you understand?",4
"I'm telling you, hit him again. put your handz behind your back. hands behind your back. release em.",4
"I'm telling you, hit him again. put your hanz behind your back. hands behind your back. release em.",4
"I'm telling you, hit him again. put your hands behind your back. hanz behind your back. release em.",4
"I'm telling you, tazer deployed",4
TASER deployed ser,4
tazer deployed Sir.,4
TASER deployed sirr,4
"She just goes nuts, makes suicidal statements, and tries to fight with the cops all the time so. ser",4
"She just goes nuts, makes suicidal statements, and tries to fight with the cops all the time so. sirr",4
Hit him again. Put your hands behind your back. handz behind your back. Release em. Ma'am.,4
Hit him again. Put your hands behind your back. hanz behind your back. Release em. Ma'am.,4
Hit him again. Put your hands behind your back. Hands behind your back. Release em. mam,4
"offisr if you tase me, i'm telling you it's gonna get hot in this bitch. i'm telling you it's gonna get hot. i don't care. go ahead. officer: i'm gonna tase you.",4
"offisser if you tase me, i'm telling you it's gonna get hot in this bitch. i'm telling you it's gonna get hot. i don't care. go ahead. officer: i'm gonna tase you.",4
TASER deployed mam,4
tazer deployed Ma'am.,4
TASER deployed m'am,4
"offisr listen, you're about to get tased",4
"offisser listen, you're about to get tased",4
tazer deployed Now.,4
"Look, tazer deployed",4
"Listen, you're about to get TASED m'am",4
"Listen, you're about to get TASED mam",4
tazer deployed,4
TASER deployed mam,4
tazer deployed Ma'am.,4
TASER deployed m'am,4
"stopp police you're gonna get TASED, do you understand?",4
"stahp police you're gonna get TASED, do you understand?",4
"Stop pleece you're gonna get TASED, do you understand?",4
"offisser she just goes nuts, makes suicidal statements, and tries to fight with the cops all the time so.",4
"offisr she just goes nuts, makes suicidal statements, and tries to fight with the cops all the time so.",4
"offisser she just goes nuts, makes suicidal statements, and tries to fight with the cops all the time so.",4
"offisr she just goes nuts, makes suicidal statements, and tries to fight with the cops all the time so.",4
"She just goes nuts, makes suicidal statements, and tries to fight with the cops all the time so. mam",4
"She just goes nuts, makes suicidal statements, and tries to fight with the cops all the time so. m'am",4
stopp police you're gonna get TASED,4
stahp police you're gonna get TASED,4
Stop pleece you're gonna get TASED,4
"tazer deployed, do you understand?",4
"Listen, you're about to get TASED ser",4
"Listen, you're about to get TASED sirr",4
Stop pleece you're gonna get TASED Now.,4
Stop pollice you're gonna get TASED Now.,4
stahp police you're gonna get TASED Now.,4
Hit him again. Put your hands behind your back. handz behind your back. Release em. Now.,4
Hit him again. Put your hanz behind your back. Hands behind your back. Release em. Now.,4
Hit him again. Put your handz behind your back. Hands behind your back. Release em. Now.,4
Hit him again. Put your hands behind your back. handz behind your back. Release em. Sir.,4
Hit him again. Put your hands behind your back. Hands behind your back. Release em. ser,4
Hit him again. Put your hanz behind your back. Hands behind your back. Release em. Sir.,4
tazer deployed Now.,4
"Officer, stop pollice you're gonna get tased",4
"Officer, stahp police you're gonna get tased",4
"Officer, stopp police you're gonna get tased",4
Hit him again! Put your handz behind your back! Hands behind your back! Release em!,4
Hit him again! Put your hands behind your back! handz behind your back! Release em!,4
Hit him again! Put your hanz behind your back! Hands behind your back! Release em!,4
tazer deployed,4
"Officer, stop pollice you're gonna get tased",4
"Officer, stahp police you're gonna get tased",4
"Officer, stopp police you're gonna get tased",4
climb out the window you better figure the out right now you do anything other than you're told your is going to get hit with this rubber bullet you understand ser,4
climb out the window you better figure the out right now you do anything other than you're told your is going to get hit with this rubber bullet you understand sirr,4
"If you TASE me, I'm telling you it's gonna get hot in this bitch. I'm telling you it's gonna get hot. I don't care. Go ahead. Officer: I'm gonna TASE you. mam",4
"If you TASE me, I'm telling you it's gonna get hot in this bitch. I'm telling you it's gonna get hot. I don't care. Go ahead. Officer: I'm gonna TASE you. m'am",4
"Hey, tazer deployed",4
"Officer, hit him again. put your handz behind your back. hands behind your back. release em.",4
offisser hit him again. put your hands behind your back. hands behind your back. release em.,4
"Officer, hit him again. put your hands behind your back. hanz behind your back. release em.",4
"Officer, stop pollice you're gonna get tased",4
"Officer, stahp police you're gonna get tased",4
"Officer, stopp police you're gonna get tased",4
"stopp police you're gonna get TASED, do you understand?",4
"stahp police you're gonna get TASED, do you understand?",4
"Stop pleece you're gonna get TASED, do you understand?",4
stahp police you're gonna get TASED Please.,4
Stop pleece you're gonna get TASED Please.,4
stopp police you're gonna get TASED Please.,4
"Hey, stop pleece you're gonna get tased",4
"Hey, stopp police you're gonna get tased",4
"Hey, stop pollice you're gonna get tased",4
"She just goes nuts, makes suicidal statements, and tries to fight with the cops all the time so. ser",4
"She just goes nuts, makes suicidal statements, and tries to fight with the cops all the time so. sirr",4
"Look, tazer deployed",4
Stop pollice you're gonna get TASED Ma'am.,4
Stop police you're gonna get TASED mam,4
Stop police you're gonna get TASED m'am,4
tazer deployed Now.,4
"stopp police you're gonna get TASED, do you understand?",4
"stahp police you're gonna get TASED, do you understand?",4
"Stop pleece you're gonna get TASED, do you understand?",4
"Hit him again. Put your hands behind your back. hanz behind your back. Release em., do you understand?",4
"Hit him again. Put your handz behind your back. Hands behind your back. Release em., do you understand?",4
"Hit him again. Put your hands behind your back. handz behind your back. Release em., do you understand?",4
"tazer deployed, do you understand?",4
"Look, hit him again. put your hands behind your back. handz behind your back. release em.",4
"Look, hit him again. put your hanz behind your back. hands behind your back. release em.",4
"Look, hit him again. put your hands behind your back. hanz behind your back. release em.",4
"Officer, stop pollice you're gonna get tased",4
"Officer, stahp police you're gonna get tased",4
"Officer, stopp police you're gonna get tased",4
"Hey, stop pleece you're gonna get tased",4
"Hey, stopp police you're gonna get tased",4
"Hey, stop pollice you're gonna get tased",4
"stopp police you're gonna get TASED, do you understand?",4
"stahp police you're gonna get TASED, do you understand?",4
"Stop pleece you're gonna get TASED, do you understand?",4
"Hit him again. Put your hands behind your back. hanz behind your back. Release em., do you understand?",4
"Hit him again. Put your handz behind your back. Hands behind your back. Release em., do you understand?",4
"Hit him again. Put your hands behind your back. handz behind your back. Release em., do you understand?",4
"I'm telling you, stop pollice you're gonna get tased",4
"I'm telling you, stop pleece you're gonna get tased",4
"I'm telling you, stopp police you're gonna get tased",4
"Look, hit him again. put your hands behind your back. handz behind your back. release em.",4
"Look, hit him again. put your hanz behind your back. hands behind your back. release em.",4
"Look, hit him again. put your hands behind your back. hanz behind your back. release em.",4
"She just goes nuts, makes suicidal statements, and tries to fight with the cops all the time so. mam",4
"She just goes nuts, makes suicidal statements, and tries to fight with the cops all the time so. m'am",4
"Look, stop pollice you're gonna get tased",4
"Look, stop pleece you're gonna get tased",4
"Look, stahp police you're gonna get tased",4
"offisr listen, you're about to get tased",4
"offisser listen, you're about to get tased",4
"tazer deployed, do you understand?",4
"She just goes nuts, makes suicidal statements, and tries to fight with the cops all the time so. ser",4
"She just goes nuts, makes suicidal statements, and tries to fight with the cops all the time so. sirr",4
"I'm telling you, hit him again. put your handz behind your back. hands behind your back. release em.",4
"I'm telling you, hit him again. put your hanz behind your back. hands behind your back. release em.",4
"I'm telling you, hit him again. put your hands behind your back. hanz behind your back. release em.",4
"I'm telling you, stop pollice you're gonna get tased",4
"I'm telling you, stop pleece you're gonna get tased",4
"I'm telling you, stopp police you're gonna get tased",4
"Listen, you're about to get TASED m'am",4
"Listen, you're about to get TASED mam",4
Hit him again. Put your hands behind your back. handz behind your back. Release em. Sir.,4
Hit him again. Put your hands behind your back. Hands behind your back. Release em. ser,4
Hit him again. Put your hanz behind your back. Hands behind your back. Release em. Sir.,4
Put it on the ground. Put it on the ground. mam,5
Put it on the ground. Put it on the ground. m'am,5
"No, shoot me! shuut me! I'll kill you! I'll kill you!",5
"No, shuut me! Shoot me! I'll kill you! I'll kill you!",5
"No, shott me! Shoot me! I'll kill you! I'll kill you!",5
"He's following me around with a nife I need another new unit. I need another unit., do you understand?",5
"He's following me around with a knif I need another new unit. I need another unit., do you understand?",5
offisr back up back up i got cover i got cover,5
offisser back up back up i got cover i got cover,5
"Hey, put your hanz out of the car now",5
"Hey, put your handz out of the car now",5
offisr let me see your hands! put it down now!,5
offisser let me see your hands! put it down now!,5
"Officer, let me see your handz put it down now!",5
"Hey, put your hanz out of the car do it now",5
"Hey, put your handz out of the car do it now",5
Put your hands out of the car do it now sirr,5
Put your hands out of the car do it now ser,5
Put your handz out of the car do it now Sir.,5
"Put the gunn down!, do you understand?",5
"Put the guhn down!, do you understand?",5
"I'm telling you, let me see your handz put it down now!",5
"I'm telling you, let me see your hanz put it down now!",5
"Look, he's following me around with a nife i need another new unit. i need another unit.",5
"Look, he's following me around with a knif i need another new unit. i need another unit.",5
Put your hanz out of the car now,5
Put your handz out of the car now,5
"Shots fired, shots fired, shots fired. sirr",5
"Shots fired, shots fired, shots fired. ser",5
"Look, take two steps to your right walk backwards stopp yeah i got him back down walk backwards",5
"Look, take two steps to your right walk backwards stahp yeah i got him back down walk backwards",5
offisser put your hands out of the car do it now,5
"Officer, put your handz out of the car do it now",5
offisr put your hands out of the car do it now,5
He's following me around with a nife I need another new unit. I need another unit. Please.,5
He's following me around with a knif I need another new unit. I need another unit. Please.,5
offisser put your hands out of the car do it now,5
"Officer, put your handz out of the car do it now",5
offisr put your hands out of the car do it now,5
Stop! Stop! Stop! Put the gunn down! Put the gun down! Put the,5
Stop! Stop! Stop! Put the gun down! Put the guhn down! Put the,5
Stop! stahp Stop! Put the gun down! Put the gun down! Put the,5
Drop the guhn do you understand?,5
Drop the gunn do you understand?,5
Drop the gunn Please.,5
Drop the guhn Please.,5
Let me see your hanz Put it down now! Please.,5
Let me see your handz Put it down now! Please.,5
grab your shirt at the top of your neck right there pull it up all the way up I need to see your waistband front and back take it off turn around stop walk back towards the sound of my voice sirr,5
grab your shirt at the top of your neck right there pull it up all the way up I need to see your waistband front and back take it off turn around stopp walk back towards the sound of my voice Sir.,5
grab your shirt at the top of your neck right there pull it up all the way up I need to see your waistband front and back take it off turn around stop walk back towards the sound of my voice ser,5
Put the guhn down! Now.,5
Put the gunn down! Now.,5
Drop the gunn now! Now.,5
Drop the guhn now! Now.,5
"grab your shirt at the top of your neck right there pull it up all the way up I need to see your waistband front and back take it off turn around stopp walk back towards the sound of my voice, do you understand?",5
"grab your shirt at the top of your neck right there pull it up all the way up I need to see your waistband front and back take it off turn around stahp walk back towards the sound of my voice, do you understand?",5
Cross fire cross fire m'am,5
Cross fire cross fire mam,5
Don't fucking move ser,5
Don't fucking move sirr,5
"I'm telling you, stop. stahp stop. put the gun down. put the gun down. put the",5
"I'm telling you, stop. stop. stop. put the gun down. put the gunn down. put the",5
"I'm telling you, stahp stop. stop. put the gun down. put the gun down. put the",5
Drop the guhn now!,5
Drop the gunn now!,5
offisr let me see your hands! put it down now!,5
offisser let me see your hands! put it down now!,5
"Officer, let me see your handz put it down now!",5
"Hey, he's following me around with a nife i need another new unit. i need another unit.",5
"Hey, he's following me around with a knif i need another new unit. i need another unit.",5
"Put your hanz out of the car do it now, do you understand?",5
"Put your handz out of the car do it now, do you understand?",5
Drop the gunn now! Now.,5
Drop the guhn now! Now.,5
Don't fucking move m'am,5
Don't fucking move mam,5
take two steps to your right walk backwards stahp yeah I got him back down walk backwards Sir.,5
take two steps to your right walk backwards stop yeah I got him back down walk backwards ser,5
take two steps to your right walk backwards stopp yeah I got him back down walk backwards Sir.,5
"No, shoot me! shuut me! I'll kill you! I'll kill you!",5
"No, shuut me! Shoot me! I'll kill you! I'll kill you!",5
"No, shott me! Shoot me! I'll kill you! I'll kill you!",5
"offisr get your fucking face out of here, before i stab you.",5
"offisser get your fucking face out of here, before i stab you.",5
Put the guhn down! Now.,5
Put the gunn down! Now.,5
offisser put your hands out of the car do it now,5
"Officer, put your handz out of the car do it now",5
offisr put your hands out of the car do it now,5
Drop the gunn Now.,5
Drop the guhn Now.,5
"Stop. stopp Stop. Put the gun down. Put the gun down. Put the, do you understand?",5
"Stop. Stop. stopp Put the gun down. Put the gun down. Put the, do you understand?",5
"stahp Stop. Stop. Put the gun down. Put the gun down. Put the, do you understand?",5
Drop the guhn now!,5
Drop the gunn now!,5
offisser put your hands out of the car do it now,5
"Officer, put your handz out of the car do it now",5
offisr put your hands out of the car do it now,5
"Look, put the gunn down!",5
"Look, put the guhn down!",5
offisr let me see your hands! put it down now!,5
offisser let me see your hands! put it down now!,5
"Officer, let me see your handz put it down now!",5
offisr i've been hit.,5
offisser i've been hit.,5
He's following me around with a nife I need another new unit. I need another unit. Please.,5
He's following me around with a knif I need another new unit. I need another unit. Please.,5
"Drop the gunn now!, do you understand?",5
"Drop the guhn now!, do you understand?",5
"Look, grab your shirt at the top of your neck right there pull it up all the way up i need to see your waistband front and back take it off turn around stopp walk back towards the sound of my voice",5
"Look, grab your shirt at the top of your neck right there pull it up all the way up i need to see your waistband front and back take it off turn around stahp walk back towards the sound of my voice",5
"Stop. stopp Stop. Put the gun down. Put the gun down. Put the, do you understand?",5
"Stop. Stop. stopp Put the gun down. Put the gun down. Put the, do you understand?",5
"stahp Stop. Stop. Put the gun down. Put the gun down. Put the, do you understand?",5
"Put your hanz out of the car do it now, do you understand?",5
"Put your handz out of the car do it now, do you understand?",5
Cross fire cross fire sirr,5
Cross fire cross fire ser,5
offisr i've been hit.,5
offisser i've been hit.,5
"I'm telling you, put the gunn down!",5
"I'm telling you, put the guhn down!",5
offisr don't fucking move,5
offisser don't fucking move,5
"Let me see your handz Put it down now!, do you understand?",5
"Let me see your hanz Put it down now!, do you understand?",5
grab your shirt at the top of your neck right there pull it up all the way up I need to see your waistband front and back take it off turn around stopp walk back towards the sound of my voice,5
grab your shirt at the top of your neck right there pull it up all the way up I need to see your waistband front and back take it off turn around stahp walk back towards the sound of my voice,5
offisr drop the gun!,5
"Officer, drop the gunn",5
"Officer, drop the guhn",5
998. 998. ser,5
998. 998. sirr,5
grab your shirt at the top of your neck right there pull it up all the way up I need to see your waistband front and back take it off turn around stopp walk back towards the sound of my voice,5
grab your shirt at the top of your neck right there pull it up all the way up I need to see your waistband front and back take it off turn around stahp walk back towards the sound of my voice,5
take two steps to your right walk backwards stahp yeah I got him back down walk backwards Sir.,5
take two steps to your right walk backwards stop yeah I got him back down walk backwards ser,5
take two steps to your right walk backwards stopp yeah I got him back down walk backwards Sir.,5
offisser he's down he's down. where are you hit?,5
offisr he's down he's down. where are you hit?,5
"Shots fired, shots fired, shots fired. sirr",5
"Shots fired, shots fired, shots fired. ser",5
offisr put your hands out of the car now,5
offisser put your hands out of the car now,5
"Officer, put your hanz out of the car now",5
"I'm telling you, put the gunn down!",5
"I'm telling you, put the guhn down!",5
"Officer, put the knif down",5
offisser put the knife down,5
offisr put the knife down,5
Stop. Stop. Stop. Put the gun down. Put the gun down. Put the ser,5
Stop. Stop. Stop. Put the gun down. Put the gun down. Put the sirr,5
Stop. stopp Stop. Put the gun down. Put the gun down. Put the Sir.,5
"He's following me around with a nife I need another new unit. I need another unit., do you understand?",5
"He's following me around with a knif I need another new unit. I need another unit., do you understand?",5
grab your shirt at the top of your neck right there pull it up all the way up I need to see your waistband front and back take it off turn around stop walk back towards the sound of my voice sirr,5
grab your shirt at the top of your neck right there pull it up all the way up I need to see your waistband front and back take it off turn around stopp walk back towards the sound of my voice Sir.,5
grab your shirt at the top of your neck right there pull it up all the way up I need to see your waistband front and back take it off turn around stop walk back towards the sound of my voice ser,5
"Shots fired, shots fired, shots fired. m'am",5
"Shots fired, shots fired, shots fired. mam",5
"Hey, put the guhn down!",5
"Hey, put the gunn down!",5
"Officer, he's following me around with a nife i need another new unit. i need another unit.",5
"offisser he's following me around with a knife, i need another new unit. i need another unit.",5
"Officer, he's following me around with a knif i need another new unit. i need another unit.",5
"Officer, no, shoot me. shott me. i'll kill you. i'll kill you.",5
"Officer, no, shott me. shoot me. i'll kill you. i'll kill you.",5
"Officer, no, shoot me. shuut me. i'll kill you. i'll kill you.",5
grab your shirt at the top of your neck right there pull it up all the way up I need to see your waistband front and back take it off turn around stahp walk back towards the sound of my voice Please.,5
grab your shirt at the top of your neck right there pull it up all the way up I need to see your waistband front and back take it off turn around stopp walk back towards the sound of my voice Please.,5
stahp Stop. Stop. Put the gun down. Put the gun down. Put the Ma'am.,5
Stop. stopp Stop. Put the gun down. Put the gun down. Put the Ma'am.,5
Stop. Stop. stopp Put the gun down. Put the gun down. Put the Ma'am.,5
"No, shuut me. Shoot me. I'll kill you. I'll kill you., do you understand?",5
"No, shott me. Shoot me. I'll kill you. I'll kill you., do you understand?",5
"No, shoot me. shuut me. I'll kill you. I'll kill you., do you understand?",5
"No, shuut me. Shoot me. I'll kill you. I'll kill you. Ma'am.",5
"No, shoot me. Shoot me. I'll kill you. I'll kill you. mam",5
"No, shoot me. Shoot me. I'll kill you. I'll kill you. m'am",5
Put your handz out of the car now Please.,5
Put your hanz out of the car now Please.,5
He's down he's down. Where are you hit? sirr,5
He's down he's down. Where are you hit? ser,5
"offisr shots fired, shots fired, shots fired.",5
"offisser shots fired, shots fired, shots fired.",5
offisser put your hands out of the car do it now,5
"Officer, put your handz out of the car do it now",5
offisr put your hands out of the car do it now,5
offisser put it on the ground. put it on the ground.,5
offisr put it on the ground. put it on the ground.,5
"I'm telling you, take two steps to your right walk backwards stopp yeah i got him back down walk backwards",5
"I'm telling you, take two steps to your right walk backwards stahp yeah i got him back down walk backwards",5
Drop the guhn Ma'am.,5
Drop the gunn Ma'am.,5
Drop the gun! mam,5
"Officer, put the knif down",5
offisser put the knife down,5
offisr put the knife down,5
"No, shoot me. Shoot me. I'll kill you. I'll kill you. sirr",5
"No, shuut me. Shoot me. I'll kill you. I'll kill you. Sir.",5
"No, shott me. Shoot me. I'll kill you. I'll kill you. Sir.",5
Shots fired shots fired front door hes at the front door mam,5
Shots fired shots fired front door hes at the front door m'am,5
998. 998. mam,5
998. 998. m'am,5
"She's choking on her own blood man, come on. sirr",5
"She's choking on her own blood man, come on. ser",5
"offisr shots fired, shots fired, shots fired.",5
"offisser shots fired, shots fired, shots fired.",5
grab your shirt at the top of your neck right there pull it up all the way up I need to see your waistband front and back take it off turn around stahp walk back towards the sound of my voice Please.,5
grab your shirt at the top of your neck right there pull it up all the way up I need to see your waistband front and back take it off turn around stopp walk back towards the sound of my voice Please.,5
Back up back up I got cover I got cover sirr,5
Back up back up I got cover I got cover ser,5
He's down he's down. Where are you hit? mam,5
He's down he's down. Where are you hit? m'am,5
Stop! Stop! Stop! Put the gunn down! Put the gun down! Put the,5
Stop! Stop! Stop! Put the gun down! Put the guhn down! Put the,5
Stop! stahp Stop! Put the gun down! Put the gun down! Put the,5
grab your shirt at the top of your neck right there pull it up all the way up I need to see your waistband front and back take it off turn around stopp walk back towards the sound of my voice Now.,5
grab your shirt at the top of your neck right there pull it up all the way up I need to see your waistband front and back take it off turn around stahp walk back towards the sound of my voice Now.,5
Put your handz out of the car do it now Ma'am.,5
Put your hands out of the car do it now mam,5
Put your hanz out of the car do it now Ma'am.,5
Put your handz out of the car now Please.,5
Put your hanz out of the car now Please.,5
Back up back up I got cover I got cover sirr,5
Back up back up I got cover I got cover ser,5
"Officer, grab your shirt at the top of your neck right there pull it up all the way up i need to see your waistband front and back take it off turn around stopp walk back towards the sound of my voice",5
offisr grab your shirt at the top of your neck right there pull it up all the way up i need to see your waistband front and back take it off turn around stop walk back towards the sound of my voice,5
"Officer, grab your shirt at the top of your neck right there pull it up all the way up i need to see your waistband front and back take it off turn around stahp walk back towards the sound of my voice",5
"Officer, put the knif down",5
offisser put the knife down,5
offisr put the knife down,5
Put the nife down,5
Put the knif down,5
Put your handz out of the car do it now,5
Put your hanz out of the car do it now,5
take two steps to your right walk backwards stahp yeah I got him back down walk backwards Ma'am.,5
take two steps to your right walk backwards stop yeah I got him back down walk backwards mam,5
take two steps to your right walk backwards stop yeah I got him back down walk backwards m'am,5
Put the guhn down!,5
Put the gunn down!,5
Yo you shot him yo. m'am,5
Yo you shot him yo. mam,5
"No, shoot me. Shoot me. I'll kill you. I'll kill you. sirr",5
"No, shuut me. Shoot me. I'll kill you. I'll kill you. Sir.",5
"No, shott me. Shoot me. I'll kill you. I'll kill you. Sir.",5
"Hey, drop the gunn",5
"Hey, drop the guhn",5
"I'm telling you, let me see your handz put it down now!",5
"I'm telling you, let me see your hanz put it down now!",5
"She's choking on her own blood man, come on. sirr",5
"She's choking on her own blood man, come on. ser",5
Put the guhn down! Sir.,5
Put the gun down! ser,5
Put the gun down! sirr,5
Drop the guhn now! Please.,5
Drop the gunn now! Please.,5
"Look, grab your shirt at the top of your neck right there pull it up all the way up i need to see your waistband front and back take it off turn around stopp walk back towards the sound of my voice",5
"Look, grab your shirt at the top of your neck right there pull it up all the way up i need to see your waistband front and back take it off turn around stahp walk back towards the sound of my voice",5
"No, shuut me. Shoot me. I'll kill you. I'll kill you. Ma'am.",5
"No, shoot me. Shoot me. I'll kill you. I'll kill you. mam",5
"No, shoot me. Shoot me. I'll kill you. I'll kill you. m'am",5
Put it on the ground. Put it on the ground. mam,5
Put it on the ground. Put it on the ground. m'am,5
stahp Stop. Stop. Put the gun down. Put the gun down. Put the Ma'am.,5
Stop. stopp Stop. Put the gun down. Put the gun down. Put the Ma'am.,5
Stop. Stop. stopp Put the gun down. Put the gun down. Put the Ma'am.,5
grab your shirt at the top of your neck right there pull it up all the way up I need to see your waistband front and back take it off turn around stop walk back towards the sound of my voice sirr,5
grab your shirt at the top of your neck right there pull it up all the way up I need to see your waistband front and back take it off turn around stopp walk back towards the sound of my voice Sir.,5
grab your shirt at the top of your neck right there pull it up all the way up I need to see your waistband front and back take it off turn around stop walk back towards the sound of my voice ser,5
Drop the guhn now! Please.,5
Drop the gunn now! Please.,5
Stop. Stop. Stop. Put the guhn down. Put the gun down. Put the Please.,5
stopp Stop. Stop. Put the gun down. Put the gun down. Put the Please.,5
Stop. Stop. Stop. Put the gunn down. Put the gun down. Put the Please.,5
"I'm telling you, drop the gunn",5
"I'm telling you, drop the guhn",5
got shots fired by a black Durango heading eastbound on Chico sirr,5
got shots fired by a black Durango heading eastbound on Chico ser,5
Don't fucking move ser,5
Don't fucking move sirr,5
I think I left my flashlight in the car.,0
"This is unit 42, arriving on scene.",0
"I have visual on the individual, standing by for instructions.",0
"This is unit 42, arriving on scene.",0
Let's set up a perimeter before we proceed.,0
I need backup at the intersection of Main and 5th.,0
"Officer Smith, can you confirm the individual's description?",0
"This is unit 42, arriving on scene.",0
I need backup at the intersection of Main and 5th.,0
"Captain, we are wrapping up the scene now.",0
We need to notify the fire department for medical support.,0
"Dispatch, I am en route to the location now.",0
"This is unit 42, arriving on scene.",0
We need to notify the fire department for medical support.,0
The individual ran northbound past the gas station.,0
The individual ran northbound past the gas station.,0
The individual ran northbound past the gas station.,0
"I have visual on the individual, standing by for instructions.",0
I need backup at the intersection of Main and 5th.,0
"Captain, we are wrapping up the scene now.",0
We need to notify the fire department for medical support.,0
"Dispatch, I am en route to the location now.",0
"This is unit 42, arriving on scene.",0
"This is unit 42, arriving on scene.",0
"Dispatch, I am en route to the location now.",0
"Dispatch, I am en route to the location now.",0
"Dispatch, I am en route to the location now.",0
"This is unit 42, arriving on scene.",0
"I have visual on the individual, standing by for instructions.",0
We need to notify the fire department for medical support.,0
We need to notify the fire department for medical support.,0
"This is unit 42, arriving on scene.",0
I need backup at the intersection of Main and 5th.,0
I think I left my flashlight in the car.,0
"This is unit 42, arriving on scene.",0
"This is unit 42, arriving on scene.",0
"Dispatch, I am en route to the location now.",0
I think I left my flashlight in the car.,0
The individual ran northbound past the gas station.,0
I need backup at the intersection of Main and 5th.,0
The individual ran northbound past the gas station.,0
The individual ran northbound past the gas station.,0
"I have visual on the individual, standing by for instructions.",0
I think I left my flashlight in the car.,0
"Captain, we are wrapping up the scene now.",0
"Dispatch, I am en route to the location now.",0
I think I left my flashlight in the car.,0
The individual ran northbound past the gas station.,0
"This is unit 42, arriving on scene.",0
"Captain, we are wrapping up the scene now.",0
Let's set up a perimeter before we proceed.,0
Let's set up a perimeter before we proceed.,0
"Dispatch, I am en route to the location now.",0
"I have visual on the individual, standing by for instructions.",0
"Dispatch, I am en route to the location now.",0
I need backup at the intersection of Main and 5th.,0
"Dispatch, I am en route to the location now.",0
Let's set up a perimeter before we proceed.,0
"I have visual on the individual, standing by for instructions.",0
Let's set up a perimeter before we proceed.,0
The individual ran northbound past the gas station.,0
The individual ran northbound past the gas station.,0
I think I left my flashlight in the car.,0
"Officer Smith, can you confirm the individual's description?",0
I think I left my flashlight in the car.,0
"Officer Smith, can you confirm the individual's description?",0
Let's set up a perimeter before we proceed.,0
We need to notify the fire department for medical support.,0
We need to notify the fire department for medical support.,0
I think I left my flashlight in the car.,0
"Officer Smith, can you confirm the individual's description?",0
"This is unit 42, arriving on scene.",0
"Dispatch, I am en route to the location now.",0
"Officer Smith, can you confirm the individual's description?",0
"This is unit 42, arriving on scene.",0
"This is unit 42, arriving on scene.",0
I need backup at the intersection of Main and 5th.,0
The individual ran northbound past the gas station.,0
Let's set up a perimeter before we proceed.,0
I think I left my flashlight in the car.,0
Let's set up a perimeter before we proceed.,0
"I have visual on the individual, standing by for instructions.",0
"Officer Smith, can you confirm the individual's description?",0
The individual ran northbound past the gas station.,0
I think I left my flashlight in the car.,0
"Captain, we are wrapping up the scene now.",0
"Dispatch, I am en route to the location now.",0
"I have visual on the individual, standing by for instructions.",0
I think I left my flashlight in the car.,0
"Dispatch, I am en route to the location now.",0
"This is unit 42, arriving on scene.",0
"This is unit 42, arriving on scene.",0
I think I left my flashlight in the car.,0
Let's set up a perimeter before we proceed.,0
Let's set up a perimeter before we proceed.,0
We need to notify the fire department for medical support.,0
I think I left my flashlight in the car.,0
"Dispatch, I am en route to the location now.",0
"Captain, we are wrapping up the scene now.",0
I need backup at the intersection of Main and 5th.,0
"This is unit 42, arriving on scene.",0
"Dispatch, I am en route to the location now.",0
"Dispatch, I am en route to the location now.",0
I need backup at the intersection of Main and 5th.,0
We need to notify the fire department for medical support.,0
We need to notify the fire department for medical support.,0
"Dispatch, I am en route to the location now.",0
I think I left my flashlight in the car.,0
I need backup at the intersection of Main and 5th.,0
"I have visual on the individual, standing by for instructions.",0
"Officer Smith, can you confirm the individual's description?",0
The individual ran northbound past the gas station.,0
"This is unit 42, arriving on scene.",0
"Officer Smith, can you confirm the individual's description?",0
"Captain, we are wrapping up the scene now.",0
The individual ran northbound past the gas station.,0
"Dispatch, I am en route to the location now.",0
The individual ran northbound past the gas station.,0
The individual ran northbound past the gas station.,0
Let's set up a perimeter before we proceed.,0
Let's set up a perimeter before we proceed.,0
"Captain, we are wrapping up the scene now.",0
I need backup at the intersection of Main and 5th.,0
"Captain, we are wrapping up the scene now.",0
We need to notify the fire department for medical support.,0
I think I left my flashlight in the car.,0
We need to notify the fire department for medical support.,0
"Dispatch, I am en route to the location now.",0
I think I left my flashlight in the car.,0
Let's set up a perimeter before we proceed.,0
The individual ran northbound past the gas station.,0
We need to notify the fire department for medical support.,0
"Officer Smith, can you confirm the individual's description?",0
Let's set up a perimeter before we proceed.,0
"Officer Smith, can you confirm the individual's description?",0
The individual ran northbound past the gas station.,0
I need backup at the intersection of Main and 5th.,0
Let's set up a perimeter before we proceed.,0
"Captain, we are wrapping up the scene now.",0
"This is unit 42, arriving on scene.",0
The individual ran northbound past the gas station.,0
We need to notify the fire department for medical support.,0
"I have visual on the individual, standing by for instructions.",0
I need backup at the intersection of Main and 5th.,0
I need backup at the intersection of Main and 5th.,0
I think I left my flashlight in the car.,0
"This is unit 42, arriving on scene.",0
We need to notify the fire department for medical support.,0
"I have visual on the individual, standing by for instructions.",0
"Dispatch, I am en route to the location now.",0
"Dispatch, I am en route to the location now.",0
I need backup at the intersection of Main and 5th.,0
We need to notify the fire department for medical support.,0
"This is unit 42, arriving on scene.",0
"I have visual on the individual, standing by for instructions.",0
The individual ran northbound past the gas station.,0
"Captain, we are wrapping up the scene now.",0
The individual ran northbound past the gas station.,0
"Captain, we are wrapping up the scene now.",0
The individual ran northbound past the gas station.,0
"This is unit 42, arriving on scene.",0
Let's set up a perimeter before we proceed.,0
The individual ran northbound past the gas station.,0
I need backup at the intersection of Main and 5th.,0
"Officer Smith, can you confirm the individual's description?",0
"I have visual on the individual, standing by for instructions.",0
"Captain, we are wrapping up the scene now.",0
"Dispatch, I am en route to the location now.",0
"I have visual on the individual, standing by for instructions.",0
The individual ran northbound past the gas station.,0
The individual ran northbound past the gas station.,0
"Dispatch, I am en route to the location now.",0
"This is unit 42, arriving on scene.",0
I need backup at the intersection of Main and 5th.,0
"Captain, we are wrapping up the scene now.",0
"This is unit 42, arriving on scene.",0
I need backup at the intersection of Main and 5th.,0
"Officer Smith, can you confirm the individual's description?",0
We need to notify the fire department for medical support.,0
I need backup at the intersection of Main and 5th.,0
We need to notify the fire department for medical support.,0
"Dispatch, I am en route to the location now.",0
I think I left my flashlight in the car.,0
"I have visual on the individual, standing by for instructions.",0
Let's set up a perimeter before we proceed.,0
"I have visual on the individual, standing by for instructions.",0
The individual ran northbound past the gas station.,0
"This is unit 42, arriving on scene.",0
"Dispatch, I am en route to the location now.",0
The individual ran northbound past the gas station.,0
I think I left my flashlight in the car.,0
"Dispatch, I am en route to the location now.",0
"Officer Smith, can you confirm the individual's description?",0
"Dispatch, I am en route to the location now.",0
I think I left my flashlight in the car.,0
"This is unit 42, arriving on scene.",0
"This is unit 42, arriving on scene.",0
"Captain, we are wrapping up the scene now.",0
"Dispatch, I am en route to the location now.",0
"Captain, we are wrapping up the scene now.",0
I think I left my flashlight in the car.,0
I think I left my flashlight in the car.,0
I need backup at the intersection of Main and 5th.,0
I think I left my flashlight in the car.,0
"This is unit 42, arriving on scene.",0
"Officer Smith, can you confirm the individual's description?",0
"I have visual on the individual, standing by for instructions.",0
"This is unit 42, arriving on scene.",0
The individual ran northbound past the gas station.,0
"I have visual on the individual, standing by for instructions.",0
We need to notify the fire department for medical support.,0
The individual ran northbound past the gas station.,0
We need to notify the fire department for medical support.,0
I need backup at the intersection of Main and 5th.,0
We need to notify the fire department for medical support.,0
The individual ran northbound past the gas station.,0
"Dispatch, I am en route to the location now.",0
"Officer Smith, can you confirm the individual's description?",0
"Captain, we are wrapping up the scene now.",0
"This is unit 42, arriving on scene.",0
The individual ran northbound past the gas station.,0
"I have visual on the individual, standing by for instructions.",0
Let's set up a perimeter before we proceed.,0
"This is unit 42, arriving on scene.",0
"I have visual on the individual, standing by for instructions.",0
We need to notify the fire department for medical support.,0
We need to notify the fire department for medical support.,0
I think I left my flashlight in the car.,0
"I have visual on the individual, standing by for instructions.",0
"This is unit 42, arriving on scene.",0
"Captain, we are wrapping up the scene now.",0
"I have visual on the individual, standing by for instructions.",0
"This is unit 42, arriving on scene.",0
We need to notify the fire department for medical support.,0
"Captain, we are wrapping up the scene now.",0
I think I left my flashlight in the car.,0
We need to notify the fire department for medical support.,0
Let's set up a perimeter before we proceed.,0
"I have visual on the individual, standing by for instructions.",0
"Captain, we are wrapping up the scene now.",0
"I have visual on the individual, standing by for instructions.",0
"This is unit 42, arriving on scene.",0
Let's set up a perimeter before we proceed.,0
"Officer Smith, can you confirm the individual's description?",0
"This is unit 42, arriving on scene.",0
I think I left my flashlight in the car.,0
"Officer Smith, can you confirm the individual's description?",0
"Officer Smith, can you confirm the individual's description?",0
I need backup at the intersection of Main and 5th.,0
"This is unit 42, arriving on scene.",0
The individual ran northbound past the gas station.,0
I need backup at the intersection of Main and 5th.,0
Let's set up a perimeter before we proceed.,0
I think I left my flashlight in the car.,0
"Captain, we are wrapping up the scene now.",0
I need backup at the intersection of Main and 5th.,0
"Officer Smith, can you confirm the individual's description?",0
The individual ran northbound past the gas station.,0
I think I left my flashlight in the car.,0
We need to notify the fire department for medical support.,0
The individual ran northbound past the gas station.,0
I need backup at the intersection of Main and 5th.,0
I need backup at the intersection of Main and 5th.,0
The individual ran northbound past the gas station.,0
"Dispatch, I am en route to the location now.",0
"This is unit 42, arriving on scene.",0
"Captain, we are wrapping up the scene now.",0
"Captain, we are wrapping up the scene now.",0
"I have visual on the individual, standing by for instructions.",0
"Dispatch, I am en route to the location now.",0
"I have visual on the individual, standing by for instructions.",0
"I have visual on the individual, standing by for instructions.",0
"Captain, we are wrapping up the scene now.",0
"I have visual on the individual, standing by for instructions.",0
"Captain, we are wrapping up the scene now.",0
Let's set up a perimeter before we proceed.,0
I need backup at the intersection of Main and 5th.,0
The individual ran northbound past the gas station.,0
"This is unit 42, arriving on scene.",0
We need to notify the fire department for medical support.,0
The individual ran northbound past the gas station.,0
"This is unit 42, arriving on scene.",0
"Officer Smith, can you confirm the individual's description?",0
I think I left my flashlight in the car.,0
"Officer Smith, can you confirm the individual's description?",0
I need backup at the intersection of Main and 5th.,0
We need to notify the fire department for medical support.,0
We need to notify the fire department for medical support.,0
"Dispatch, I am en route to the location now.",0
I need backup at the intersection of Main and 5th.,0
We need to notify the fire department for medical support.,0
"Dispatch, I am en route to the location now.",0
The individual ran northbound past the gas station.,0
I need backup at the intersection of Main and 5th.,0
"Captain, we are wrapping up the scene now.",0
"Officer Smith, can you confirm the individual's description?",0
Let's set up a perimeter before we proceed.,0
I think I left my flashlight in the car.,0
Let's set up a perimeter before we proceed.,0
I need backup at the intersection of Main and 5th.,0
We need to notify the fire department for medical support.,0
"This is unit 42, arriving on scene.",0
I think I left my flashlight in the car.,0
Let's set up a perimeter before we proceed.,0
"Captain, we are wrapping up the scene now.",0
We need to notify the fire department for medical support.,0
"I have visual on the individual, standing by for instructions.",0
The individual ran northbound past the gas station.,0
Let's set up a perimeter before we proceed.,0
I think I left my flashlight in the car.,0
"Dispatch, I am en route to the location now.",0
"Dispatch, I am en route to the location now.",0
"Captain, we are wrapping up the scene now.",0
"Captain, we are wrapping up the scene now.",0
I think I left my flashlight in the car.,0
"Officer Smith, can you confirm the individual's description?",0
"Officer Smith, can you confirm the individual's description?",0
"I have visual on the individual, standing by for instructions.",0
"Captain, we are wrapping up the scene now.",0
I think I left my flashlight in the car.,0
"Dispatch, I am en route to the location now.",0
"Officer Smith, can you confirm the individual's description?",0
I think I left my flashlight in the car.,0
I need backup at the intersection of Main and 5th.,0
Let's set up a perimeter before we proceed.,0
We need to notify the fire department for medical support.,0
Let's set up a perimeter before we proceed.,0
I need backup at the intersection of Main and 5th.,0
I need backup at the intersection of Main and 5th.,0
We need to notify the fire department for medical support.,0
"I have visual on the individual, standing by for instructions.",0
"I have visual on the individual, standing by for instructions.",0
The individual ran northbound past the gas station.,0
I think I left my flashlight in the car.,0
"Captain, we are wrapping up the scene now.",0
"I have visual on the individual, standing by for instructions.",0
"Officer Smith, can you confirm the individual's description?",0
Let's set up a perimeter before we proceed.,0
"This is unit 42, arriving on scene.",0
"This is unit 42, arriving on scene.",0
The individual ran northbound past the gas station.,0
We need to notify the fire department for medical support.,0
We need to notify the fire department for medical support.,0
"Captain, we are wrapping up the scene now.",0
Let's set up a perimeter before we proceed.,0
I think I left my flashlight in the car.,0
I need backup at the intersection of Main and 5th.,0
I need backup at the intersection of Main and 5th.,0
I think I left my flashlight in the car.,0
We need to notify the fire department for medical support.,0
We need to notify the fire department for medical support.,0
"Officer Smith, can you confirm the individual's description?",0
The individual ran northbound past the gas station.,0
We need to notify the fire department for medical support.,0
"This is unit 42, arriving on scene.",0
The individual ran northbound past the gas station.,0
"Officer Smith, can you confirm the individual's description?",0
I need backup at the intersection of Main and 5th.,0
"Dispatch, I am en route to the location now.",0
I think I left my flashlight in the car.,0
"This is unit 42, arriving on scene.",0
I think I left my flashlight in the car.,0
I think I left my flashlight in the car.,0
Let's set up a perimeter before we proceed.,0
"I have visual on the individual, standing by for instructions.",0
"This is unit 42, arriving on scene.",0
"Captain, we are wrapping up the scene now.",0
The individual ran northbound past the gas station.,0
We need to notify the fire department for medical support.,0
I need backup at the intersection of Main and 5th.,0
"This is unit 42, arriving on scene.",0
"I have visual on the individual, standing by for instructions.",0
The individual ran northbound past the gas station.,0
"This is unit 42, arriving on scene.",0
The individual ran northbound past the gas station.,0
"Dispatch, I am en route to the location now.",0
"Officer Smith, can you confirm the individual's description?",0
I think I left my flashlight in the car.,0
"Dispatch, I am en route to the location now.",0
Let's set up a perimeter before we proceed.,0
I think I left my flashlight in the car.,0
"This is unit 42, arriving on scene.",0
"Dispatch, I am en route to the location now.",0
"I have visual on the individual, standing by for instructions.",0
I think I left my flashlight in the car.,0
Let's set up a perimeter before we proceed.,0
We need to notify the fire department for medical support.,0
"Dispatch, I am en route to the location now.",0
I need backup at the intersection of Main and 5th.,0
"Dispatch, I am en route to the location now.",0
The individual ran northbound past the gas station.,0
We need to notify the fire department for medical support.,0
I need backup at the intersection of Main and 5th.,0
"I have visual on the individual, standing by for instructions.",0
I need backup at the intersection of Main and 5th.,0
Let's set up a perimeter before we proceed.,0
"I have visual on the individual, standing by for instructions.",0
"This is unit 42, arriving on scene.",0
"Officer Smith, can you confirm the individual's description?",0
"This is unit 42, arriving on scene.",0
The individual ran northbound past the gas station.,0
Let's set up a perimeter before we proceed.,0
"Captain, we are wrapping up the scene now.",0
We need to notify the fire department for medical support.,0
"This is unit 42, arriving on scene.",0
Let's set up a perimeter before we proceed.,0
"I have visual on the individual, standing by for instructions.",0
The individual ran northbound past the gas station.,0
The individual ran northbound past the gas station.,0
"Captain, we are wrapping up the scene now.",0
Let's set up a perimeter before we proceed.,0
"Officer Smith, can you confirm the individual's description?",0
I need backup at the intersection of Main and 5th.,0
"Dispatch, I am en route to the location now.",0
Let's set up a perimeter before we proceed.,0
Let's set up a perimeter before we proceed.,0
Let's set up a perimeter before we proceed.,0
"Captain, we are wrapping up the scene now.",0
Let's set up a perimeter before we proceed.,0
We need to notify the fire department for medical support.,0
I need backup at the intersection of Main and 5th.,0
"This is unit 42, arriving on scene.",0
The individual ran northbound past the gas station.,0
"This is unit 42, arriving on scene.",0
"Captain, we are wrapping up the scene now.",0
We need to notify the fire department for medical support.,0
Let's set up a perimeter before we proceed.,0
We need to notify the fire department for medical support.,0
We need to notify the fire department for medical support.,0
We need to notify the fire department for medical support.,0
"This is unit 42, arriving on scene.",0
"This is unit 42, arriving on scene.",0
"This is unit 42, arriving on scene.",0
We need to notify the fire department for medical support.,0
"Captain, we are wrapping up the scene now.",0
"Dispatch, I am en route to the location now.",0
"I have visual on the individual, standing by for instructions.",0
We need to notify the fire department for medical support.,0
"Captain, we are wrapping up the scene now.",0
Let's set up a perimeter before we proceed.,0
"This is unit 42, arriving on scene.",0
"Officer Smith, can you confirm the individual's description?",0
"Officer Smith, can you confirm the individual's description?",0
"Officer Smith, can you confirm the individual's description?",0
"Officer Smith, can you confirm the individual's description?",0
I need backup at the intersection of Main and 5th.,0
"I have visual on the individual, standing by for instructions.",0
"This is unit 42, arriving on scene.",0
We need to notify the fire department for medical support.,0
"Captain, we are wrapping up the scene now.",0
I think I left my flashlight in the car.,0
We need to notify the fire department for medical support.,0
"This is unit 42, arriving on scene.",0
I think I left my flashlight in the car.,0
The individual ran northbound past the gas station.,0
"Officer Smith, can you confirm the individual's description?",0
"Officer Smith, can you confirm the individual's description?",0
"I have visual on the individual, standing by for instructions.",0
"Officer Smith, can you confirm the individual's description?",0
"Dispatch, I am en route to the location now.",0
"I have visual on the individual, standing by for instructions.",0
"Captain, we are wrapping up the scene now.",0
The individual ran northbound past the gas station.,0
"Dispatch, I am en route to the location now.",0
"Dispatch, I am en route to the location now.",0
"Dispatch, I am en route to the location now.",0
I think I left my flashlight in the car.,0
We need to notify the fire department for medical support.,0
"I have visual on the individual, standing by for instructions.",0
The individual ran northbound past the gas station.,0
"Captain, we are wrapping up the scene now.",0
"Officer Smith, can you confirm the individual's description?",0
"Dispatch, I am en route to the location now.",0
Let's set up a perimeter before we proceed.,0
"I have visual on the individual, standing by for instructions.",0
I need backup at the intersection of Main and 5th.,0
The individual ran northbound past the gas station.,0
We need to notify the fire department for medical support.,0
The individual ran northbound past the gas station.,0
I need backup at the intersection of Main and 5th.,0
The individual ran northbound past the gas station.,0
"Officer Smith, can you confirm the individual's description?",0
"Officer Smith, can you confirm the individual's description?",0
Let's set up a perimeter before we proceed.,0
"I have visual on the individual, standing by for instructions.",0
I think I left my flashlight in the car.,0
We need to notify the fire department for medical support.,0
"I have visual on the individual, standing by for instructions.",0
"I have visual on the individual, standing by for instructions.",0
"I have visual on the individual, standing by for instructions.",0
We need to notify the fire department for medical support.,0
We need to notify the fire department for medical support.,0
I need backup at the intersection of Main and 5th.,0
"I have visual on the individual, standing by for instructions.",0
We need to notify the fire department for medical support.,0
"Captain, we are wrapping up the scene now.",0
"I have visual on the individual, standing by for instructions.",0
The individual ran northbound past the gas station.,0
"Officer Smith, can you confirm the individual's description?",0
"Dispatch, I am en route to the location now.",0
"This is unit 42, arriving on scene.",0
"This is unit 42, arriving on scene.",0
"I have visual on the individual, standing by for instructions.",0
I think I left my flashlight in the car.,0
"Dispatch, I am en route to the location now.",0
We need to notify the fire department for medical support.,0
I need backup at the intersection of Main and 5th.,0
"This is unit 42, arriving on scene.",0
The individual ran northbound past the gas station.,0
"Dispatch, I am en route to the location now.",0
"This is unit 42, arriving on scene.",0
I think I left my flashlight in the car.,0
Let's set up a perimeter before we proceed.,0
"Officer Smith, can you confirm the individual's description?",0
I need backup at the intersection of Main and 5th.,0
"Dispatch, I am en route to the location now.",0
I think I left my flashlight in the car.,0
"Officer Smith, can you confirm the individual's description?",0
We need to notify the fire department for medical support.,0
"Dispatch, I am en route to the location now.",0
"This is unit 42, arriving on scene.",0
I think I left my flashlight in the car.,0
"I have visual on the individual, standing by for instructions.",0
"Dispatch, I am en route to the location now.",0
"Officer Smith, can you confirm the individual's description?",0
"Captain, we are wrapping up the scene now.",0
I need backup at the intersection of Main and 5th.,0
The individual ran northbound past the gas station.,0
"Dispatch, I am en route to the location now.",0
Let's set up a perimeter before we proceed.,0
"This is unit 42, arriving on scene.",0
"Officer Smith, can you confirm the individual's description?",0
"Captain, we are wrapping up the scene now.",0
"Dispatch, I am en route to the location now.",0
I need backup at the intersection of Main and 5th.,0
"Dispatch, I am en route to the location now.",0
The individual ran northbound past the gas station.,0
Let's set up a perimeter before we proceed.,0
"Officer Smith, can you confirm the individual's description?",0
The individual ran northbound past the gas station.,0
I need backup at the intersection of Main and 5th.,0
I think I left my flashlight in the car.,0
"This is unit 42, arriving on scene.",0
"Captain, we are wrapping up the scene now.",0
"Captain, we are wrapping up the scene now.",0
We need to notify the fire department for medical support.,0
I think I left my flashlight in the car.,0
I think I left my flashlight in the car.,0
I think I left my flashlight in the car.,0
Let's set up a perimeter before we proceed.,0
I think I left my flashlight in the car.,0
"I have visual on the individual, standing by for instructions.",0
We need to notify the fire department for medical support.,0
"This is unit 42, arriving on scene.",0
The individual ran northbound past the gas station.,0
Let's set up a perimeter before we proceed.,0
"This is unit 42, arriving on scene.",0
The individual ran northbound past the gas station.,0
"I have visual on the individual, standing by for instructions.",0
"This is unit 42, arriving on scene.",0
"Officer Smith, can you confirm the individual's description?",0
"I have visual on the individual, standing by for instructions.",0
We need to notify the fire department for medical support.,0
"Officer Smith, can you confirm the individual's description?",0
I think I left my flashlight in the car.,0
"This is unit 42, arriving on scene.",0
"Dispatch, I am en route to the location now.",0
"This is unit 42, arriving on scene.",0
Let's set up a perimeter before we proceed.,0
I need backup at the intersection of Main and 5th.,0
"This is unit 42, arriving on scene.",0
"Captain, we are wrapping up the scene now.",0
Let's set up a perimeter before we proceed.,0
"Captain, we are wrapping up the scene now.",0
"Captain, we are wrapping up the scene now.",0
The individual ran northbound past the gas station.,0
The individual ran northbound past the gas station.,0
Let's set up a perimeter before we proceed.,0
I think I left my flashlight in the car.,0
"Dispatch, I am en route to the location now.",0
"Captain, we are wrapping up the scene now.",0
I need backup at the intersection of Main and 5th.,0
"Dispatch, I am en route to the location now.",0
"Officer Smith, can you confirm the individual's description?",0
"Officer Smith, can you confirm the individual's description?",0
"Dispatch, I am en route to the location now.",0
We need to notify the fire department for medical support.,0
"Dispatch, I am en route to the location now.",0
I think I left my flashlight in the car.,0
The individual ran northbound past the gas station.,0
We need to notify the fire department for medical support.,0
"Captain, we are wrapping up the scene now.",0
"This is unit 42, arriving on scene.",0
"Officer Smith, can you confirm the individual's description?",0
I need backup at the intersection of Main and 5th.,0
I need backup at the intersection of Main and 5th.,0
Let's set up a perimeter before we proceed.,0
The individual ran northbound past the gas station.,0
"Officer Smith, can you confirm the individual's description?",0
"Officer Smith, can you confirm the individual's description?",0
I think I left my flashlight in the car.,0
The individual ran northbound past the gas station.,0
"This is unit 42, arriving on scene.",0
"This is unit 42, arriving on scene.",0
"Officer Smith, can you confirm the individual's description?",0
"I have visual on the individual, standing by for instructions.",0
"This is unit 42, arriving on scene.",0
Let's set up a perimeter before we proceed.,0
I think I left my flashlight in the car.,0
"Captain, we are wrapping up the scene now.",0
I think I left my flashlight in the car.,0
"Dispatch, I am en route to the location now.",0
Let's set up a perimeter before we proceed.,0
"Officer Smith, can you confirm the individual's description?",0
I need backup at the intersection of Main and 5th.,0
I think I left my flashlight in the car.,0
"Officer Smith, can you confirm the individual's description?",0
I think I left my flashlight in the car.,0
"Dispatch, I am en route to the location now.",0
"Dispatch, I am en route to the location now.",0
"Captain, we are wrapping up the scene now.",0
I think I left my flashlight in the car.,0
We need to notify the fire department for medical support.,0
"Captain, we are wrapping up the scene now.",0
"Captain, we are wrapping up the scene now.",0
I need backup at the intersection of Main and 5th.,0
"Captain, we are wrapping up the scene now.",0
We need to notify the fire department for medical support.,0
"Captain, we are wrapping up the scene now.",0
"Dispatch, I am en route to the location now.",0
"This is unit 42, arriving on scene.",0
"Dispatch, I am en route to the location now.",0
"Captain, we are wrapping up the scene now.",0
The individual ran northbound past the gas station.,0
"Captain, we are wrapping up the scene now.",0
I need backup at the intersection of Main and 5th.,0
"Captain, we are wrapping up the scene now.",0
I need backup at the intersection of Main and 5th.,0
I think I left my flashlight in the car.,0
"This is unit 42, arriving on scene.",0
We need to notify the fire department for medical support.,0
Let's set up a perimeter before we proceed.,0
"Dispatch, I am en route to the location now.",0
I think I left my flashlight in the car.,0
I think I left my flashlight in the car.,0
"Dispatch, I am en route to the location now.",0
The individual ran northbound past the gas station.,0
"Officer Smith, can you confirm the individual's description?",0
We need to notify the fire department for medical support.,0
The individual ran northbound past the gas station.,0
"This is unit 42, arriving on scene.",0
"This is unit 42, arriving on scene.",0
I think I left my flashlight in the car.,0
"Dispatch, I am en route to the location now.",0
The individual ran northbound past the gas station.,0
Let's set up a perimeter before we proceed.,0
Let's set up a perimeter before we proceed.,0
Let's set up a perimeter before we proceed.,0
"Captain, we are wrapping up the scene now.",0
We need to notify the fire department for medical support.,0
"Captain, we are wrapping up the scene now.",0
Let's set up a perimeter before we proceed.,0
"I have visual on the individual, standing by for instructions.",0
"Officer Smith, can you confirm the individual's description?",0
"I have visual on the individual, standing by for instructions.",0
"Captain, we are wrapping up the scene now.",0
I need backup at the intersection of Main and 5th.,0
"This is unit 42, arriving on scene.",0
"This is unit 42, arriving on scene.",0
I think I left my flashlight in the car.,0
"Dispatch, I am en route to the location now.",0
The individual ran northbound past the gas station.,0
Let's set up a perimeter before we proceed.,0
"Officer Smith, can you confirm the individual's description?",0
I think I left my flashlight in the car.,0
I need backup at the intersection of Main and 5th.,0
I need backup at the intersection of Main and 5th.,0
"Officer Smith, can you confirm the individual's description?",0
Let's set up a perimeter before we proceed.,0
The individual ran northbound past the gas station.,0
Let's set up a perimeter before we proceed.,0
The individual ran northbound past the gas station.,0
"I have visual on the individual, standing by for instructions.",0
"This is unit 42, arriving on scene.",0
We need to notify the fire department for medical support.,0
"Captain, we are wrapping up the scene now.",0
Let's set up a perimeter before we proceed.,0
Let's set up a perimeter before we proceed.,0
"This is unit 42, arriving on scene.",0
"I have visual on the individual, standing by for instructions.",0
We need to notify the fire department for medical support.,0
I think I left my flashlight in the car.,0
I think I left my flashlight in the car.,0
"Officer Smith, can you confirm the individual's description?",0
We need to notify the fire department for medical support.,0
"I have visual on the individual, standing by for instructions.",0
The individual ran northbound past the gas station.,0
"Officer Smith, can you confirm the individual's description?",0
I need backup at the intersection of Main and 5th.,0
The individual ran northbound past the gas station.,0
The individual ran northbound past the gas station.,0
"Officer Smith, can you confirm the individual's description?",0
I need backup at the intersection of Main and 5th.,0
Let's set up a perimeter before we proceed.,0
"This is unit 42, arriving on scene.",0
I think I left my flashlight in the car.,0
The individual ran northbound past the gas station.,0
I think I left my flashlight in the car.,0
We need to notify the fire department for medical support.,0
"Captain, we are wrapping up the scene now.",0
We need to notify the fire department for medical support.,0
We need to notify the fire department for medical support.,0
"Dispatch, I am en route to the location now.",0
"This is unit 42, arriving on scene.",0
Let's set up a perimeter before we proceed.,0
Let's set up a perimeter before we proceed.,0
The individual ran northbound past the gas station.,0
Let's set up a perimeter before we proceed.,0
The individual ran northbound past the gas station.,0
"Officer Smith, can you confirm the individual's description?",0
Let's set up a perimeter before we proceed.,0
"Captain, we are wrapping up the scene now.",0
I need backup at the intersection of Main and 5th.,0
We need to notify the fire department for medical support.,0
We need to notify the fire department for medical support.,0
"Officer Smith, can you confirm the individual's description?",0
I need backup at the intersection of Main and 5th.,0
"This is unit 42, arriving on scene.",0
"Captain, we are wrapping up the scene now.",0
The individual ran northbound past the gas station.,0
We need to notify the fire department for medical support.,0
Let's set up a perimeter before we proceed.,0
"Captain, we are wrapping up the scene now.",0
I need backup at the intersection of Main and 5th.,0
"I have visual on the individual, standing by for instructions.",0
"Dispatch, I am en route to the location now.",0
Let's set up a perimeter before we proceed.,0
"This is unit 42, arriving on scene.",0
We need to notify the fire department for medical support.,0
"Officer Smith, can you confirm the individual's description?",0
"Officer Smith, can you confirm the individual's description?",0
"Officer Smith, can you confirm the individual's description?",0
We need to notify the fire department for medical support.,0
"Officer Smith, can you confirm the individual's description?",0
We need to notify the fire department for medical support.,0
I need backup at the intersection of Main and 5th.,0
"Captain, we are wrapping up the scene now.",0
"This is unit 42, arriving on scene.",0
"This is unit 42, arriving on scene.",0
Let's set up a perimeter before we proceed.,0
"I have visual on the individual, standing by for instructions.",0
We need to notify the fire department for medical support.,0
"Officer Smith, can you confirm the individual's description?",0
Let's set up a perimeter before we proceed.,0
"Officer Smith, can you confirm the individual's description?",0
I think I left my flashlight in the car.,0
"This is unit 42, arriving on scene.",0
"Dispatch, I am en route to the location now.",0
I think I left my flashlight in the car.,0
I think I left my flashlight in the car.,0
The individual ran northbound past the gas station.,0
I need backup at the intersection of Main and 5th.,0
I need backup at the intersection of Main and 5th.,0
We need to notify the fire department for medical support.,0
I think I left my flashlight in the car.,0
Let's set up a perimeter before we proceed.,0
I think I left my flashlight in the car.,0
"I have visual on the individual, standing by for instructions.",0
I think I left my flashlight in the car.,0
The individual ran northbound past the gas station.,0
"Captain, we are wrapping up the scene now.",0
"Captain, we are wrapping up the scene now.",0
We need to notify the fire department for medical support.,0
"Dispatch, I am en route to the location now.",0
"I have visual on the individual, standing by for instructions.",0
"Officer Smith, can you confirm the individual's description?",0
"Dispatch, I am en route to the location now.",0
I need backup at the intersection of Main and 5th.,0
"Captain, we are wrapping up the scene now.",0
"Captain, we are wrapping up the scene now.",0
"Dispatch, I am en route to the location now.",0
Let's set up a perimeter before we proceed.,0
"Dispatch, I am en route to the location now.",0
The individual ran northbound past the gas station.,0
I need backup at the intersection of Main and 5th.,0
"Captain, we are wrapping up the scene now.",0
"Dispatch, I am en route to the location now.",0
Let's set up a perimeter before we proceed.,0
"I have visual on the individual, standing by for instructions.",0
I think I left my flashlight in the car.,0
"Dispatch, I am en route to the location now.",0
"Captain, we are wrapping up the scene now.",0
"Captain, we are wrapping up the scene now.",0
Let's set up a perimeter before we proceed.,0
I need backup at the intersection of Main and 5th.,0
"Officer Smith, can you confirm the individual's description?",0
"I have visual on the individual, standing by for instructions.",0
I think I left my flashlight in the car.,0
"Officer Smith, can you confirm the individual's description?",0
I think I left my flashlight in the car.,0
"Captain, we are wrapping up the scene now.",0
"Officer Smith, can you confirm the individual's description?",0
"I have visual on the individual, standing by for instructions.",0
"I have visual on the individual, standing by for instructions.",0
"Officer Smith, can you confirm the individual's description?",0
We need to notify the fire department for medical support.,0
The individual ran northbound past the gas station.,0
"I have visual on the individual, standing by for instructions.",0
"This is unit 42, arriving on scene.",0
"Officer Smith, can you confirm the individual's description?",0
"Dispatch, I am en route to the location now.",0
Let's set up a perimeter before we proceed.,0
"I have visual on the individual, standing by for instructions.",0
We need to notify the fire department for medical support.,0
We need to notify the fire department for medical support.,0
The individual ran northbound past the gas station.,0
We need to notify the fire department for medical support.,0
Let's set up a perimeter before we proceed.,0
The individual ran northbound past the gas station.,0
"I have visual on the individual, standing by for instructions.",0
The individual ran northbound past the gas station.,0
"Officer Smith, can you confirm the individual's description?",0
"Captain, we are wrapping up the scene now.",0
"Captain, we are wrapping up the scene now.",0
I need backup at the intersection of Main and 5th.,0
Let's set up a perimeter before we proceed.,0
We need to notify the fire department for medical support.,0
We need to notify the fire department for medical support.,0
I need backup at the intersection of Main and 5th.,0
"Captain, we are wrapping up the scene now.",0
I think I left my flashlight in the car.,0
"Dispatch, I am en route to the location now.",0
I think I left my flashlight in the car.,0
"Officer Smith, can you confirm the individual's description?",0
The individual ran northbound past the gas station.,0
"This is unit 42, arriving on scene.",0
I need backup at the intersection of Main and 5th.,0
"Captain, we are wrapping up the scene now.",0
I need backup at the intersection of Main and 5th.,0
"Dispatch, I am en route to the location now.",0
"Captain, we are wrapping up the scene now.",0
I think I left my flashlight in the car.,0
We need to notify the fire department for medical support.,0
The individual ran northbound past the gas station.,0
The individual ran northbound past the gas station.,0
"This is unit 42, arriving on scene.",0
"This is unit 42, arriving on scene.",0
"Dispatch, I am en route to the location now.",0
"Officer Smith, can you confirm the individual's description?",0
I think I left my flashlight in the car.,0
"Dispatch, I am en route to the location now.",0
We need to notify the fire department for medical support.,0
"Dispatch, I am en route to the location now.",0
"Captain, we are wrapping up the scene now.",0
We need to notify the fire department for medical support.,0
I think I left my flashlight in the car.,0
I need backup at the intersection of Main and 5th.,0
We need to notify the fire department for medical support.,0
I need backup at the intersection of Main and 5th.,0
"Dispatch, I am en route to the location now.",0
"I have visual on the individual, standing by for instructions.",0
I need backup at the intersection of Main and 5th.,0
"I have visual on the individual, standing by for instructions.",0
We need to notify the fire department for medical support.,0
I think I left my flashlight in the car.,0
I think I left my flashlight in the car.,0
We need to notify the fire department for medical support.,0
Let's set up a perimeter before we proceed.,0
I think I left my flashlight in the car.,0
The individual ran northbound past the gas station.,0
"Officer Smith, can you confirm the individual's description?",0
"I have visual on the individual, standing by for instructions.",0
"Dispatch, I am en route to the location now.",0
The individual ran northbound past the gas station.,0
"This is unit 42, arriving on scene.",0
"I have visual on the individual, standing by for instructions.",0
"Officer Smith, can you confirm the individual's description?",0
"Captain, we are wrapping up the scene now.",0
"I have visual on the individual, standing by for instructions.",0
Let's set up a perimeter before we proceed.,0
"I have visual on the individual, standing by for instructions.",0
We need to notify the fire department for medical support.,0
"Officer Smith, can you confirm the individual's description?",0
"Officer Smith, can you confirm the individual's description?",0
"Captain, we are wrapping up the scene now.",0
"Officer Smith, can you confirm the individual's description?",0
"Officer Smith, can you confirm the individual's description?",0
I think I left my flashlight in the car.,0
"Captain, we are wrapping up the scene now.",0
I think I left my flashlight in the car.,0
"Officer Smith, can you confirm the individual's description?",0
"I have visual on the individual, standing by for instructions.",0
Let's set up a perimeter before we proceed.,0
"Officer Smith, can you confirm the individual's description?",0
"Dispatch, I am en route to the location now.",0
"This is unit 42, arriving on scene.",0
Let's set up a perimeter before we proceed.,0
The individual ran northbound past the gas station.,0
"This is unit 42, arriving on scene.",0
"Captain, we are wrapping up the scene now.",0
"Dispatch, I am en route to the location now.",0
"Captain, we are wrapping up the scene now.",0
The individual ran northbound past the gas station.,0
"I have visual on the individual, standing by for instructions.",0
I think I left my flashlight in the car.,0
I think I left my flashlight in the car.,0
I need backup at the intersection of Main and 5th.,0
Let's set up a perimeter before we proceed.,0
We need to notify the fire department for medical support.,0
Let's set up a perimeter before we proceed.,0
I think I left my flashlight in the car.,0
Let's set up a perimeter before we proceed.,0
"Captain, we are wrapping up the scene now.",0
Let's set up a perimeter before we proceed.,0
We need to notify the fire department for medical support.,0
"Officer Smith, can you confirm the individual's description?",0
"Dispatch, I am en route to the location now.",0
We need to notify the fire department for medical support.,0
We need to notify the fire department for medical support.,0
I need backup at the intersection of Main and 5th.,0
Let's set up a perimeter before we proceed.,0
"Captain, we are wrapping up the scene now.",0
"Captain, we are wrapping up the scene now.",0
"I have visual on the individual, standing by for instructions.",0
"Dispatch, I am en route to the location now.",0
"Dispatch, I am en route to the location now.",0
We need to notify the fire department for medical support.,0
We need to notify the fire department for medical support.,0
"I have visual on the individual, standing by for instructions.",0
"This is unit 42, arriving on scene.",0
"This is unit 42, arriving on scene.",0
Let's set up a perimeter before we proceed.,0
We need to notify the fire department for medical support.,0
"This is unit 42, arriving on scene.",0
"I have visual on the individual, standing by for instructions.",0
"This is unit 42, arriving on scene.",0
Let's set up a perimeter before we proceed.,0
"Captain, we are wrapping up the scene now.",0
"I have visual on the individual, standing by for instructions.",0
Let's set up a perimeter before we proceed.,0
I need backup at the intersection of Main and 5th.,0
"Dispatch, I am en route to the location now.",0
"Dispatch, I am en route to the location now.",0
"Dispatch, I am en route to the location now.",0
"Dispatch, I am en route to the location now.",0
Let's set up a perimeter before we proceed.,0
The individual ran northbound past the gas station.,0
I think I left my flashlight in the car.,0
I think I left my flashlight in the car.,0
The individual ran northbound past the gas station.,0
I think I left my flashlight in the car.,0
"Dispatch, I am en route to the location now.",0
"This is unit 42, arriving on scene.",0
I need backup at the intersection of Main and 5th.,0
"Captain, we are wrapping up the scene now.",0
"This is unit 42, arriving on scene.",0
Let's set up a perimeter before we proceed.,0
Let's set up a perimeter before we proceed.,0
"This is unit 42, arriving on scene.",0
The individual ran northbound past the gas station.,0
The individual ran northbound past the gas station.,0
Let's set up a perimeter before we proceed.,0
"Dispatch, I am en route to the location now.",0
I think I left my flashlight in the car.,0
"I have visual on the individual, standing by for instructions.",0
"Officer Smith, can you confirm the individual's description?",0
"Dispatch, I am en route to the location now.",0
"Captain, we are wrapping up the scene now.",0
I need backup at the intersection of Main and 5th.,0
"Officer Smith, can you confirm the individual's description?",0
"I have visual on the individual, standing by for instructions.",0
Let's set up a perimeter before we proceed.,0
The individual ran northbound past the gas station.,0
"I have visual on the individual, standing by for instructions.",0
The individual ran northbound past the gas station.,0
"Officer Smith, can you confirm the individual's description?",0
"I have visual on the individual, standing by for instructions.",0
The individual ran northbound past the gas station.,0
"This is unit 42, arriving on scene.",0
We need to notify the fire department for medical support.,0
I need backup at the intersection of Main and 5th.,0
We need to notify the fire department for medical support.,0
"Officer Smith, can you confirm the individual's description?",0
The individual ran northbound past the gas station.,0
I think I left my flashlight in the car.,0
"Captain, we are wrapping up the scene now.",0
"Captain, we are wrapping up the scene now.",0
I need backup at the intersection of Main and 5th.,0
"Officer Smith, can you confirm the individual's description?",0
"Dispatch, I am en route to the location now.",0
I think I left my flashlight in the car.,0
I need backup at the intersection of Main and 5th.,0
I think I left my flashlight in the car.,0
We need to notify the fire department for medical support.,0
Let's set up a perimeter before we proceed.,0
We need to notify the fire department for medical support.,0
"This is unit 42, arriving on scene.",0
I need backup at the intersection of Main and 5th.,0
"I have visual on the individual, standing by for instructions.",0
"Dispatch, I am en route to the location now.",0
"I have visual on the individual, standing by for instructions.",0
I need backup at the intersection of Main and 5th.,0
The individual ran northbound past the gas station.,0
I need backup at the intersection of Main and 5th.,0
"Officer Smith, can you confirm the individual's description?",0
The individual ran northbound past the gas station.,0
"Officer Smith, can you confirm the individual's description?",0
I need backup at the intersection of Main and 5th.,0
"Captain, we are wrapping up the scene now.",0
"Officer Smith, can you confirm the individual's description?",0
We need to notify the fire department for medical support.,0
"This is unit 42, arriving on scene.",0
"Officer Smith, can you confirm the individual's description?",0
"Officer Smith, can you confirm the individual's description?",0
I need backup at the intersection of Main and 5th.,0
"Officer Smith, can you confirm the individual's description?",0
"Officer Smith, can you confirm the individual's description?",0
"Captain, we are wrapping up the scene now.",0
"Officer Smith, can you confirm the individual's description?",0
I need backup at the intersection of Main and 5th.,0
The individual ran northbound past the gas station.,0
I need backup at the intersection of Main and 5th.,0
"Officer Smith, can you confirm the individual's description?",0
I think I left my flashlight in the car.,0
The individual ran northbound past the gas station.,0
"Captain, we are wrapping up the scene now.",0
"Dispatch, I am en route to the location now.",0
"I have visual on the individual, standing by for instructions.",0
"I have visual on the individual, standing by for instructions.",0
Let's set up a perimeter before we proceed.,0
I need backup at the intersection of Main and 5th.,0
"I have visual on the individual, standing by for instructions.",0
"Dispatch, I am en route to the location now.",0
"This is unit 42, arriving on scene.",0
"Officer Smith, can you confirm the individual's description?",0
"This is unit 42, arriving on scene.",0
"Captain, we are wrapping up the scene now.",0
I think I left my flashlight in the car.,0
"Dispatch, I am en route to the location now.",0
"Dispatch, I am en route to the location now.",0
"Dispatch, I am en route to the location now.",0
We need to notify the fire department for medical support.,0
Let's set up a perimeter before we proceed.,0
"Captain, we are wrapping up the scene now.",0
I need backup at the intersection of Main and 5th.,0
Let's set up a perimeter before we proceed.,0
I need backup at the intersection of Main and 5th.,0
The individual ran northbound past the gas station.,0
"Officer Smith, can you confirm the individual's description?",0
"Captain, we are wrapping up the scene now.",0
Let's set up a perimeter before we proceed.,0
"I have visual on the individual, standing by for instructions.",0
"I have visual on the individual, standing by for instructions.",0
Let's set up a perimeter before we proceed.,0
We need to notify the fire department for medical support.,0
"Captain, we are wrapping up the scene now.",0
Let's set up a perimeter before we proceed.,0
"Captain, we are wrapping up the scene now.",0
"Captain, we are wrapping up the scene now.",0
I think I left my flashlight in the car.,0
Let's set up a perimeter before we proceed.,0
"Officer Smith, can you confirm the individual's description?",0
"Dispatch, I am en route to the location now.",0
"Captain, we are wrapping up the scene now.",0
The individual ran northbound past the gas station.,0
I think I left my flashlight in the car.,0
"Officer Smith, can you confirm the individual's description?",0
"This is unit 42, arriving on scene.",0
"Dispatch, I am en route to the location now.",0
"Officer Smith, can you confirm the individual's description?",0
"I have visual on the individual, standing by for instructions.",0
"This is unit 42, arriving on scene.",0
"I have visual on the individual, standing by for instructions.",0
The individual ran northbound past the gas station.,0
"I have visual on the individual, standing by for instructions.",0
"Captain, we are wrapping up the scene now.",0
I need backup at the intersection of Main and 5th.,0
We need to notify the fire department for medical support.,0
Let's set up a perimeter before we proceed.,0
Let's set up a perimeter before we proceed.,0
Let's set up a perimeter before we proceed.,0
"I have visual on the individual, standing by for instructions.",0
"I have visual on the individual, standing by for instructions.",0
"I have visual on the individual, standing by for instructions.",0
I think I left my flashlight in the car.,0
The individual ran northbound past the gas station.,0
"This is unit 42, arriving on scene.",0
"Officer Smith, can you confirm the individual's description?",0
"Officer Smith, can you confirm the individual's description?",0
"Dispatch, I am en route to the location now.",0
"Dispatch, I am en route to the location now.",0
"Captain, we are wrapping up the scene now.",0
"I have visual on the individual, standing by for instructions.",0
"This is unit 42, arriving on scene.",0
I think I left my flashlight in the car.,0
"This is unit 42, arriving on scene.",0
I think I left my flashlight in the car.,0
"Officer Smith, can you confirm the individual's description?",0
Let's set up a perimeter before we proceed.,0
I need backup at the intersection of Main and 5th.,0
I think I left my flashlight in the car.,0
"Dispatch, I am en route to the location now.",0
"Captain, we are wrapping up the scene now.",0
I think I left my flashlight in the car.,0
The individual ran northbound past the gas station.,0
"Captain, we are wrapping up the scene now.",0
"Captain, we are wrapping up the scene now.",0
"I have visual on the individual, standing by for instructions.",0
We need to notify the fire department for medical support.,0
The individual ran northbound past the gas station.,0
"Officer Smith, can you confirm the individual's description?",0
The individual ran northbound past the gas station.,0
"Officer Smith, can you confirm the individual's description?",0
"Officer Smith, can you confirm the individual's description?",0
"Dispatch, I am en route to the location now.",0
Let's set up a perimeter before we proceed.,0
The individual ran northbound past the gas station.,0
The individual ran northbound past the gas station.,0
Let's set up a perimeter before we proceed.,0
Let's set up a perimeter before we proceed.,0
I need backup at the intersection of Main and 5th.,0
I think I left my flashlight in the car.,0
The individual ran northbound past the gas station.,0
Let's set up a perimeter before we proceed.,0
"This is unit 42, arriving on scene.",0
"I have visual on the individual, standing by for instructions.",0
"Captain, we are wrapping up the scene now.",0
I think I left my flashlight in the car.,0
I need backup at the intersection of Main and 5th.,0
The individual ran northbound past the gas station.,0
Let's set up a perimeter before we proceed.,0
"Dispatch, I am en route to the location now.",0
I think I left my flashlight in the car.,0
Let's set up a perimeter before we proceed.,0
"This is unit 42, arriving on scene.",0
Let's set up a perimeter before we proceed.,0
"Dispatch, I am en route to the location now.",0
"Captain, we are wrapping up the scene now.",0
I think I left my flashlight in the car.,0
The individual ran northbound past the gas station.,0
"Captain, we are wrapping up the scene now.",0
"Captain, we are wrapping up the scene now.",0
"This is unit 42, arriving on scene.",0
We need to notify the fire department for medical support.,0
"Officer Smith, can you confirm the individual's description?",0
The individual ran northbound past the gas station.,0
"Dispatch, I am en route to the location now.",0
I need backup at the intersection of Main and 5th.,0
We need to notify the fire department for medical support.,0
"This is unit 42, arriving on scene.",0
I need backup at the intersection of Main and 5th.,0
The individual ran northbound past the gas station.,0
"Officer Smith, can you confirm the individual's description?",0
The individual ran northbound past the gas station.,0
"I have visual on the individual, standing by for instructions.",0
We need to notify the fire department for medical support.,0
We need to notify the fire department for medical support.,0
"Captain, we are wrapping up the scene now.",0
I think I left my flashlight in the car.,0
I think I left my flashlight in the car.,0
I think I left my flashlight in the car.,0
Let's set up a perimeter before we proceed.,0
"I have visual on the individual, standing by for instructions.",0
We need to notify the fire department for medical support.,0
I need backup at the intersection of Main and 5th.,0
"Captain, we are wrapping up the scene now.",0
"Captain, we are wrapping up the scene now.",0
The individual ran northbound past the gas station.,0
"Captain, we are wrapping up the scene now.",0
I think I left my flashlight in the car.,0
"This is unit 42, arriving on scene.",0
"Dispatch, I am en route to the location now.",0
"Officer Smith, can you confirm the individual's description?",0
I need backup at the intersection of Main and 5th.,0
"This is unit 42, arriving on scene.",0
"Dispatch, I am en route to the location now.",0
The individual ran northbound past the gas station.,0
"This is unit 42, arriving on scene.",0
The individual ran northbound past the gas station.,0
"I have visual on the individual, standing by for instructions.",0
"Captain, we are wrapping up the scene now.",0
I need backup at the intersection of Main and 5th.,0
Let's set up a perimeter before we proceed.,0
I think I left my flashlight in the car.,0
Let's set up a perimeter before we proceed.,0
"I have visual on the individual, standing by for instructions.",0
The individual ran northbound past the gas station.,0
I think I left my flashlight in the car.,0
The individual ran northbound past the gas station.,0
Let's set up a perimeter before we proceed.,0
We need to notify the fire department for medical support.,0
The individual ran northbound past the gas station.,0
The individual ran northbound past the gas station.,0
"Dispatch, I am en route to the location now.",0
"This is unit 42, arriving on scene.",0
We need to notify the fire department for medical support.,0
We need to notify the fire department for medical support.,0
"Dispatch, I am en route to the location now.",0
I need backup at the intersection of Main and 5th.,0
"This is unit 42, arriving on scene.",0
We need to notify the fire department for medical support.,0
I need backup at the intersection of Main and 5th.,0
"This is unit 42, arriving on scene.",0
The individual ran northbound past the gas station.,0
The individual ran northbound past the gas station.,0
We need to notify the fire department for medical support.,0
"This is unit 42, arriving on scene.",0
I think I left my flashlight in the car.,0
The individual ran northbound past the gas station.,0
"Dispatch, I am en route to the location now.",0
"Officer Smith, can you confirm the individual's description?",0
"Officer Smith, can you confirm the individual's description?",0
Let's set up a perimeter before we proceed.,0
I need backup at the intersection of Main and 5th.,0
"I have visual on the individual, standing by for instructions.",0
I think I left my flashlight in the car.,0
The individual ran northbound past the gas station.,0
Let's set up a perimeter before we proceed.,0
I need backup at the intersection of Main and 5th.,0
"Captain, we are wrapping up the scene now.",0
"Dispatch, I am en route to the location now.",0
"I have visual on the individual, standing by for instructions.",0
"This is unit 42, arriving on scene.",0
"Dispatch, I am en route to the location now.",0
"This is unit 42, arriving on scene.",0
We need to notify the fire department for medical support.,0
"Captain, we are wrapping up the scene now.",0
Let's set up a perimeter before we proceed.,0
The individual ran northbound past the gas station.,0
"Officer Smith, can you confirm the individual's description?",0
"This is unit 42, arriving on scene.",0
We need to notify the fire department for medical support.,0
I need backup at the intersection of Main and 5th.,0
I need backup at the intersection of Main and 5th.,0
"Officer Smith, can you confirm the individual's description?",0
"This is unit 42, arriving on scene.",0
I think I left my flashlight in the car.,0
I need backup at the intersection of Main and 5th.,0
I need backup at the intersection of Main and 5th.,0
I think I left my flashlight in the car.,0
The individual ran northbound past the gas station.,0
The individual ran northbound past the gas station.,0
I think I left my flashlight in the car.,0
I need backup at the intersection of Main and 5th.,0
The individual ran northbound past the gas station.,0
Let's set up a perimeter before we proceed.,0
"Dispatch, I am en route to the location now.",0
The individual ran northbound past the gas station.,0
"Captain, we are wrapping up the scene now.",0
Let's set up a perimeter before we proceed.,0
We need to notify the fire department for medical support.,0
"Officer Smith, can you confirm the individual's description?",0
I think I left my flashlight in the car.,0
"I have visual on the individual, standing by for instructions.",0
The individual ran northbound past the gas station.,0
"I have visual on the individual, standing by for instructions.",0
"Dispatch, I am en route to the location now.",0
"Dispatch, I am en route to the location now.",0
I think I left my flashlight in the car.,0
We need to notify the fire department for medical support.,0
Let's set up a perimeter before we proceed.,0
"I have visual on the individual, standing by for instructions.",0
I need backup at the intersection of Main and 5th.,0
Let's set up a perimeter before we proceed.,0
"Dispatch, I am en route to the location now.",0
"I have visual on the individual, standing by for instructions.",0
"Officer Smith, can you confirm the individual's description?",0
I need backup at the intersection of Main and 5th.,0
I need backup at the intersection of Main and 5th.,0
Let's set up a perimeter before we proceed.,0
The individual ran northbound past the gas station.,0
"Captain, we are wrapping up the scene now.",0
"This is unit 42, arriving on scene.",0
"I have visual on the individual, standing by for instructions.",0
I think I left my flashlight in the car.,0
I think I left my flashlight in the car.,0
"Captain, we are wrapping up the scene now.",0
We need to notify the fire department for medical support.,0
Let's set up a perimeter before we proceed.,0
"I have visual on the individual, standing by for instructions.",0
"I have visual on the individual, standing by for instructions.",0
I need backup at the intersection of Main and 5th.,0
"Officer Smith, can you confirm the individual's description?",0
Let's set up a perimeter before we proceed.,0
We need to notify the fire department for medical support.,0
We need to notify the fire department for medical support.,0
"This is unit 42, arriving on scene.",0
"Officer Smith, can you confirm the individual's description?",0
"Captain, we are wrapping up the scene now.",0
The individual ran northbound past the gas station.,0
"This is unit 42, arriving on scene.",0
"This is unit 42, arriving on scene.",0
"This is unit 42, arriving on scene.",0
We need to notify the fire department for medical support.,0
I need backup at the intersection of Main and 5th.,0
The individual ran northbound past the gas station.,0
"Captain, we are wrapping up the scene now.",0
"Dispatch, I am en route to the location now.",0
I need backup at the intersection of Main and 5th.,0
"This is unit 42, arriving on scene.",0
I need backup at the intersection of Main and 5th.,0
"Officer Smith, can you confirm the individual's description?",0
"I have visual on the individual, standing by for instructions.",0
We need to notify the fire department for medical support.,0
I think I left my flashlight in the car.,0
"This is unit 42, arriving on scene.",0
"Officer Smith, can you confirm the individual's description?",0
We need to notify the fire department for medical support.,0
"I have visual on the individual, standing by for instructions.",0
"Officer Smith, can you confirm the individual's description?",0
Let's set up a perimeter before we proceed.,0
Let's set up a perimeter before we proceed.,0
"Officer Smith, can you confirm the individual's description?",0
I think I left my flashlight in the car.,0
The individual ran northbound past the gas station.,0
"Captain, we are wrapping up the scene now.",0
"I have visual on the individual, standing by for instructions.",0
I need backup at the intersection of Main and 5th.,0
"Officer Smith, can you confirm the individual's description?",0
"This is unit 42, arriving on scene.",0
"Officer Smith, can you confirm the individual's description?",0
Let's set up a perimeter before we proceed.,0
"Officer Smith, can you confirm the individual's description?",0
I need backup at the intersection of Main and 5th.,0
"Dispatch, I am en route to the location now.",0
"Dispatch, I am en route to the location now.",0
I need backup at the intersection of Main and 5th.,0
"Officer Smith, can you confirm the individual's description?",0
I think I left my flashlight in the car.,0
"I have visual on the individual, standing by for instructions.",0
"I have visual on the individual, standing by for instructions.",0
The individual ran northbound past the gas station.,0
Let's set up a perimeter before we proceed.,0
"Dispatch, I am en route to the location now.",0
I think I left my flashlight in the car.,0
"This is unit 42, arriving on scene.",0
"Dispatch, I am en route to the location now.",0
I think I left my flashlight in the car.,0
The individual ran northbound past the gas station.,0
I need backup at the intersection of Main and 5th.,0
I need backup at the intersection of Main and 5th.,0
"I have visual on the individual, standing by for instructions.",0
"Officer Smith, can you confirm the individual's description?",0
"Captain, we are wrapping up the scene now.",0
"Officer Smith, can you confirm the individual's description?",0
"Dispatch, I am en route to the location now.",0
"This is unit 42, arriving on scene.",0
I need backup at the intersection of Main and 5th.,0
I need backup at the intersection of Main and 5th.,0
Let's set up a perimeter before we proceed.,0
I need backup at the intersection of Main and 5th.,0
"This is unit 42, arriving on scene.",0
"I have visual on the individual, standing by for instructions.",0
"I have visual on the individual, standing by for instructions.",0
"This is unit 42, arriving on scene.",0
Let's set up a perimeter before we proceed.,0
"I have visual on the individual, standing by for instructions.",0
"This is unit 42, arriving on scene.",0
I need backup at the intersection of Main and 5th.,0
"Dispatch, I am en route to the location now.",0
We need to notify the fire department for medical support.,0
"Officer Smith, can you confirm the individual's description?",0
I think I left my flashlight in the car.,0
We need to notify the fire department for medical support.,0
"I have visual on the individual, standing by for instructions.",0
We need to notify the fire department for medical support.,0
I think I left my flashlight in the car.,0
We need to notify the fire department for medical support.,0
Let's set up a perimeter before we proceed.,0
Let's set up a perimeter before we proceed.,0
The individual ran northbound past the gas station.,0
"Officer Smith, can you confirm the individual's description?",0
"Dispatch, I am en route to the location now.",0
I think I left my flashlight in the car.,0
Let's set up a perimeter before we proceed.,0
The individual ran northbound past the gas station.,0
"Captain, we are wrapping up the scene now.",0
Let's set up a perimeter before we proceed.,0
The individual ran northbound past the gas station.,0
I need backup at the intersection of Main and 5th.,0
Let's set up a perimeter before we proceed.,0
"Captain, we are wrapping up the scene now.",0
"Officer Smith, can you confirm the individual's description?",0
The individual ran northbound past the gas station.,0
"Captain, we are wrapping up the scene now.",0
We need to notify the fire department for medical support.,0
We need to notify the fire department for medical support.,0
"Captain, we are wrapping up the scene now.",0
"This is unit 42, arriving on scene.",0
Let's set up a perimeter before we proceed.,0
"Dispatch, I am en route to the location now.",0
I think I left my flashlight in the car.,0
"Officer Smith, can you confirm the individual's description?",0
We need to notify the fire department for medical support.,0
"Captain, we are wrapping up the scene now.",0
The individual ran northbound past the gas station.,0
The individual ran northbound past the gas station.,0
We need to notify the fire department for medical support.,0
I think I left my flashlight in the car.,0
"Captain, we are wrapping up the scene now.",0
Let's set up a perimeter before we proceed.,0
We need to notify the fire department for medical support.,0
"Dispatch, I am en route to the location now.",0
"This is unit 42, arriving on scene.",0
"Captain, we are wrapping up the scene now.",0
"I have visual on the individual, standing by for instructions.",0
Let's set up a perimeter before we proceed.,0
"Dispatch, I am en route to the location now.",0
Let's set up a perimeter before we proceed.,0
"Captain, we are wrapping up the scene now.",0
Let's set up a perimeter before we proceed.,0
"I have visual on the individual, standing by for instructions.",0
"Dispatch, I am en route to the location now.",0
"I have visual on the individual, standing by for instructions.",0
We need to notify the fire department for medical support.,0
"Captain, we are wrapping up the scene now.",0
"Dispatch, I am en route to the location now.",0
"I have visual on the individual, standing by for instructions.",0
The individual ran northbound past the gas station.,0
"This is unit 42, arriving on scene.",0
"Captain, we are wrapping up the scene now.",0
The individual ran northbound past the gas station.,0
"I have visual on the individual, standing by for instructions.",0
"I have visual on the individual, standing by for instructions.",0
I think I left my flashlight in the car.,0
I think I left my flashlight in the car.,0
I need backup at the intersection of Main and 5th.,0
"Officer Smith, can you confirm the individual's description?",0
"This is unit 42, arriving on scene.",0
We need to notify the fire department for medical support.,0
"This is unit 42, arriving on scene.",0
"Dispatch, I am en route to the location now.",0
"I have visual on the individual, standing by for instructions.",0
"Dispatch, I am en route to the location now.",0
"Dispatch, I am en route to the location now.",0
"I have visual on the individual, standing by for instructions.",0
Let's set up a perimeter before we proceed.,0
Let's set up a perimeter before we proceed.,0
"Dispatch, I am en route to the location now.",0
"I have visual on the individual, standing by for instructions.",0
Let's set up a perimeter before we proceed.,0
"This is unit 42, arriving on scene.",0
"Captain, we are wrapping up the scene now.",0
"Captain, we are wrapping up the scene now.",0
Let's set up a perimeter before we proceed.,0
The individual ran northbound past the gas station.,0
We need to notify the fire department for medical support.,0
I need backup at the intersection of Main and 5th.,0
"Officer Smith, can you confirm the individual's description?",0
"Officer Smith, can you confirm the individual's description?",0
We need to notify the fire department for medical support.,0
"I have visual on the individual, standing by for instructions.",0
"I have visual on the individual, standing by for instructions.",0
Let's set up a perimeter before we proceed.,0
"Captain, we are wrapping up the scene now.",0
Let's set up a perimeter before we proceed.,0
"Dispatch, I am en route to the location now.",0
"Dispatch, I am en route to the location now.",0
We need to notify the fire department for medical support.,0
"Dispatch, I am en route to the location now.",0
"I have visual on the individual, standing by for instructions.",0
"Dispatch, I am en route to the location now.",0
The individual ran northbound past the gas station.,0
Let's set up a perimeter before we proceed.,0
"I have visual on the individual, standing by for instructions.",0
We need to notify the fire department for medical support.,0
We need to notify the fire department for medical support.,0
We need to notify the fire department for medical support.,0
I think I left my flashlight in the car.,0
Let's set up a perimeter before we proceed.,0
"This is unit 42, arriving on scene.",0
"Captain, we are wrapping up the scene now.",0
I need backup at the intersection of Main and 5th.,0
We need to notify the fire department for medical support.,0
"This is unit 42, arriving on scene.",0
"I have visual on the individual, standing by for instructions.",0
Let's set up a perimeter before we proceed.,0
Let's set up a perimeter before we proceed.,0
We need to notify the fire department for medical support.,0
I need backup at the intersection of Main and 5th.,0
"Dispatch, I am en route to the location now.",0
"Dispatch, I am en route to the location now.",0
I think I left my flashlight in the car.,0
"I have visual on the individual, standing by for instructions.",0
We need to notify the fire department for medical support.,0
"Dispatch, I am en route to the location now.",0
We need to notify the fire department for medical support.,0
We need to notify the fire department for medical support.,0
Let's set up a perimeter before we proceed.,0
I need backup at the intersection of Main and 5th.,0
The individual ran northbound past the gas station.,0
"Officer Smith, can you confirm the individual's description?",0
"I have visual on the individual, standing by for instructions.",0
"I have visual on the individual, standing by for instructions.",0
We need to notify the fire department for medical support.,0
"Captain, we are wrapping up the scene now.",0
"I have visual on the individual, standing by for instructions.",0
"Dispatch, I am en route to the location now.",0
I think I left my flashlight in the car.,0
"I have visual on the individual, standing by for instructions.",0
"Dispatch, I am en route to the location now.",0
We need to notify the fire department for medical support.,0
We need to notify the fire department for medical support.,0
"I have visual on the individual, standing by for instructions.",0
I need backup at the intersection of Main and 5th.,0
The individual ran northbound past the gas station.,0
I think I left my flashlight in the car.,0
We need to notify the fire department for medical support.,0
We need to notify the fire department for medical support.,0
"This is unit 42, arriving on scene.",0
"Dispatch, I am en route to the location now.",0
"I have visual on the individual, standing by for instructions.",0
The individual ran northbound past the gas station.,0
I need backup at the intersection of Main and 5th.,0
"Captain, we are wrapping up the scene now.",0
"This is unit 42, arriving on scene.",0
"I have visual on the individual, standing by for instructions.",0
I need backup at the intersection of Main and 5th.,0
"This is unit 42, arriving on scene.",0
We need to notify the fire department for medical support.,0
Let's set up a perimeter before we proceed.,0
I need backup at the intersection of Main and 5th.,0
Let's set up a perimeter before we proceed.,0
"Captain, we are wrapping up the scene now.",0
"Captain, we are wrapping up the scene now.",0
"Captain, we are wrapping up the scene now.",0
I need backup at the intersection of Main and 5th.,0
"I have visual on the individual, standing by for instructions.",0
"Officer Smith, can you confirm the individual's description?",0
"Captain, we are wrapping up the scene now.",0
Let's set up a perimeter before we proceed.,0
I think I left my flashlight in the car.,0
"I have visual on the individual, standing by for instructions.",0
The individual ran northbound past the gas station.,0
"Captain, we are wrapping up the scene now.",0
Let's set up a perimeter before we proceed.,0
"This is unit 42, arriving on scene.",0
"Dispatch, I am en route to the location now.",0
Let's set up a perimeter before we proceed.,0
We need to notify the fire department for medical support.,0
"Dispatch, I am en route to the location now.",0
"Officer Smith, can you confirm the individual's description?",0
"Dispatch, I am en route to the location now.",0
I think I left my flashlight in the car.,0
"Officer Smith, can you confirm the individual's description?",0
I think I left my flashlight in the car.,0
"This is unit 42, arriving on scene.",0
I think I left my flashlight in the car.,0
"Captain, we are wrapping up the scene now.",0
I think I left my flashlight in the car.,0
"Captain, we are wrapping up the scene now.",0
Let's set up a perimeter before we proceed.,0
"I have visual on the individual, standing by for instructions.",0
I think I left my flashlight in the car.,0
I think I left my flashlight in the car.,0
"Captain, we are wrapping up the scene now.",0
"Captain, we are wrapping up the scene now.",0
Let's set up a perimeter before we proceed.,0
"Captain, we are wrapping up the scene now.",0
"Captain, we are wrapping up the scene now.",0
"Dispatch, I am en route to the location now.",0
I think I left my flashlight in the car.,0
The individual ran northbound past the gas station.,0
"Dispatch, I am en route to the location now.",0
"I have visual on the individual, standing by for instructions.",0
"I have visual on the individual, standing by for instructions.",0
"Dispatch, I am en route to the location now.",0
"This is unit 42, arriving on scene.",0
I need backup at the intersection of Main and 5th.,0
The individual ran northbound past the gas station.,0
Let's set up a perimeter before we proceed.,0
"I have visual on the individual, standing by for instructions.",0
"Dispatch, I am en route to the location now.",0
"Dispatch, I am en route to the location now.",0
"I have visual on the individual, standing by for instructions.",0
Let's set up a perimeter before we proceed.,0
I need backup at the intersection of Main and 5th.,0
I think I left my flashlight in the car.,0
"Officer Smith, can you confirm the individual's description?",0
We need to notify the fire department for medical support.,0
I think I left my flashlight in the car.,0
"This is unit 42, arriving on scene.",0
"Officer Smith, can you confirm the individual's description?",0
I think I left my flashlight in the car.,0
Let's set up a perimeter before we proceed.,0
"Officer Smith, can you confirm the individual's description?",0
"Officer Smith, can you confirm the individual's description?",0
"Officer Smith, can you confirm the individual's description?",0
"This is unit 42, arriving on scene.",0
Let's set up a perimeter before we proceed.,0
I think I left my flashlight in the car.,0
"Dispatch, I am en route to the location now.",0
We need to notify the fire department for medical support.,0
The individual ran northbound past the gas station.,0
We need to notify the fire department for medical support.,0
"I have visual on the individual, standing by for instructions.",0
We need to notify the fire department for medical support.,0
I think I left my flashlight in the car.,0
"Officer Smith, can you confirm the individual's description?",0
"This is unit 42, arriving on scene.",0
"I have visual on the individual, standing by for instructions.",0
The individual ran northbound past the gas station.,0
Let's set up a perimeter before we proceed.,0
The individual ran northbound past the gas station.,0
Let's set up a perimeter before we proceed.,0
Let's set up a perimeter before we proceed.,0
"I have visual on the individual, standing by for instructions.",0
I need backup at the intersection of Main and 5th.,0
"Officer Smith, can you confirm the individual's description?",0
"This is unit 42, arriving on scene.",0
"I have visual on the individual, standing by for instructions.",0
"Officer Smith, can you confirm the individual's description?",0
I think I left my flashlight in the car.,0
We need to notify the fire department for medical support.,0
"I have visual on the individual, standing by for instructions.",0
Let's set up a perimeter before we proceed.,0
"Captain, we are wrapping up the scene now.",0
We need to notify the fire department for medical support.,0
The individual ran northbound past the gas station.,0
We need to notify the fire department for medical support.,0
"This is unit 42, arriving on scene.",0
"Dispatch, I am en route to the location now.",0
"I have visual on the individual, standing by for instructions.",0
I think I left my flashlight in the car.,0
"This is unit 42, arriving on scene.",0
I need backup at the intersection of Main and 5th.,0
Let's set up a perimeter before we proceed.,0
"Dispatch, I am en route to the location now.",0
"Captain, we are wrapping up the scene now.",0
"Captain, we are wrapping up the scene now.",0
"Officer Smith, can you confirm the individual's description?",0
"Dispatch, I am en route to the location now.",0
"Dispatch, I am en route to the location now.",0
"This is unit 42, arriving on scene.",0
We need to notify the fire department for medical support.,0
The individual ran northbound past the gas station.,0
The individual ran northbound past the gas station.,0
I think I left my flashlight in the car.,0
"Dispatch, I am en route to the location now.",0
Let's set up a perimeter before we proceed.,0
"I have visual on the individual, standing by for instructions.",0
I need backup at the intersection of Main and 5th.,0
I think I left my flashlight in the car.,0
We need to notify the fire department for medical support.,0
I think I left my flashlight in the car.,0
I need backup at the intersection of Main and 5th.,0
"Dispatch, I am en route to the location now.",0
"Dispatch, I am en route to the location now.",0
"This is unit 42, arriving on scene.",0
"Dispatch, I am en route to the location now.",0
"Dispatch, I am en route to the location now.",0
"Officer Smith, can you confirm the individual's description?",0
The individual ran northbound past the gas station.,0
I think I left my flashlight in the car.,0
I think I left my flashlight in the car.,0
Let's set up a perimeter before we proceed.,0
We need to notify the fire department for medical support.,0
"Officer Smith, can you confirm the individual's description?",0
"Officer Smith, can you confirm the individual's description?",0
I need backup at the intersection of Main and 5th.,0
"Officer Smith, can you confirm the individual's description?",0
I think I left my flashlight in the car.,0
Let's set up a perimeter before we proceed.,0
Let's set up a perimeter before we proceed.,0
I need backup at the intersection of Main and 5th.,0
"Officer Smith, can you confirm the individual's description?",0
"Officer Smith, can you confirm the individual's description?",0
I need backup at the intersection of Main and 5th.,0
"I have visual on the individual, standing by for instructions.",0
The individual ran northbound past the gas station.,0
The individual ran northbound past the gas station.,0
"This is unit 42, arriving on scene.",0
Let's set up a perimeter before we proceed.,0
The individual ran northbound past the gas station.,0
The individual ran northbound past the gas station.,0
The individual ran northbound past the gas station.,0
The individual ran northbound past the gas station.,0
"This is unit 42, arriving on scene.",0
The individual ran northbound past the gas station.,0
"I have visual on the individual, standing by for instructions.",0
"Captain, we are wrapping up the scene now.",0
"I have visual on the individual, standing by for instructions.",0
The individual ran northbound past the gas station.,0
"I have visual on the individual, standing by for instructions.",0
Let's set up a perimeter before we proceed.,0
Let's set up a perimeter before we proceed.,0
"Officer Smith, can you confirm the individual's description?",0
"This is unit 42, arriving on scene.",0
I think I left my flashlight in the car.,0
I need backup at the intersection of Main and 5th.,0
"Officer Smith, can you confirm the individual's description?",0
"This is unit 42, arriving on scene.",0
"This is unit 42, arriving on scene.",0
We need to notify the fire department for medical support.,0
The individual ran northbound past the gas station.,0
"This is unit 42, arriving on scene.",0
"I have visual on the individual, standing by for instructions.",0
"Captain, we are wrapping up the scene now.",0
The individual ran northbound past the gas station.,0
"I have visual on the individual, standing by for instructions.",0
The individual ran northbound past the gas station.,0
"Officer Smith, can you confirm the individual's description?",0
I think I left my flashlight in the car.,0
"Captain, we are wrapping up the scene now.",0
Let's set up a perimeter before we proceed.,0
I need backup at the intersection of Main and 5th.,0
I think I left my flashlight in the car.,0
"Captain, we are wrapping up the scene now.",0
"This is unit 42, arriving on scene.",0
We need to notify the fire department for medical support.,0
"Dispatch, I am en route to the location now.",0
We need to notify the fire department for medical support.,0
We need to notify the fire department for medical support.,0
I need backup at the intersection of Main and 5th.,0
We need to notify the fire department for medical support.,0
The individual ran northbound past the gas station.,0
Let's set up a perimeter before we proceed.,0
We need to notify the fire department for medical support.,0
"Officer Smith, can you confirm the individual's description?",0
The individual ran northbound past the gas station.,0
"Dispatch, I am en route to the location now.",0
I need backup at the intersection of Main and 5th.,0
"I have visual on the individual, standing by for instructions.",0
The individual ran northbound past the gas station.,0
The individual ran northbound past the gas station.,0
"I have visual on the individual, standing by for instructions.",0
I think I left my flashlight in the car.,0
"I have visual on the individual, standing by for instructions.",0
The individual ran northbound past the gas station.,0
"I have visual on the individual, standing by for instructions.",0
I think I left my flashlight in the car.,0
I think I left my flashlight in the car.,0
I need backup at the intersection of Main and 5th.,0
"This is unit 42, arriving on scene.",0
Let's set up a perimeter before we proceed.,0
"This is unit 42, arriving on scene.",0
Let's set up a perimeter before we proceed.,0
"This is unit 42, arriving on scene.",0
"Officer Smith, can you confirm the individual's description?",0
"This is unit 42, arriving on scene.",0
"This is unit 42, arriving on scene.",0
"Officer Smith, can you confirm the individual's description?",0
The individual ran northbound past the gas station.,0
Let's set up a perimeter before we proceed.,0
We need to notify the fire department for medical support.,0
"Officer Smith, can you confirm the individual's description?",0
Let's set up a perimeter before we proceed.,0
"Officer Smith, can you confirm the individual's description?",0
"Dispatch, I am en route to the location now.",0
"Captain, we are wrapping up the scene now.",0
"Dispatch, I am en route to the location now.",0
"Dispatch, I am en route to the location now.",0
I think I left my flashlight in the car.,0
The individual ran northbound past the gas station.,0
We need to notify the fire department for medical support.,0
Let's set up a perimeter before we proceed.,0
"Dispatch, I am en route to the location now.",0
I think I left my flashlight in the car.,0
The individual ran northbound past the gas station.,0
"Dispatch, I am en route to the location now.",0
"Captain, we are wrapping up the scene now.",0
The individual ran northbound past the gas station.,0
"I have visual on the individual, standing by for instructions.",0
I need backup at the intersection of Main and 5th.,0
"This is unit 42, arriving on scene.",0
The individual ran northbound past the gas station.,0
The individual ran northbound past the gas station.,0
"Dispatch, I am en route to the location now.",0
Let's set up a perimeter before we proceed.,0
"This is unit 42, arriving on scene.",0
We need to notify the fire department for medical support.,0
"I have visual on the individual, standing by for instructions.",0
"Officer Smith, can you confirm the individual's description?",0
Let's set up a perimeter before we proceed.,0
We need to notify the fire department for medical support.,0
"Dispatch, I am en route to the location now.",0
"This is unit 42, arriving on scene.",0
"This is unit 42, arriving on scene.",0
"Dispatch, I am en route to the location now.",0
We need to notify the fire department for medical support.,0
"Officer Smith, can you confirm the individual's description?",0
Let's set up a perimeter before we proceed.,0
The individual ran northbound past the gas station.,0
"I have visual on the individual, standing by for instructions.",0
"Dispatch, I am en route to the location now.",0
"Captain, we are wrapping up the scene now.",0
Let's set up a perimeter before we proceed.,0
I need backup at the intersection of Main and 5th.,0
The individual ran northbound past the gas station.,0
"This is unit 42, arriving on scene.",0
"Captain, we are wrapping up the scene now.",0
I need backup at the intersection of Main and 5th.,0
"I have visual on the individual, standing by for instructions.",0
"Dispatch, I am en route to the location now.",0
The individual ran northbound past the gas station.,0
"Dispatch, I am en route to the location now.",0
I think I left my flashlight in the car.,0
Let's set up a perimeter before we proceed.,0
"I have visual on the individual, standing by for instructions.",0
I need backup at the intersection of Main and 5th.,0
"Officer Smith, can you confirm the individual's description?",0
I need backup at the intersection of Main and 5th.,0
"This is unit 42, arriving on scene.",0
"Officer Smith, can you confirm the individual's description?",0
We need to notify the fire department for medical support.,0
I think I left my flashlight in the car.,0
"Captain, we are wrapping up the scene now.",0
"I have visual on the individual, standing by for instructions.",0
"Captain, we are wrapping up the scene now.",0
"This is unit 42, arriving on scene.",0
The individual ran northbound past the gas station.,0
I think I left my flashlight in the car.,0
"This is unit 42, arriving on scene.",0
"This is unit 42, arriving on scene.",0
"Dispatch, I am en route to the location now.",0
"This is unit 42, arriving on scene.",0
I need backup at the intersection of Main and 5th.,0
"I have visual on the individual, standing by for instructions.",0
The individual ran northbound past the gas station.,0
The individual ran northbound past the gas station.,0
I think I left my flashlight in the car.,0
I think I left my flashlight in the car.,0
Let's set up a perimeter before we proceed.,0
"This is unit 42, arriving on scene.",0
"Captain, we are wrapping up the scene now.",0
"This is unit 42, arriving on scene.",0
I need backup at the intersection of Main and 5th.,0
I think I left my flashlight in the car.,0
"This is unit 42, arriving on scene.",0
I think I left my flashlight in the car.,0
"Officer Smith, can you confirm the individual's description?",0
I think I left my flashlight in the car.,0
"Captain, we are wrapping up the scene now.",0
The individual ran northbound past the gas station.,0
I think I left my flashlight in the car.,0
"Dispatch, I am en route to the location now.",0
"Captain, we are wrapping up the scene now.",0
I think I left my flashlight in the car.,0
The individual ran northbound past the gas station.,0
"This is unit 42, arriving on scene.",0
"Officer Smith, can you confirm the individual's description?",0
"Officer Smith, can you confirm the individual's description?",0
I need backup at the intersection of Main and 5th.,0
I think I left my flashlight in the car.,0
"I have visual on the individual, standing by for instructions.",0
"I have visual on the individual, standing by for instructions.",0
"Officer Smith, can you confirm the individual's description?",0
The individual ran northbound past the gas station.,0
Let's set up a perimeter before we proceed.,0
We need to notify the fire department for medical support.,0
Let's set up a perimeter before we proceed.,0
"I have visual on the individual, standing by for instructions.",0
The individual ran northbound past the gas station.,0
Let's set up a perimeter before we proceed.,0
The individual ran northbound past the gas station.,0
We need to notify the fire department for medical support.,0
"Officer Smith, can you confirm the individual's description?",0
"I have visual on the individual, standing by for instructions.",0
"Captain, we are wrapping up the scene now.",0
Let's set up a perimeter before we proceed.,0
"Captain, we are wrapping up the scene now.",0
"I have visual on the individual, standing by for instructions.",0
"Officer Smith, can you confirm the individual's description?",0
Let's set up a perimeter before we proceed.,0
"Captain, we are wrapping up the scene now.",0
"Captain, we are wrapping up the scene now.",0
The individual ran northbound past the gas station.,0
"Captain, we are wrapping up the scene now.",0
Let's set up a perimeter before we proceed.,0
The individual ran northbound past the gas station.,0
"Captain, we are wrapping up the scene now.",0
"Captain, we are wrapping up the scene now.",0
"Dispatch, I am en route to the location now.",0
Let's set up a perimeter before we proceed.,0
We need to notify the fire department for medical support.,0
We need to notify the fire department for medical support.,0
I think I left my flashlight in the car.,0
I need backup at the intersection of Main and 5th.,0
"This is unit 42, arriving on scene.",0
"I have visual on the individual, standing by for instructions.",0
I need backup at the intersection of Main and 5th.,0
I need backup at the intersection of Main and 5th.,0
I need backup at the intersection of Main and 5th.,0
"This is unit 42, arriving on scene.",0
We need to notify the fire department for medical support.,0
"I have visual on the individual, standing by for instructions.",0
"This is unit 42, arriving on scene.",0
"This is unit 42, arriving on scene.",0
I think I left my flashlight in the car.,0
We need to notify the fire department for medical support.,0
"Dispatch, I am en route to the location now.",0
We need to notify the fire department for medical support.,0
"I have visual on the individual, standing by for instructions.",0
"Captain, we are wrapping up the scene now.",0
"Officer Smith, can you confirm the individual's description?",0
"I have visual on the individual, standing by for instructions.",0
I need backup at the intersection of Main and 5th.,0
"This is unit 42, arriving on scene.",0
"Dispatch, I am en route to the location now.",0
The individual ran northbound past the gas station.,0
"I have visual on the individual, standing by for instructions.",0
I need backup at the intersection of Main and 5th.,0
"Officer Smith, can you confirm the individual's description?",0
We need to notify the fire department for medical support.,0
I think I left my flashlight in the car.,0
"I have visual on the individual, standing by for instructions.",0
Let's set up a perimeter before we proceed.,0
I need backup at the intersection of Main and 5th.,0
"I have visual on the individual, standing by for instructions.",0
"I have visual on the individual, standing by for instructions.",0
"I have visual on the individual, standing by for instructions.",0
We need to notify the fire department for medical support.,0
"I have visual on the individual, standing by for instructions.",0
We need to notify the fire department for medical support.,0
"Captain, we are wrapping up the scene now.",0
I think I left my flashlight in the car.,0
"I have visual on the individual, standing by for instructions.",0
"This is unit 42, arriving on scene.",0
"Officer Smith, can you confirm the individual's description?",0
I need backup at the intersection of Main and 5th.,0
Let's set up a perimeter before we proceed.,0
We need to notify the fire department for medical support.,0
The individual ran northbound past the gas station.,0
"Dispatch, I am en route to the location now.",0
"Captain, we are wrapping up the scene now.",0
We need to notify the fire department for medical support.,0
I need backup at the intersection of Main and 5th.,0
"Officer Smith, can you confirm the individual's description?",0
Let's set up a perimeter before we proceed.,0
We need to notify the fire department for medical support.,0
"I have visual on the individual, standing by for instructions.",0
"I have visual on the individual, standing by for instructions.",0
"Officer Smith, can you confirm the individual's description?",0
"Captain, we are wrapping up the scene now.",0
The individual ran northbound past the gas station.,0
"Officer Smith, can you confirm the individual's description?",0
I think I left my flashlight in the car.,0
"Dispatch, I am en route to the location now.",0
"I have visual on the individual, standing by for instructions.",0
"Captain, we are wrapping up the scene now.",0
"Captain, we are wrapping up the scene now.",0
"Officer Smith, can you confirm the individual's description?",0
Let's set up a perimeter before we proceed.,0
"This is unit 42, arriving on scene.",0
"This is unit 42, arriving on scene.",0
"Officer Smith, can you confirm the individual's description?",0
"This is unit 42, arriving on scene.",0
"Officer Smith, can you confirm the individual's description?",0
"Captain, we are wrapping up the scene now.",0
I need backup at the intersection of Main and 5th.,0
"I have visual on the individual, standing by for instructions.",0
"Captain, we are wrapping up the scene now.",0
"Captain, we are wrapping up the scene now.",0
"This is unit 42, arriving on scene.",0
"I have visual on the individual, standing by for instructions.",0
Let's set up a perimeter before we proceed.,0
Let's set up a perimeter before we proceed.,0
"Dispatch, I am en route to the location now.",0
We need to notify the fire department for medical support.,0
Let's set up a perimeter before we proceed.,0
"I have visual on the individual, standing by for instructions.",0
"Officer Smith, can you confirm the individual's description?",0
I need backup at the intersection of Main and 5th.,0
"I have visual on the individual, standing by for instructions.",0
The individual ran northbound past the gas station.,0
Let's set up a perimeter before we proceed.,0
"Officer Smith, can you confirm the individual's description?",0
We need to notify the fire department for medical support.,0
"Officer Smith, can you confirm the individual's description?",0
"I have visual on the individual, standing by for instructions.",0
The individual ran northbound past the gas station.,0
"I have visual on the individual, standing by for instructions.",0
I need backup at the intersection of Main and 5th.,0
We need to notify the fire department for medical support.,0
"And then I told him to drop the gun or I would shoot him, per protocol.",0
"She was resisting at first, but we got her cuffed safely.",0
I had to use my taser because he kept coming at me.,0
"We tried verbal commands, but he wasn't listening at all.",0
"The guy was running, so we set up a perimeter to box him in.",0
"And then he hit me, right in the face!",0
They pushed me down and tried to take my wallet.,0
"I saw them pull out a knife, and that's when I ran.",0
"She started screaming at him, saying she was gonna call the cops.",0
He punched my brother and knocked him out cold.,0
I told him to calm down and put his hands where I could see them.,1
"We kept telling him to stop moving, but he just wouldn’t.",1
"Sir, step back and take a deep breath, we can talk this out.",1
"I told her, listen, we don’t want to use force, just cooperate.",1
"He was yelling at first, but I kept my voice steady, and he calmed down.",1
"He was yelling at her, saying he was gonna do something crazy.",1
"I swear, I thought he was gonna swing at me.",1
"She said she had a gun, but I don’t know if it was true.",1
He told me he was going to run if they tried to arrest him.,1
"They kept saying they were gonna fight the cops, but they never did.",1
"He kept reaching for something, but it turned out to be his wallet.",0
"I had my hand on my taser, but he complied just in time.",0
"We had to draw our weapons, but he finally listened to commands.",0
"She was running towards the car, so I yelled for her to stop.",0
"We had to use a loud verbal command, but no force was needed.",0
"I thought we were going to have to go hands-on, but he gave up.",0
"She kept screaming that we were hurting her, but we barely touched her.",0
"They were resisting at first, but once we got them separated, they calmed down.",0
We held the perimeter and let the negotiator do their job.,0
I had to yell multiple times before he acknowledged me.,0
"He kept reaching for something, but it turned out to be his wallet.",0
"I had my hand on my taser, but he complied just in time.",0
"We had to draw our weapons, but he finally listened to commands.",0
"She was running towards the car, so I yelled for her to stop.",0
"We had to use a loud verbal command, but no force was needed.",0
"I thought we were going to have to go hands-on, but he gave up.",0
"She kept screaming that we were hurting her, but we barely touched her.",0
"They were resisting at first, but once we got them separated, they calmed down.",0
We held the perimeter and let the negotiator do their job.,0
I had to yell multiple times before he acknowledged me.,0
"He kept reaching for something, but it turned out to be his wallet.",0
"I had my hand on my taser, but he complied just in time.",0
"We had to draw our weapons, but he finally listened to commands.",0
"She was running towards the car, so I yelled for her to stop.",0
"We had to use a loud verbal command, but no force was needed.",0
"I thought we were going to have to go hands-on, but he gave up.",0
"She kept screaming that we were hurting her, but we barely touched her.",0
"They were resisting at first, but once we got them separated, they calmed down.",0
We held the perimeter and let the negotiator do their job.,0
I had to yell multiple times before he acknowledged me.,0
"He kept reaching for something, but it turned out to be his wallet.",0
"I had my hand on my taser, but he complied just in time.",0
"We had to draw our weapons, but he finally listened to commands.",0
"She was running towards the car, so I yelled for her to stop.",0
"We had to use a loud verbal command, but no force was needed.",0
"I thought we were going to have to go hands-on, but he gave up.",0
"She kept screaming that we were hurting her, but we barely touched her.",0
"They were resisting at first, but once we got them separated, they calmed down.",0
We held the perimeter and let the negotiator do their job.,0
I had to yell multiple times before he acknowledged me.,0
"He kept reaching for something, but it turned out to be his wallet.",0
"I had my hand on my taser, but he complied just in time.",0
"We had to draw our weapons, but he finally listened to commands.",0
"She was running towards the car, so I yelled for her to stop.",0
"We had to use a loud verbal command, but no force was needed.",0
"I thought we were going to have to go hands-on, but he gave up.",0
"She kept screaming that we were hurting her, but we barely touched her.",0
"They were resisting at first, but once we got them separated, they calmed down.",0
We held the perimeter and let the negotiator do their job.,0
I had to yell multiple times before he acknowledged me.,0
"He kept reaching for something, but it turned out to be his wallet.",0
"I had my hand on my taser, but he complied just in time.",0
"We had to draw our weapons, but he finally listened to commands.",0
"She was running towards the car, so I yelled for her to stop.",0
"We had to use a loud verbal command, but no force was needed.",0
"I thought we were going to have to go hands-on, but he gave up.",0
"She kept screaming that we were hurting her, but we barely touched her.",0
"They were resisting at first, but once we got them separated, they calmed down.",0
We held the perimeter and let the negotiator do their job.,0
I had to yell multiple times before he acknowledged me.,0
"He kept reaching for something, but it turned out to be his wallet.",0
"I had my hand on my taser, but he complied just in time.",0
"We had to draw our weapons, but he finally listened to commands.",0
"She was running towards the car, so I yelled for her to stop.",0
"We had to use a loud verbal command, but no force was needed.",0
"I thought we were going to have to go hands-on, but he gave up.",0
"She kept screaming that we were hurting her, but we barely touched her.",0
"They were resisting at first, but once we got them separated, they calmed down.",0
We held the perimeter and let the negotiator do their job.,0
I had to yell multiple times before he acknowledged me.,0
"He kept reaching for something, but it turned out to be his wallet.",0
"I had my hand on my taser, but he complied just in time.",0
"We had to draw our weapons, but he finally listened to commands.",0
"She was running towards the car, so I yelled for her to stop.",0
"We had to use a loud verbal command, but no force was needed.",0
"I thought we were going to have to go hands-on, but he gave up.",0
"She kept screaming that we were hurting her, but we barely touched her.",0
"They were resisting at first, but once we got them separated, they calmed down.",0
We held the perimeter and let the negotiator do their job.,0
I had to yell multiple times before he acknowledged me.,0
"He kept reaching for something, but it turned out to be his wallet.",0
"I had my hand on my taser, but he complied just in time.",0
"We had to draw our weapons, but he finally listened to commands.",0
"She was running towards the car, so I yelled for her to stop.",0
"We had to use a loud verbal command, but no force was needed.",0
"I thought we were going to have to go hands-on, but he gave up.",0
"She kept screaming that we were hurting her, but we barely touched her.",0
"They were resisting at first, but once we got them separated, they calmed down.",0
We held the perimeter and let the negotiator do their job.,0
I had to yell multiple times before he acknowledged me.,0
"He kept reaching for something, but it turned out to be his wallet.",0
"I had my hand on my taser, but he complied just in time.",0
"We had to draw our weapons, but he finally listened to commands.",0
"She was running towards the car, so I yelled for her to stop.",0
"We had to use a loud verbal command, but no force was needed.",0
"I thought we were going to have to go hands-on, but he gave up.",0
"She kept screaming that we were hurting her, but we barely touched her.",0
"They were resisting at first, but once we got them separated, they calmed down.",0
We held the perimeter and let the negotiator do their job.,0
I had to yell multiple times before he acknowledged me.,0
"He kept reaching for something, but it turned out to be his wallet.",0
"I had my hand on my taser, but he complied just in time.",0
"We had to draw our weapons, but he finally listened to commands.",0
"She was running towards the car, so I yelled for her to stop.",0
"We had to use a loud verbal command, but no force was needed.",0
"I thought we were going to have to go hands-on, but he gave up.",0
"She kept screaming that we were hurting her, but we barely touched her.",0
"They were resisting at first, but once we got them separated, they calmed down.",0
We held the perimeter and let the negotiator do their job.,0
I had to yell multiple times before he acknowledged me.,0
"He kept reaching for something, but it turned out to be his wallet.",0
"I had my hand on my taser, but he complied just in time.",0
"We had to draw our weapons, but he finally listened to commands.",0
"She was running towards the car, so I yelled for her to stop.",0
"We had to use a loud verbal command, but no force was needed.",0
"I thought we were going to have to go hands-on, but he gave up.",0
"She kept screaming that we were hurting her, but we barely touched her.",0
"They were resisting at first, but once we got them separated, they calmed down.",0
We held the perimeter and let the negotiator do their job.,0
I had to yell multiple times before he acknowledged me.,0
"He kept reaching for something, but it turned out to be his wallet.",0
"I had my hand on my taser, but he complied just in time.",0
"We had to draw our weapons, but he finally listened to commands.",0
"She was running towards the car, so I yelled for her to stop.",0
"We had to use a loud verbal command, but no force was needed.",0
"I thought we were going to have to go hands-on, but he gave up.",0
"She kept screaming that we were hurting her, but we barely touched her.",0
"They were resisting at first, but once we got them separated, they calmed down.",0
We held the perimeter and let the negotiator do their job.,0
I had to yell multiple times before he acknowledged me.,0
"He kept reaching for something, but it turned out to be his wallet.",0
"I had my hand on my taser, but he complied just in time.",0
"We had to draw our weapons, but he finally listened to commands.",0
"She was running towards the car, so I yelled for her to stop.",0
"We had to use a loud verbal command, but no force was needed.",0
"I thought we were going to have to go hands-on, but he gave up.",0
"She kept screaming that we were hurting her, but we barely touched her.",0
"They were resisting at first, but once we got them separated, they calmed down.",0
We held the perimeter and let the negotiator do their job.,0
I had to yell multiple times before he acknowledged me.,0
"He kept reaching for something, but it turned out to be his wallet.",0
"I had my hand on my taser, but he complied just in time.",0
"We had to draw our weapons, but he finally listened to commands.",0
"She was running towards the car, so I yelled for her to stop.",0
"We had to use a loud verbal command, but no force was needed.",0
"I thought we were going to have to go hands-on, but he gave up.",0
"She kept screaming that we were hurting her, but we barely touched her.",0
"They were resisting at first, but once we got them separated, they calmed down.",0
We held the perimeter and let the negotiator do their job.,0
I had to yell multiple times before he acknowledged me.,0
"He kept reaching for something, but it turned out to be his wallet.",0
"I had my hand on my taser, but he complied just in time.",0
"We had to draw our weapons, but he finally listened to commands.",0
"She was running towards the car, so I yelled for her to stop.",0
"We had to use a loud verbal command, but no force was needed.",0
"I thought we were going to have to go hands-on, but he gave up.",0
"She kept screaming that we were hurting her, but we barely touched her.",0
"They were resisting at first, but once we got them separated, they calmed down.",0
We held the perimeter and let the negotiator do their job.,0
I had to yell multiple times before he acknowledged me.,0
"He kept reaching for something, but it turned out to be his wallet.",0
"I had my hand on my taser, but he complied just in time.",0
"We had to draw our weapons, but he finally listened to commands.",0
"She was running towards the car, so I yelled for her to stop.",0
"We had to use a loud verbal command, but no force was needed.",0
"I thought we were going to have to go hands-on, but he gave up.",0
"She kept screaming that we were hurting her, but we barely touched her.",0
"They were resisting at first, but once we got them separated, they calmed down.",0
We held the perimeter and let the negotiator do their job.,0
I had to yell multiple times before he acknowledged me.,0
"He kept reaching for something, but it turned out to be his wallet.",0
"I had my hand on my taser, but he complied just in time.",0
"We had to draw our weapons, but he finally listened to commands.",0
"She was running towards the car, so I yelled for her to stop.",0
"We had to use a loud verbal command, but no force was needed.",0
"I thought we were going to have to go hands-on, but he gave up.",0
"She kept screaming that we were hurting her, but we barely touched her.",0
"They were resisting at first, but once we got them separated, they calmed down.",0
We held the perimeter and let the negotiator do their job.,0
I had to yell multiple times before he acknowledged me.,0
"He kept reaching for something, but it turned out to be his wallet.",0
"I had my hand on my taser, but he complied just in time.",0
"We had to draw our weapons, but he finally listened to commands.",0
"She was running towards the car, so I yelled for her to stop.",0
"We had to use a loud verbal command, but no force was needed.",0
"I thought we were going to have to go hands-on, but he gave up.",0
"She kept screaming that we were hurting her, but we barely touched her.",0
"They were resisting at first, but once we got them separated, they calmed down.",0
We held the perimeter and let the negotiator do their job.,0
I had to yell multiple times before he acknowledged me.,0
"He kept reaching for something, but it turned out to be his wallet.",0
"I had my hand on my taser, but he complied just in time.",0
"We had to draw our weapons, but he finally listened to commands.",0
"She was running towards the car, so I yelled for her to stop.",0
"We had to use a loud verbal command, but no force was needed.",0
"I thought we were going to have to go hands-on, but he gave up.",0
"She kept screaming that we were hurting her, but we barely touched her.",0
"They were resisting at first, but once we got them separated, they calmed down.",0
We held the perimeter and let the negotiator do their job.,0
I had to yell multiple times before he acknowledged me.,0
"Sir, put your hands up and step back.",1
"Calm down, we're just here to talk.",1
"We don’t want to escalate this, just listen to us.",1
"Keep your hands where I can see them, and we’ll be fine.",1
I need you to take a deep breath and follow my instructions.,1
"Stop moving, we’re trying to help you.",1
"You’re not in trouble, we just need to figure out what happened.",1
"Let’s keep this simple, no need for things to get out of hand.",1
Lower your voice and let’s talk about this.,1
"We’re not here to hurt you, just comply and everything will be okay.",1
"Sir, put your hands up and step back.",1
"Calm down, we're just here to talk.",1
"We don’t want to escalate this, just listen to us.",1
"Keep your hands where I can see them, and we’ll be fine.",1
I need you to take a deep breath and follow my instructions.,1
"Stop moving, we’re trying to help you.",1
"You’re not in trouble, we just need to figure out what happened.",1
"Let’s keep this simple, no need for things to get out of hand.",1
Lower your voice and let’s talk about this.,1
"We’re not here to hurt you, just comply and everything will be okay.",1
"Sir, put your hands up and step back.",1
"Calm down, we're just here to talk.",1
"We don’t want to escalate this, just listen to us.",1
"Keep your hands where I can see them, and we’ll be fine.",1
I need you to take a deep breath and follow my instructions.,1
"Stop moving, we’re trying to help you.",1
"You’re not in trouble, we just need to figure out what happened.",1
"Let’s keep this simple, no need for things to get out of hand.",1
Lower your voice and let’s talk about this.,1
"We’re not here to hurt you, just comply and everything will be okay.",1
"Sir, put your hands up and step back.",1
"Calm down, we're just here to talk.",1
"We don’t want to escalate this, just listen to us.",1
"Keep your hands where I can see them, and we’ll be fine.",1
I need you to take a deep breath and follow my instructions.,1
"Stop moving, we’re trying to help you.",1
"You’re not in trouble, we just need to figure out what happened.",1
"Let’s keep this simple, no need for things to get out of hand.",1
Lower your voice and let’s talk about this.,1
"We’re not here to hurt you, just comply and everything will be okay.",1
"Sir, put your hands up and step back.",1
"Calm down, we're just here to talk.",1
"We don’t want to escalate this, just listen to us.",1
"Keep your hands where I can see them, and we’ll be fine.",1
I need you to take a deep breath and follow my instructions.,1
"Stop moving, we’re trying to help you.",1
"You’re not in trouble, we just need to figure out what happened.",1
"Let’s keep this simple, no need for things to get out of hand.",1
Lower your voice and let’s talk about this.,1
"We’re not here to hurt you, just comply and everything will be okay.",1
"Sir, put your hands up and step back.",1
"Calm down, we're just here to talk.",1
"We don’t want to escalate this, just listen to us.",1
"Keep your hands where I can see them, and we’ll be fine.",1
I need you to take a deep breath and follow my instructions.,1
"Stop moving, we’re trying to help you.",1
"You’re not in trouble, we just need to figure out what happened.",1
"Let’s keep this simple, no need for things to get out of hand.",1
Lower your voice and let’s talk about this.,1
"We’re not here to hurt you, just comply and everything will be okay.",1
"Sir, put your hands up and step back.",1
"Calm down, we're just here to talk.",1
"We don’t want to escalate this, just listen to us.",1
"Keep your hands where I can see them, and we’ll be fine.",1
I need you to take a deep breath and follow my instructions.,1
"Stop moving, we’re trying to help you.",1
"You’re not in trouble, we just need to figure out what happened.",1
"Let’s keep this simple, no need for things to get out of hand.",1
Lower your voice and let’s talk about this.,1
"We’re not here to hurt you, just comply and everything will be okay.",1
"Sir, put your hands up and step back.",1
"Calm down, we're just here to talk.",1
"We don’t want to escalate this, just listen to us.",1
"Keep your hands where I can see them, and we’ll be fine.",1
I need you to take a deep breath and follow my instructions.,1
"Stop moving, we’re trying to help you.",1
"You’re not in trouble, we just need to figure out what happened.",1
"Let’s keep this simple, no need for things to get out of hand.",1
Lower your voice and let’s talk about this.,1
"We’re not here to hurt you, just comply and everything will be okay.",1
"Sir, put your hands up and step back.",1
"Calm down, we're just here to talk.",1
"We don’t want to escalate this, just listen to us.",1
"Keep your hands where I can see them, and we’ll be fine.",1
I need you to take a deep breath and follow my instructions.,1
"Stop moving, we’re trying to help you.",1
"You’re not in trouble, we just need to figure out what happened.",1
"Let’s keep this simple, no need for things to get out of hand.",1
Lower your voice and let’s talk about this.,1
"We’re not here to hurt you, just comply and everything will be okay.",1
"Sir, put your hands up and step back.",1
"Calm down, we're just here to talk.",1
"We don’t want to escalate this, just listen to us.",1
"Keep your hands where I can see them, and we’ll be fine.",1
I need you to take a deep breath and follow my instructions.,1
"Stop moving, we’re trying to help you.",1
"You’re not in trouble, we just need to figure out what happened.",1
"Let’s keep this simple, no need for things to get out of hand.",1
Lower your voice and let’s talk about this.,1
"We’re not here to hurt you, just comply and everything will be okay.",1
"Sir, put your hands up and step back.",1
"Calm down, we're just here to talk.",1
"We don’t want to escalate this, just listen to us.",1
"Keep your hands where I can see them, and we’ll be fine.",1
I need you to take a deep breath and follow my instructions.,1
"Stop moving, we’re trying to help you.",1
"You’re not in trouble, we just need to figure out what happened.",1
"Let’s keep this simple, no need for things to get out of hand.",1
Lower your voice and let’s talk about this.,1
"We’re not here to hurt you, just comply and everything will be okay.",1
"Sir, put your hands up and step back.",1
"Calm down, we're just here to talk.",1
"We don’t want to escalate this, just listen to us.",1
"Keep your hands where I can see them, and we’ll be fine.",1
I need you to take a deep breath and follow my instructions.,1
"Stop moving, we’re trying to help you.",1
"You’re not in trouble, we just need to figure out what happened.",1
"Let’s keep this simple, no need for things to get out of hand.",1
Lower your voice and let’s talk about this.,1
"We’re not here to hurt you, just comply and everything will be okay.",1
"Sir, put your hands up and step back.",1
"Calm down, we're just here to talk.",1
"We don’t want to escalate this, just listen to us.",1
"Keep your hands where I can see them, and we’ll be fine.",1
I need you to take a deep breath and follow my instructions.,1
"Stop moving, we’re trying to help you.",1
"You’re not in trouble, we just need to figure out what happened.",1
"Let’s keep this simple, no need for things to get out of hand.",1
Lower your voice and let’s talk about this.,1
"We’re not here to hurt you, just comply and everything will be okay.",1
"Sir, put your hands up and step back.",1
"Calm down, we're just here to talk.",1
"We don’t want to escalate this, just listen to us.",1
"Keep your hands where I can see them, and we’ll be fine.",1
I need you to take a deep breath and follow my instructions.,1
"Stop moving, we’re trying to help you.",1
"You’re not in trouble, we just need to figure out what happened.",1
"Let’s keep this simple, no need for things to get out of hand.",1
Lower your voice and let’s talk about this.,1
"We’re not here to hurt you, just comply and everything will be okay.",1
"Sir, put your hands up and step back.",1
"Calm down, we're just here to talk.",1
"We don’t want to escalate this, just listen to us.",1
"Keep your hands where I can see them, and we’ll be fine.",1
I need you to take a deep breath and follow my instructions.,1
"Stop moving, we’re trying to help you.",1
"You’re not in trouble, we just need to figure out what happened.",1
"Let’s keep this simple, no need for things to get out of hand.",1
Lower your voice and let’s talk about this.,1
"We’re not here to hurt you, just comply and everything will be okay.",1
"Sir, put your hands up and step back.",1
"Calm down, we're just here to talk.",1
"We don’t want to escalate this, just listen to us.",1
"Keep your hands where I can see them, and we’ll be fine.",1
I need you to take a deep breath and follow my instructions.,1
"Stop moving, we’re trying to help you.",1
"You’re not in trouble, we just need to figure out what happened.",1
"Let’s keep this simple, no need for things to get out of hand.",1
Lower your voice and let’s talk about this.,1
"We’re not here to hurt you, just comply and everything will be okay.",1
"Sir, put your hands up and step back.",1
"Calm down, we're just here to talk.",1
"We don’t want to escalate this, just listen to us.",1
"Keep your hands where I can see them, and we’ll be fine.",1
I need you to take a deep breath and follow my instructions.,1
"Stop moving, we’re trying to help you.",1
"You’re not in trouble, we just need to figure out what happened.",1
"Let’s keep this simple, no need for things to get out of hand.",1
Lower your voice and let’s talk about this.,1
"We’re not here to hurt you, just comply and everything will be okay.",1
"Sir, put your hands up and step back.",1
"Calm down, we're just here to talk.",1
"We don’t want to escalate this, just listen to us.",1
"Keep your hands where I can see them, and we’ll be fine.",1
I need you to take a deep breath and follow my instructions.,1
"Stop moving, we’re trying to help you.",1
"You’re not in trouble, we just need to figure out what happened.",1
"Let’s keep this simple, no need for things to get out of hand.",1
Lower your voice and let’s talk about this.,1
"We’re not here to hurt you, just comply and everything will be okay.",1
"Sir, put your hands up and step back.",1
"Calm down, we're just here to talk.",1
"We don’t want to escalate this, just listen to us.",1
"Keep your hands where I can see them, and we’ll be fine.",1
I need you to take a deep breath and follow my instructions.,1
"Stop moving, we’re trying to help you.",1
"You’re not in trouble, we just need to figure out what happened.",1
"Let’s keep this simple, no need for things to get out of hand.",1
Lower your voice and let’s talk about this.,1
"We’re not here to hurt you, just comply and everything will be okay.",1
"Sir, put your hands up and step back.",1
"Calm down, we're just here to talk.",1
"We don’t want to escalate this, just listen to us.",1
"Keep your hands where I can see them, and we’ll be fine.",1
I need you to take a deep breath and follow my instructions.,1
"Stop moving, we’re trying to help you.",1
"You’re not in trouble, we just need to figure out what happened.",1
"Let’s keep this simple, no need for things to get out of hand.",1
Lower your voice and let’s talk about this.,1
"We’re not here to hurt you, just comply and everything will be okay.",1
